{"type": "FeatureCollection", "features": [{"type": "Feature", "geometry": {"type": "Polygon", "coordinates": [[[49.905975658364575, 26.449779334703887], [49.905975658364575, 26.452025112641362], [49.90380093544655, 26.453148001610103], [49.90162621252852, 26.452025112641362], [49.90162621252852, 26.449779334703887], [49.90380093544655, 26.448656445735146], [49.905975658364575, 26.449779334703887]]]}, "properties": {"congestion_score": 1.0, "congestion_level": "free_flow", "color": "rgb(43,200,43)", "road_pixel_count": 96}}, {"type": "Feature", "geometry": {"type": "Polygon", "coordinates": [[[49.971217345905316, 26.449779334703887], [49.971217345905316, 26.452025112641362], [49.969042622987295, 26.453148001610103], [49.96686790006927, 26.452025112641362], [49.96686790006927, 26.449779334703887], [49.969042622987295, 26.448656445735146], [49.971217345905316, 26.449779334703887]]]}, "properties": {"congestion_score": 0.901, "congestion_level": "light_congestion", "color": "rgb(255,255,55)", "road_pixel_count": 611}}, {"type": "Feature", "geometry": {"type": "Polygon", "coordinates": [[[49.97991623757742, 26.449779334703887], [49.97991623757742, 26.452025112641362], [49.97774151465939, 26.453148001610103], [49.97556679174137, 26.452025112641362], [49.97556679174137, 26.449779334703887], [49.97774151465939, 26.448656445735146], [49.97991623757742, 26.449779334703887]]]}, "properties": {"congestion_score": 1.0, "congestion_level": "free_flow", "color": "rgb(43,200,43)", "road_pixel_count": 384}}, {"type": "Feature", "geometry": {"type": "Polygon", "coordinates": [[[49.98426568341347, 26.449779334703887], [49.98426568341347, 26.452025112641362], [49.98209096049544, 26.453148001610103], [49.97991623757742, 26.452025112641362], [49.97991623757742, 26.449779334703887], [49.98209096049544, 26.448656445735146], [49.98426568341347, 26.449779334703887]]]}, "properties": {"congestion_score": 0.844, "congestion_level": "light_congestion", "color": "rgb(255,255,55)", "road_pixel_count": 763}}, {"type": "Feature", "geometry": {"type": "Polygon", "coordinates": [[[49.99731402092162, 26.449779334703887], [49.99731402092162, 26.452025112641362], [49.99513929800359, 26.453148001610103], [49.992964575085566, 26.452025112641362], [49.992964575085566, 26.449779334703887], [49.99513929800359, 26.448656445735146], [49.99731402092162, 26.449779334703887]]]}, "properties": {"congestion_score": 1.0, "congestion_level": "free_flow", "color": "rgb(43,200,43)", "road_pixel_count": 233}}, {"type": "Feature", "geometry": {"type": "Polygon", "coordinates": [[[50.00166346675767, 26.449779334703887], [50.00166346675767, 26.452025112641362], [49.99948874383964, 26.453148001610103], [49.99731402092162, 26.452025112641362], [49.99731402092162, 26.449779334703887], [49.99948874383964, 26.448656445735146], [50.00166346675767, 26.449779334703887]]]}, "properties": {"congestion_score": 1.0, "congestion_level": "free_flow", "color": "rgb(43,200,43)", "road_pixel_count": 424}}, {"type": "Feature", "geometry": {"type": "Polygon", "coordinates": [[[50.01036235842977, 26.449779334703887], [50.01036235842977, 26.452025112641362], [50.008187635511746, 26.453148001610103], [50.00601291259372, 26.452025112641362], [50.00601291259372, 26.449779334703887], [50.008187635511746, 26.448656445735146], [50.01036235842977, 26.449779334703887]]]}, "properties": {"congestion_score": 1.0, "congestion_level": "free_flow", "color": "rgb(43,200,43)", "road_pixel_count": 176}}, {"type": "Feature", "geometry": {"type": "Polygon", "coordinates": [[[50.014711804265815, 26.449779334703887], [50.014711804265815, 26.452025112641362], [50.012537081347794, 26.453148001610103], [50.01036235842977, 26.452025112641362], [50.01036235842977, 26.449779334703887], [50.012537081347794, 26.448656445735146], [50.014711804265815, 26.449779334703887]]]}, "properties": {"congestion_score": 1.0, "congestion_level": "free_flow", "color": "rgb(43,200,43)", "road_pixel_count": 1120}}, {"type": "Feature", "geometry": {"type": "Polygon", "coordinates": [[[50.02341069593792, 26.449779334703887], [50.02341069593792, 26.452025112641362], [50.02123597301989, 26.453148001610103], [50.01906125010187, 26.452025112641362], [50.01906125010187, 26.449779334703887], [50.02123597301989, 26.448656445735146], [50.02341069593792, 26.449779334703887]]]}, "properties": {"congestion_score": 0.921, "congestion_level": "light_congestion", "color": "rgb(255,255,55)", "road_pixel_count": 1206}}, {"type": "Feature", "geometry": {"type": "Polygon", "coordinates": [[[50.02776014177397, 26.449779334703887], [50.02776014177397, 26.452025112641362], [50.02558541885594, 26.453148001610103], [50.02341069593792, 26.452025112641362], [50.02341069593792, 26.449779334703887], [50.02558541885594, 26.448656445735146], [50.02776014177397, 26.449779334703887]]]}, "properties": {"congestion_score": 0.979, "congestion_level": "free_flow", "color": "rgb(43,200,43)", "road_pixel_count": 239}}, {"type": "Feature", "geometry": {"type": "Polygon", "coordinates": [[[50.032109587610016, 26.449779334703887], [50.032109587610016, 26.452025112641362], [50.02993486469199, 26.453148001610103], [50.02776014177397, 26.452025112641362], [50.02776014177397, 26.449779334703887], [50.02993486469199, 26.448656445735146], [50.032109587610016, 26.449779334703887]]]}, "properties": {"congestion_score": 0.991, "congestion_level": "free_flow", "color": "rgb(43,200,43)", "road_pixel_count": 428}}, {"type": "Feature", "geometry": {"type": "Polygon", "coordinates": [[[50.036459033446064, 26.449779334703887], [50.036459033446064, 26.452025112641362], [50.034284310528044, 26.453148001610103], [50.032109587610016, 26.452025112641362], [50.032109587610016, 26.449779334703887], [50.034284310528044, 26.448656445735146], [50.036459033446064, 26.449779334703887]]]}, "properties": {"congestion_score": 0.974, "congestion_level": "free_flow", "color": "rgb(43,200,43)", "road_pixel_count": 494}}, {"type": "Feature", "geometry": {"type": "Polygon", "coordinates": [[[50.04080847928211, 26.449779334703887], [50.04080847928211, 26.452025112641362], [50.03863375636409, 26.453148001610103], [50.036459033446064, 26.452025112641362], [50.036459033446064, 26.449779334703887], [50.03863375636409, 26.448656445735146], [50.04080847928211, 26.449779334703887]]]}, "properties": {"congestion_score": 0.886, "congestion_level": "light_congestion", "color": "rgb(255,255,55)", "road_pixel_count": 1479}}, {"type": "Feature", "geometry": {"type": "Polygon", "coordinates": [[[50.04515792511817, 26.449779334703887], [50.04515792511817, 26.452025112641362], [50.04298320220014, 26.453148001610103], [50.04080847928211, 26.452025112641362], [50.04080847928211, 26.449779334703887], [50.04298320220014, 26.448656445735146], [50.04515792511817, 26.449779334703887]]]}, "properties": {"congestion_score": 0.77, "congestion_level": "light_congestion", "color": "rgb(255,255,55)", "road_pixel_count": 283}}, {"type": "Feature", "geometry": {"type": "Polygon", "coordinates": [[[50.04950737095422, 26.449779334703887], [50.04950737095422, 26.452025112641362], [50.04733264803619, 26.453148001610103], [50.04515792511817, 26.452025112641362], [50.04515792511817, 26.449779334703887], [50.04733264803619, 26.448656445735146], [50.04950737095422, 26.449779334703887]]]}, "properties": {"congestion_score": 0.785, "congestion_level": "light_congestion", "color": "rgb(255,255,55)", "road_pixel_count": 180}}, {"type": "Feature", "geometry": {"type": "Polygon", "coordinates": [[[50.053856816790265, 26.449779334703887], [50.053856816790265, 26.452025112641362], [50.05168209387224, 26.453148001610103], [50.04950737095422, 26.452025112641362], [50.04950737095422, 26.449779334703887], [50.05168209387224, 26.448656445735146], [50.053856816790265, 26.449779334703887]]]}, "properties": {"congestion_score": 0.708, "congestion_level": "light_congestion", "color": "rgb(255,255,55)", "road_pixel_count": 841}}, {"type": "Feature", "geometry": {"type": "Polygon", "coordinates": [[[50.058206262626314, 26.449779334703887], [50.058206262626314, 26.452025112641362], [50.05603153970829, 26.453148001610103], [50.053856816790265, 26.452025112641362], [50.053856816790265, 26.449779334703887], [50.05603153970829, 26.448656445735146], [50.058206262626314, 26.449779334703887]]]}, "properties": {"congestion_score": 1.0, "congestion_level": "free_flow", "color": "rgb(43,200,43)", "road_pixel_count": 164}}, {"type": "Feature", "geometry": {"type": "Polygon", "coordinates": [[[50.06255570846236, 26.449779334703887], [50.06255570846236, 26.452025112641362], [50.06038098554434, 26.453148001610103], [50.058206262626314, 26.452025112641362], [50.058206262626314, 26.449779334703887], [50.06038098554434, 26.448656445735146], [50.06255570846236, 26.449779334703887]]]}, "properties": {"congestion_score": 0.887, "congestion_level": "light_congestion", "color": "rgb(255,255,55)", "road_pixel_count": 854}}, {"type": "Feature", "geometry": {"type": "Polygon", "coordinates": [[[50.06690515429842, 26.449779334703887], [50.06690515429842, 26.452025112641362], [50.06473043138039, 26.453148001610103], [50.06255570846236, 26.452025112641362], [50.06255570846236, 26.449779334703887], [50.06473043138039, 26.448656445735146], [50.06690515429842, 26.449779334703887]]]}, "properties": {"congestion_score": 0.916, "congestion_level": "light_congestion", "color": "rgb(255,255,55)", "road_pixel_count": 776}}, {"type": "Feature", "geometry": {"type": "Polygon", "coordinates": [[[50.071254600134466, 26.449779334703887], [50.071254600134466, 26.452025112641362], [50.06907987721644, 26.453148001610103], [50.06690515429842, 26.452025112641362], [50.06690515429842, 26.449779334703887], [50.06907987721644, 26.448656445735146], [50.071254600134466, 26.449779334703887]]]}, "properties": {"congestion_score": 0.999, "congestion_level": "free_flow", "color": "rgb(43,200,43)", "road_pixel_count": 935}}, {"type": "Feature", "geometry": {"type": "Polygon", "coordinates": [[[50.075604045970515, 26.449779334703887], [50.075604045970515, 26.452025112641362], [50.07342932305249, 26.453148001610103], [50.071254600134466, 26.452025112641362], [50.071254600134466, 26.449779334703887], [50.07342932305249, 26.448656445735146], [50.075604045970515, 26.449779334703887]]]}, "properties": {"congestion_score": 0.999, "congestion_level": "free_flow", "color": "rgb(43,200,43)", "road_pixel_count": 1253}}, {"type": "Feature", "geometry": {"type": "Polygon", "coordinates": [[[50.07995349180656, 26.449779334703887], [50.07995349180656, 26.452025112641362], [50.07777876888854, 26.453148001610103], [50.075604045970515, 26.452025112641362], [50.075604045970515, 26.449779334703887], [50.07777876888854, 26.448656445735146], [50.07995349180656, 26.449779334703887]]]}, "properties": {"congestion_score": 0.985, "congestion_level": "free_flow", "color": "rgb(43,200,43)", "road_pixel_count": 1173}}, {"type": "Feature", "geometry": {"type": "Polygon", "coordinates": [[[50.08430293764261, 26.449779334703887], [50.08430293764261, 26.452025112641362], [50.08212821472459, 26.453148001610103], [50.07995349180656, 26.452025112641362], [50.07995349180656, 26.449779334703887], [50.08212821472459, 26.448656445735146], [50.08430293764261, 26.449779334703887]]]}, "properties": {"congestion_score": 0.966, "congestion_level": "free_flow", "color": "rgb(43,200,43)", "road_pixel_count": 700}}, {"type": "Feature", "geometry": {"type": "Polygon", "coordinates": [[[50.08865238347867, 26.449779334703887], [50.08865238347867, 26.452025112641362], [50.08647766056064, 26.453148001610103], [50.08430293764261, 26.452025112641362], [50.08430293764261, 26.449779334703887], [50.08647766056064, 26.448656445735146], [50.08865238347867, 26.449779334703887]]]}, "properties": {"congestion_score": 1.0, "congestion_level": "free_flow", "color": "rgb(43,200,43)", "road_pixel_count": 151}}, {"type": "Feature", "geometry": {"type": "Polygon", "coordinates": [[[50.093001829314716, 26.449779334703887], [50.093001829314716, 26.452025112641362], [50.09082710639669, 26.453148001610103], [50.08865238347867, 26.452025112641362], [50.08865238347867, 26.449779334703887], [50.09082710639669, 26.448656445735146], [50.093001829314716, 26.449779334703887]]]}, "properties": {"congestion_score": 1.0, "congestion_level": "free_flow", "color": "rgb(43,200,43)", "road_pixel_count": 968}}, {"type": "Feature", "geometry": {"type": "Polygon", "coordinates": [[[50.097351275150764, 26.449779334703887], [50.097351275150764, 26.452025112641362], [50.095176552232736, 26.453148001610103], [50.093001829314716, 26.452025112641362], [50.093001829314716, 26.449779334703887], [50.095176552232736, 26.448656445735146], [50.097351275150764, 26.449779334703887]]]}, "properties": {"congestion_score": 0.926, "congestion_level": "light_congestion", "color": "rgb(255,255,55)", "road_pixel_count": 539}}, {"type": "Feature", "geometry": {"type": "Polygon", "coordinates": [[[50.10170072098681, 26.449779334703887], [50.10170072098681, 26.452025112641362], [50.099525998068785, 26.453148001610103], [50.097351275150764, 26.452025112641362], [50.097351275150764, 26.449779334703887], [50.099525998068785, 26.448656445735146], [50.10170072098681, 26.449779334703887]]]}, "properties": {"congestion_score": 0.972, "congestion_level": "free_flow", "color": "rgb(43,200,43)", "road_pixel_count": 600}}, {"type": "Feature", "geometry": {"type": "Polygon", "coordinates": [[[50.10605016682286, 26.449779334703887], [50.10605016682286, 26.452025112641362], [50.10387544390484, 26.453148001610103], [50.10170072098681, 26.452025112641362], [50.10170072098681, 26.449779334703887], [50.10387544390484, 26.448656445735146], [50.10605016682286, 26.449779334703887]]]}, "properties": {"congestion_score": 0.945, "congestion_level": "light_congestion", "color": "rgb(255,255,55)", "road_pixel_count": 546}}, {"type": "Feature", "geometry": {"type": "Polygon", "coordinates": [[[50.11039961265891, 26.449779334703887], [50.11039961265891, 26.452025112641362], [50.10822488974089, 26.453148001610103], [50.10605016682286, 26.452025112641362], [50.10605016682286, 26.449779334703887], [50.10822488974089, 26.448656445735146], [50.11039961265891, 26.449779334703887]]]}, "properties": {"congestion_score": 0.974, "congestion_level": "free_flow", "color": "rgb(43,200,43)", "road_pixel_count": 1023}}, {"type": "Feature", "geometry": {"type": "Polygon", "coordinates": [[[50.114749058494965, 26.449779334703887], [50.114749058494965, 26.452025112641362], [50.11257433557694, 26.453148001610103], [50.11039961265891, 26.452025112641362], [50.11039961265891, 26.449779334703887], [50.11257433557694, 26.448656445735146], [50.114749058494965, 26.449779334703887]]]}, "properties": {"congestion_score": 0.936, "congestion_level": "light_congestion", "color": "rgb(255,255,55)", "road_pixel_count": 381}}, {"type": "Feature", "geometry": {"type": "Polygon", "coordinates": [[[50.11909850433101, 26.449779334703887], [50.11909850433101, 26.452025112641362], [50.116923781412986, 26.453148001610103], [50.114749058494965, 26.452025112641362], [50.114749058494965, 26.449779334703887], [50.116923781412986, 26.448656445735146], [50.11909850433101, 26.449779334703887]]]}, "properties": {"congestion_score": 1.0, "congestion_level": "free_flow", "color": "rgb(43,200,43)", "road_pixel_count": 898}}, {"type": "Feature", "geometry": {"type": "Polygon", "coordinates": [[[50.12344795016706, 26.449779334703887], [50.12344795016706, 26.452025112641362], [50.121273227249034, 26.453148001610103], [50.11909850433101, 26.452025112641362], [50.11909850433101, 26.449779334703887], [50.121273227249034, 26.448656445735146], [50.12344795016706, 26.449779334703887]]]}, "properties": {"congestion_score": 0.93, "congestion_level": "light_congestion", "color": "rgb(255,255,55)", "road_pixel_count": 730}}, {"type": "Feature", "geometry": {"type": "Polygon", "coordinates": [[[50.12779739600311, 26.449779334703887], [50.12779739600311, 26.452025112641362], [50.12562267308509, 26.453148001610103], [50.12344795016706, 26.452025112641362], [50.12344795016706, 26.449779334703887], [50.12562267308509, 26.448656445735146], [50.12779739600311, 26.449779334703887]]]}, "properties": {"congestion_score": 0.903, "congestion_level": "light_congestion", "color": "rgb(255,255,55)", "road_pixel_count": 826}}, {"type": "Feature", "geometry": {"type": "Polygon", "coordinates": [[[50.13214684183916, 26.449779334703887], [50.13214684183916, 26.452025112641362], [50.12997211892114, 26.453148001610103], [50.12779739600311, 26.452025112641362], [50.12779739600311, 26.449779334703887], [50.12997211892114, 26.448656445735146], [50.13214684183916, 26.449779334703887]]]}, "properties": {"congestion_score": 0.972, "congestion_level": "free_flow", "color": "rgb(43,200,43)", "road_pixel_count": 1432}}, {"type": "Feature", "geometry": {"type": "Polygon", "coordinates": [[[50.136496287675214, 26.449779334703887], [50.136496287675214, 26.452025112641362], [50.13432156475719, 26.453148001610103], [50.13214684183916, 26.452025112641362], [50.13214684183916, 26.449779334703887], [50.13432156475719, 26.448656445735146], [50.136496287675214, 26.449779334703887]]]}, "properties": {"congestion_score": 1.0, "congestion_level": "free_flow", "color": "rgb(43,200,43)", "road_pixel_count": 219}}, {"type": "Feature", "geometry": {"type": "Polygon", "coordinates": [[[49.969042622987295, 26.453148001610103], [49.969042622987295, 26.45539377954758], [49.96686790006927, 26.45651666851632], [49.96469317715125, 26.45539377954758], [49.96469317715125, 26.453148001610103], [49.96686790006927, 26.452025112641362], [49.969042622987295, 26.453148001610103]]]}, "properties": {"congestion_score": 0.828, "congestion_level": "light_congestion", "color": "rgb(255,255,55)", "road_pixel_count": 508}}, {"type": "Feature", "geometry": {"type": "Polygon", "coordinates": [[[49.973392068823344, 26.453148001610103], [49.973392068823344, 26.45539377954758], [49.971217345905316, 26.45651666851632], [49.969042622987295, 26.45539377954758], [49.969042622987295, 26.453148001610103], [49.971217345905316, 26.452025112641362], [49.973392068823344, 26.453148001610103]]]}, "properties": {"congestion_score": 1.0, "congestion_level": "free_flow", "color": "rgb(43,200,43)", "road_pixel_count": 383}}, {"type": "Feature", "geometry": {"type": "Polygon", "coordinates": [[[49.98209096049544, 26.453148001610103], [49.98209096049544, 26.45539377954758], [49.97991623757742, 26.45651666851632], [49.97774151465939, 26.45539377954758], [49.97774151465939, 26.453148001610103], [49.97991623757742, 26.452025112641362], [49.98209096049544, 26.453148001610103]]]}, "properties": {"congestion_score": 0.674, "congestion_level": "light_congestion", "color": "rgb(255,255,55)", "road_pixel_count": 1093}}, {"type": "Feature", "geometry": {"type": "Polygon", "coordinates": [[[49.986440406331496, 26.453148001610103], [49.986440406331496, 26.45539377954758], [49.98426568341347, 26.45651666851632], [49.98209096049544, 26.45539377954758], [49.98209096049544, 26.453148001610103], [49.98426568341347, 26.452025112641362], [49.986440406331496, 26.453148001610103]]]}, "properties": {"congestion_score": 0.995, "congestion_level": "free_flow", "color": "rgb(43,200,43)", "road_pixel_count": 634}}, {"type": "Feature", "geometry": {"type": "Polygon", "coordinates": [[[49.99513929800359, 26.453148001610103], [49.99513929800359, 26.45539377954758], [49.992964575085566, 26.45651666851632], [49.990789852167545, 26.45539377954758], [49.990789852167545, 26.453148001610103], [49.992964575085566, 26.452025112641362], [49.99513929800359, 26.453148001610103]]]}, "properties": {"congestion_score": 0.984, "congestion_level": "free_flow", "color": "rgb(43,200,43)", "road_pixel_count": 790}}, {"type": "Feature", "geometry": {"type": "Polygon", "coordinates": [[[49.99948874383964, 26.453148001610103], [49.99948874383964, 26.45539377954758], [49.99731402092162, 26.45651666851632], [49.99513929800359, 26.45539377954758], [49.99513929800359, 26.453148001610103], [49.99731402092162, 26.452025112641362], [49.99948874383964, 26.453148001610103]]]}, "properties": {"congestion_score": 0.984, "congestion_level": "free_flow", "color": "rgb(43,200,43)", "road_pixel_count": 1248}}, {"type": "Feature", "geometry": {"type": "Polygon", "coordinates": [[[50.012537081347794, 26.453148001610103], [50.012537081347794, 26.45539377954758], [50.01036235842977, 26.45651666851632], [50.008187635511746, 26.45539377954758], [50.008187635511746, 26.453148001610103], [50.01036235842977, 26.452025112641362], [50.012537081347794, 26.453148001610103]]]}, "properties": {"congestion_score": 0.993, "congestion_level": "free_flow", "color": "rgb(43,200,43)", "road_pixel_count": 2888}}, {"type": "Feature", "geometry": {"type": "Polygon", "coordinates": [[[50.01688652718384, 26.453148001610103], [50.01688652718384, 26.45539377954758], [50.014711804265815, 26.45651666851632], [50.012537081347794, 26.45539377954758], [50.012537081347794, 26.453148001610103], [50.014711804265815, 26.452025112641362], [50.01688652718384, 26.453148001610103]]]}, "properties": {"congestion_score": 1.0, "congestion_level": "free_flow", "color": "rgb(43,200,43)", "road_pixel_count": 9}}, {"type": "Feature", "geometry": {"type": "Polygon", "coordinates": [[[50.02123597301989, 26.453148001610103], [50.02123597301989, 26.45539377954758], [50.01906125010187, 26.45651666851632], [50.01688652718384, 26.45539377954758], [50.01688652718384, 26.453148001610103], [50.01906125010187, 26.452025112641362], [50.02123597301989, 26.453148001610103]]]}, "properties": {"congestion_score": 0.895, "congestion_level": "light_congestion", "color": "rgb(255,255,55)", "road_pixel_count": 1417}}, {"type": "Feature", "geometry": {"type": "Polygon", "coordinates": [[[50.02558541885594, 26.453148001610103], [50.02558541885594, 26.45539377954758], [50.02341069593792, 26.45651666851632], [50.02123597301989, 26.45539377954758], [50.02123597301989, 26.453148001610103], [50.02341069593792, 26.452025112641362], [50.02558541885594, 26.453148001610103]]]}, "properties": {"congestion_score": 0.991, "congestion_level": "free_flow", "color": "rgb(43,200,43)", "road_pixel_count": 974}}, {"type": "Feature", "geometry": {"type": "Polygon", "coordinates": [[[50.02993486469199, 26.453148001610103], [50.02993486469199, 26.45539377954758], [50.02776014177397, 26.45651666851632], [50.02558541885594, 26.45539377954758], [50.02558541885594, 26.453148001610103], [50.02776014177397, 26.452025112641362], [50.02993486469199, 26.453148001610103]]]}, "properties": {"congestion_score": 1.0, "congestion_level": "free_flow", "color": "rgb(43,200,43)", "road_pixel_count": 963}}, {"type": "Feature", "geometry": {"type": "Polygon", "coordinates": [[[50.034284310528044, 26.453148001610103], [50.034284310528044, 26.45539377954758], [50.032109587610016, 26.45651666851632], [50.02993486469199, 26.45539377954758], [50.02993486469199, 26.453148001610103], [50.032109587610016, 26.452025112641362], [50.034284310528044, 26.453148001610103]]]}, "properties": {"congestion_score": 0.851, "congestion_level": "light_congestion", "color": "rgb(255,255,55)", "road_pixel_count": 328}}, {"type": "Feature", "geometry": {"type": "Polygon", "coordinates": [[[50.03863375636409, 26.453148001610103], [50.03863375636409, 26.45539377954758], [50.036459033446064, 26.45651666851632], [50.034284310528044, 26.45539377954758], [50.034284310528044, 26.453148001610103], [50.036459033446064, 26.452025112641362], [50.03863375636409, 26.453148001610103]]]}, "properties": {"congestion_score": 0.898, "congestion_level": "light_congestion", "color": "rgb(255,255,55)", "road_pixel_count": 2369}}, {"type": "Feature", "geometry": {"type": "Polygon", "coordinates": [[[50.04298320220014, 26.453148001610103], [50.04298320220014, 26.45539377954758], [50.04080847928211, 26.45651666851632], [50.03863375636409, 26.45539377954758], [50.03863375636409, 26.453148001610103], [50.04080847928211, 26.452025112641362], [50.04298320220014, 26.453148001610103]]]}, "properties": {"congestion_score": 0.802, "congestion_level": "light_congestion", "color": "rgb(255,255,55)", "road_pixel_count": 1984}}, {"type": "Feature", "geometry": {"type": "Polygon", "coordinates": [[[50.04733264803619, 26.453148001610103], [50.04733264803619, 26.45539377954758], [50.04515792511817, 26.45651666851632], [50.04298320220014, 26.45539377954758], [50.04298320220014, 26.453148001610103], [50.04515792511817, 26.452025112641362], [50.04733264803619, 26.453148001610103]]]}, "properties": {"congestion_score": 0.685, "congestion_level": "light_congestion", "color": "rgb(255,255,55)", "road_pixel_count": 1215}}, {"type": "Feature", "geometry": {"type": "Polygon", "coordinates": [[[50.05168209387224, 26.453148001610103], [50.05168209387224, 26.45539377954758], [50.04950737095422, 26.45651666851632], [50.04733264803619, 26.45539377954758], [50.04733264803619, 26.453148001610103], [50.04950737095422, 26.452025112641362], [50.05168209387224, 26.453148001610103]]]}, "properties": {"congestion_score": 0.824, "congestion_level": "light_congestion", "color": "rgb(255,255,55)", "road_pixel_count": 1225}}, {"type": "Feature", "geometry": {"type": "Polygon", "coordinates": [[[50.05603153970829, 26.453148001610103], [50.05603153970829, 26.45539377954758], [50.053856816790265, 26.45651666851632], [50.05168209387224, 26.45539377954758], [50.05168209387224, 26.453148001610103], [50.053856816790265, 26.452025112641362], [50.05603153970829, 26.453148001610103]]]}, "properties": {"congestion_score": 0.937, "congestion_level": "light_congestion", "color": "rgb(255,255,55)", "road_pixel_count": 2206}}, {"type": "Feature", "geometry": {"type": "Polygon", "coordinates": [[[50.06038098554434, 26.453148001610103], [50.06038098554434, 26.45539377954758], [50.058206262626314, 26.45651666851632], [50.05603153970829, 26.45539377954758], [50.05603153970829, 26.453148001610103], [50.058206262626314, 26.452025112641362], [50.06038098554434, 26.453148001610103]]]}, "properties": {"congestion_score": 0.963, "congestion_level": "free_flow", "color": "rgb(43,200,43)", "road_pixel_count": 1850}}, {"type": "Feature", "geometry": {"type": "Polygon", "coordinates": [[[50.06473043138039, 26.453148001610103], [50.06473043138039, 26.45539377954758], [50.06255570846236, 26.45651666851632], [50.06038098554434, 26.45539377954758], [50.06038098554434, 26.453148001610103], [50.06255570846236, 26.452025112641362], [50.06473043138039, 26.453148001610103]]]}, "properties": {"congestion_score": 0.924, "congestion_level": "light_congestion", "color": "rgb(255,255,55)", "road_pixel_count": 2687}}, {"type": "Feature", "geometry": {"type": "Polygon", "coordinates": [[[50.06907987721644, 26.453148001610103], [50.06907987721644, 26.45539377954758], [50.06690515429842, 26.45651666851632], [50.06473043138039, 26.45539377954758], [50.06473043138039, 26.453148001610103], [50.06690515429842, 26.452025112641362], [50.06907987721644, 26.453148001610103]]]}, "properties": {"congestion_score": 1.0, "congestion_level": "free_flow", "color": "rgb(43,200,43)", "road_pixel_count": 1332}}, {"type": "Feature", "geometry": {"type": "Polygon", "coordinates": [[[50.07342932305249, 26.453148001610103], [50.07342932305249, 26.45539377954758], [50.071254600134466, 26.45651666851632], [50.06907987721644, 26.45539377954758], [50.06907987721644, 26.453148001610103], [50.071254600134466, 26.452025112641362], [50.07342932305249, 26.453148001610103]]]}, "properties": {"congestion_score": 0.999, "congestion_level": "free_flow", "color": "rgb(43,200,43)", "road_pixel_count": 816}}, {"type": "Feature", "geometry": {"type": "Polygon", "coordinates": [[[50.07777876888854, 26.453148001610103], [50.07777876888854, 26.45539377954758], [50.075604045970515, 26.45651666851632], [50.07342932305249, 26.45539377954758], [50.07342932305249, 26.453148001610103], [50.075604045970515, 26.452025112641362], [50.07777876888854, 26.453148001610103]]]}, "properties": {"congestion_score": 0.939, "congestion_level": "light_congestion", "color": "rgb(255,255,55)", "road_pixel_count": 1124}}, {"type": "Feature", "geometry": {"type": "Polygon", "coordinates": [[[50.08212821472459, 26.453148001610103], [50.08212821472459, 26.45539377954758], [50.07995349180656, 26.45651666851632], [50.07777876888854, 26.45539377954758], [50.07777876888854, 26.453148001610103], [50.07995349180656, 26.452025112641362], [50.08212821472459, 26.453148001610103]]]}, "properties": {"congestion_score": 0.976, "congestion_level": "free_flow", "color": "rgb(43,200,43)", "road_pixel_count": 1946}}, {"type": "Feature", "geometry": {"type": "Polygon", "coordinates": [[[50.08647766056064, 26.453148001610103], [50.08647766056064, 26.45539377954758], [50.08430293764261, 26.45651666851632], [50.08212821472459, 26.45539377954758], [50.08212821472459, 26.453148001610103], [50.08430293764261, 26.452025112641362], [50.08647766056064, 26.453148001610103]]]}, "properties": {"congestion_score": 0.966, "congestion_level": "free_flow", "color": "rgb(43,200,43)", "road_pixel_count": 1494}}, {"type": "Feature", "geometry": {"type": "Polygon", "coordinates": [[[50.09082710639669, 26.453148001610103], [50.09082710639669, 26.45539377954758], [50.08865238347867, 26.45651666851632], [50.08647766056064, 26.45539377954758], [50.08647766056064, 26.453148001610103], [50.08865238347867, 26.452025112641362], [50.09082710639669, 26.453148001610103]]]}, "properties": {"congestion_score": 0.969, "congestion_level": "free_flow", "color": "rgb(43,200,43)", "road_pixel_count": 2291}}, {"type": "Feature", "geometry": {"type": "Polygon", "coordinates": [[[50.095176552232736, 26.453148001610103], [50.095176552232736, 26.45539377954758], [50.093001829314716, 26.45651666851632], [50.09082710639669, 26.45539377954758], [50.09082710639669, 26.453148001610103], [50.093001829314716, 26.452025112641362], [50.095176552232736, 26.453148001610103]]]}, "properties": {"congestion_score": 0.983, "congestion_level": "free_flow", "color": "rgb(43,200,43)", "road_pixel_count": 1883}}, {"type": "Feature", "geometry": {"type": "Polygon", "coordinates": [[[50.099525998068785, 26.453148001610103], [50.099525998068785, 26.45539377954758], [50.097351275150764, 26.45651666851632], [50.095176552232736, 26.45539377954758], [50.095176552232736, 26.453148001610103], [50.097351275150764, 26.452025112641362], [50.099525998068785, 26.453148001610103]]]}, "properties": {"congestion_score": 0.971, "congestion_level": "free_flow", "color": "rgb(43,200,43)", "road_pixel_count": 1823}}, {"type": "Feature", "geometry": {"type": "Polygon", "coordinates": [[[50.10387544390484, 26.453148001610103], [50.10387544390484, 26.45539377954758], [50.10170072098681, 26.45651666851632], [50.099525998068785, 26.45539377954758], [50.099525998068785, 26.453148001610103], [50.10170072098681, 26.452025112641362], [50.10387544390484, 26.453148001610103]]]}, "properties": {"congestion_score": 0.991, "congestion_level": "free_flow", "color": "rgb(43,200,43)", "road_pixel_count": 1200}}, {"type": "Feature", "geometry": {"type": "Polygon", "coordinates": [[[50.10822488974089, 26.453148001610103], [50.10822488974089, 26.45539377954758], [50.10605016682286, 26.45651666851632], [50.10387544390484, 26.45539377954758], [50.10387544390484, 26.453148001610103], [50.10605016682286, 26.452025112641362], [50.10822488974089, 26.453148001610103]]]}, "properties": {"congestion_score": 0.923, "congestion_level": "light_congestion", "color": "rgb(255,255,55)", "road_pixel_count": 2108}}, {"type": "Feature", "geometry": {"type": "Polygon", "coordinates": [[[50.11257433557694, 26.453148001610103], [50.11257433557694, 26.45539377954758], [50.11039961265891, 26.45651666851632], [50.10822488974089, 26.45539377954758], [50.10822488974089, 26.453148001610103], [50.11039961265891, 26.452025112641362], [50.11257433557694, 26.453148001610103]]]}, "properties": {"congestion_score": 0.999, "congestion_level": "free_flow", "color": "rgb(43,200,43)", "road_pixel_count": 1683}}, {"type": "Feature", "geometry": {"type": "Polygon", "coordinates": [[[50.116923781412986, 26.453148001610103], [50.116923781412986, 26.45539377954758], [50.114749058494965, 26.45651666851632], [50.11257433557694, 26.45539377954758], [50.11257433557694, 26.453148001610103], [50.114749058494965, 26.452025112641362], [50.116923781412986, 26.453148001610103]]]}, "properties": {"congestion_score": 0.974, "congestion_level": "free_flow", "color": "rgb(43,200,43)", "road_pixel_count": 2039}}, {"type": "Feature", "geometry": {"type": "Polygon", "coordinates": [[[50.121273227249034, 26.453148001610103], [50.121273227249034, 26.45539377954758], [50.11909850433101, 26.45651666851632], [50.116923781412986, 26.45539377954758], [50.116923781412986, 26.453148001610103], [50.11909850433101, 26.452025112641362], [50.121273227249034, 26.453148001610103]]]}, "properties": {"congestion_score": 0.928, "congestion_level": "light_congestion", "color": "rgb(255,255,55)", "road_pixel_count": 2906}}, {"type": "Feature", "geometry": {"type": "Polygon", "coordinates": [[[50.12562267308509, 26.453148001610103], [50.12562267308509, 26.45539377954758], [50.12344795016706, 26.45651666851632], [50.121273227249034, 26.45539377954758], [50.121273227249034, 26.453148001610103], [50.12344795016706, 26.452025112641362], [50.12562267308509, 26.453148001610103]]]}, "properties": {"congestion_score": 0.976, "congestion_level": "free_flow", "color": "rgb(43,200,43)", "road_pixel_count": 1806}}, {"type": "Feature", "geometry": {"type": "Polygon", "coordinates": [[[50.12997211892114, 26.453148001610103], [50.12997211892114, 26.45539377954758], [50.12779739600311, 26.45651666851632], [50.12562267308509, 26.45539377954758], [50.12562267308509, 26.453148001610103], [50.12779739600311, 26.452025112641362], [50.12997211892114, 26.453148001610103]]]}, "properties": {"congestion_score": 0.986, "congestion_level": "free_flow", "color": "rgb(43,200,43)", "road_pixel_count": 1589}}, {"type": "Feature", "geometry": {"type": "Polygon", "coordinates": [[[50.13432156475719, 26.453148001610103], [50.13432156475719, 26.45539377954758], [50.13214684183916, 26.45651666851632], [50.12997211892114, 26.45539377954758], [50.12997211892114, 26.453148001610103], [50.13214684183916, 26.452025112641362], [50.13432156475719, 26.453148001610103]]]}, "properties": {"congestion_score": 0.973, "congestion_level": "free_flow", "color": "rgb(43,200,43)", "road_pixel_count": 2031}}, {"type": "Feature", "geometry": {"type": "Polygon", "coordinates": [[[49.971217345905316, 26.45651666851632], [49.971217345905316, 26.458762446453797], [49.969042622987295, 26.459885335422534], [49.96686790006927, 26.458762446453797], [49.96686790006927, 26.45651666851632], [49.969042622987295, 26.45539377954758], [49.971217345905316, 26.45651666851632]]]}, "properties": {"congestion_score": 0.967, "congestion_level": "free_flow", "color": "rgb(43,200,43)", "road_pixel_count": 1445}}, {"type": "Feature", "geometry": {"type": "Polygon", "coordinates": [[[49.97556679174137, 26.45651666851632], [49.97556679174137, 26.458762446453797], [49.973392068823344, 26.459885335422534], [49.971217345905316, 26.458762446453797], [49.971217345905316, 26.45651666851632], [49.973392068823344, 26.45539377954758], [49.97556679174137, 26.45651666851632]]]}, "properties": {"congestion_score": 1.0, "congestion_level": "free_flow", "color": "rgb(43,200,43)", "road_pixel_count": 405}}, {"type": "Feature", "geometry": {"type": "Polygon", "coordinates": [[[49.97991623757742, 26.45651666851632], [49.97991623757742, 26.458762446453797], [49.97774151465939, 26.459885335422534], [49.97556679174137, 26.458762446453797], [49.97556679174137, 26.45651666851632], [49.97774151465939, 26.45539377954758], [49.97991623757742, 26.45651666851632]]]}, "properties": {"congestion_score": 0.731, "congestion_level": "light_congestion", "color": "rgb(255,255,55)", "road_pixel_count": 1290}}, {"type": "Feature", "geometry": {"type": "Polygon", "coordinates": [[[49.98426568341347, 26.45651666851632], [49.98426568341347, 26.458762446453797], [49.98209096049544, 26.459885335422534], [49.97991623757742, 26.458762446453797], [49.97991623757742, 26.45651666851632], [49.98209096049544, 26.45539377954758], [49.98426568341347, 26.45651666851632]]]}, "properties": {"congestion_score": 0.989, "congestion_level": "free_flow", "color": "rgb(43,200,43)", "road_pixel_count": 686}}, {"type": "Feature", "geometry": {"type": "Polygon", "coordinates": [[[49.98861512924952, 26.45651666851632], [49.98861512924952, 26.458762446453797], [49.986440406331496, 26.459885335422534], [49.98426568341347, 26.458762446453797], [49.98426568341347, 26.45651666851632], [49.986440406331496, 26.45539377954758], [49.98861512924952, 26.45651666851632]]]}, "properties": {"congestion_score": 1.0, "congestion_level": "free_flow", "color": "rgb(43,200,43)", "road_pixel_count": 84}}, {"type": "Feature", "geometry": {"type": "Polygon", "coordinates": [[[49.992964575085566, 26.45651666851632], [49.992964575085566, 26.458762446453797], [49.990789852167545, 26.459885335422534], [49.98861512924952, 26.458762446453797], [49.98861512924952, 26.45651666851632], [49.990789852167545, 26.45539377954758], [49.992964575085566, 26.45651666851632]]]}, "properties": {"congestion_score": 1.0, "congestion_level": "free_flow", "color": "rgb(43,200,43)", "road_pixel_count": 923}}, {"type": "Feature", "geometry": {"type": "Polygon", "coordinates": [[[49.99731402092162, 26.45651666851632], [49.99731402092162, 26.458762446453797], [49.99513929800359, 26.459885335422534], [49.992964575085566, 26.458762446453797], [49.992964575085566, 26.45651666851632], [49.99513929800359, 26.45539377954758], [49.99731402092162, 26.45651666851632]]]}, "properties": {"congestion_score": 1.0, "congestion_level": "free_flow", "color": "rgb(43,200,43)", "road_pixel_count": 1086}}, {"type": "Feature", "geometry": {"type": "Polygon", "coordinates": [[[50.00166346675767, 26.45651666851632], [50.00166346675767, 26.458762446453797], [49.99948874383964, 26.459885335422534], [49.99731402092162, 26.458762446453797], [49.99731402092162, 26.45651666851632], [49.99948874383964, 26.45539377954758], [50.00166346675767, 26.45651666851632]]]}, "properties": {"congestion_score": 0.997, "congestion_level": "free_flow", "color": "rgb(43,200,43)", "road_pixel_count": 602}}, {"type": "Feature", "geometry": {"type": "Polygon", "coordinates": [[[50.00601291259372, 26.45651666851632], [50.00601291259372, 26.458762446453797], [50.00383818967569, 26.459885335422534], [50.00166346675767, 26.458762446453797], [50.00166346675767, 26.45651666851632], [50.00383818967569, 26.45539377954758], [50.00601291259372, 26.45651666851632]]]}, "properties": {"congestion_score": 0.965, "congestion_level": "free_flow", "color": "rgb(43,200,43)", "road_pixel_count": 701}}, {"type": "Feature", "geometry": {"type": "Polygon", "coordinates": [[[50.01036235842977, 26.45651666851632], [50.01036235842977, 26.458762446453797], [50.008187635511746, 26.459885335422534], [50.00601291259372, 26.458762446453797], [50.00601291259372, 26.45651666851632], [50.008187635511746, 26.45539377954758], [50.01036235842977, 26.45651666851632]]]}, "properties": {"congestion_score": 0.973, "congestion_level": "free_flow", "color": "rgb(43,200,43)", "road_pixel_count": 2387}}, {"type": "Feature", "geometry": {"type": "Polygon", "coordinates": [[[50.014711804265815, 26.45651666851632], [50.014711804265815, 26.458762446453797], [50.012537081347794, 26.459885335422534], [50.01036235842977, 26.458762446453797], [50.01036235842977, 26.45651666851632], [50.012537081347794, 26.45539377954758], [50.014711804265815, 26.45651666851632]]]}, "properties": {"congestion_score": 0.977, "congestion_level": "free_flow", "color": "rgb(43,200,43)", "road_pixel_count": 1356}}, {"type": "Feature", "geometry": {"type": "Polygon", "coordinates": [[[50.01906125010187, 26.45651666851632], [50.01906125010187, 26.458762446453797], [50.01688652718384, 26.459885335422534], [50.014711804265815, 26.458762446453797], [50.014711804265815, 26.45651666851632], [50.01688652718384, 26.45539377954758], [50.01906125010187, 26.45651666851632]]]}, "properties": {"congestion_score": 0.892, "congestion_level": "light_congestion", "color": "rgb(255,255,55)", "road_pixel_count": 1457}}, {"type": "Feature", "geometry": {"type": "Polygon", "coordinates": [[[50.02776014177397, 26.45651666851632], [50.02776014177397, 26.458762446453797], [50.02558541885594, 26.459885335422534], [50.02341069593792, 26.458762446453797], [50.02341069593792, 26.45651666851632], [50.02558541885594, 26.45539377954758], [50.02776014177397, 26.45651666851632]]]}, "properties": {"congestion_score": 1.0, "congestion_level": "free_flow", "color": "rgb(43,200,43)", "road_pixel_count": 232}}, {"type": "Feature", "geometry": {"type": "Polygon", "coordinates": [[[50.032109587610016, 26.45651666851632], [50.032109587610016, 26.458762446453797], [50.02993486469199, 26.459885335422534], [50.02776014177397, 26.458762446453797], [50.02776014177397, 26.45651666851632], [50.02993486469199, 26.45539377954758], [50.032109587610016, 26.45651666851632]]]}, "properties": {"congestion_score": 0.937, "congestion_level": "light_congestion", "color": "rgb(255,255,55)", "road_pixel_count": 2317}}, {"type": "Feature", "geometry": {"type": "Polygon", "coordinates": [[[50.036459033446064, 26.45651666851632], [50.036459033446064, 26.458762446453797], [50.034284310528044, 26.459885335422534], [50.032109587610016, 26.458762446453797], [50.032109587610016, 26.45651666851632], [50.034284310528044, 26.45539377954758], [50.036459033446064, 26.45651666851632]]]}, "properties": {"congestion_score": 0.955, "congestion_level": "free_flow", "color": "rgb(43,200,43)", "road_pixel_count": 1361}}, {"type": "Feature", "geometry": {"type": "Polygon", "coordinates": [[[50.04515792511817, 26.45651666851632], [50.04515792511817, 26.458762446453797], [50.04298320220014, 26.459885335422534], [50.04080847928211, 26.458762446453797], [50.04080847928211, 26.45651666851632], [50.04298320220014, 26.45539377954758], [50.04515792511817, 26.45651666851632]]]}, "properties": {"congestion_score": 0.763, "congestion_level": "light_congestion", "color": "rgb(255,255,55)", "road_pixel_count": 305}}, {"type": "Feature", "geometry": {"type": "Polygon", "coordinates": [[[50.04950737095422, 26.45651666851632], [50.04950737095422, 26.458762446453797], [50.04733264803619, 26.459885335422534], [50.04515792511817, 26.458762446453797], [50.04515792511817, 26.45651666851632], [50.04733264803619, 26.45539377954758], [50.04950737095422, 26.45651666851632]]]}, "properties": {"congestion_score": 0.8, "congestion_level": "light_congestion", "color": "rgb(255,255,55)", "road_pixel_count": 663}}, {"type": "Feature", "geometry": {"type": "Polygon", "coordinates": [[[50.053856816790265, 26.45651666851632], [50.053856816790265, 26.458762446453797], [50.05168209387224, 26.459885335422534], [50.04950737095422, 26.458762446453797], [50.04950737095422, 26.45651666851632], [50.05168209387224, 26.45539377954758], [50.053856816790265, 26.45651666851632]]]}, "properties": {"congestion_score": 0.846, "congestion_level": "light_congestion", "color": "rgb(255,255,55)", "road_pixel_count": 1526}}, {"type": "Feature", "geometry": {"type": "Polygon", "coordinates": [[[50.058206262626314, 26.45651666851632], [50.058206262626314, 26.458762446453797], [50.05603153970829, 26.459885335422534], [50.053856816790265, 26.458762446453797], [50.053856816790265, 26.45651666851632], [50.05603153970829, 26.45539377954758], [50.058206262626314, 26.45651666851632]]]}, "properties": {"congestion_score": 0.946, "congestion_level": "light_congestion", "color": "rgb(255,255,55)", "road_pixel_count": 1254}}, {"type": "Feature", "geometry": {"type": "Polygon", "coordinates": [[[50.06255570846236, 26.45651666851632], [50.06255570846236, 26.458762446453797], [50.06038098554434, 26.459885335422534], [50.058206262626314, 26.458762446453797], [50.058206262626314, 26.45651666851632], [50.06038098554434, 26.45539377954758], [50.06255570846236, 26.45651666851632]]]}, "properties": {"congestion_score": 0.773, "congestion_level": "light_congestion", "color": "rgb(255,255,55)", "road_pixel_count": 1025}}, {"type": "Feature", "geometry": {"type": "Polygon", "coordinates": [[[50.06690515429842, 26.45651666851632], [50.06690515429842, 26.458762446453797], [50.06473043138039, 26.459885335422534], [50.06255570846236, 26.458762446453797], [50.06255570846236, 26.45651666851632], [50.06473043138039, 26.45539377954758], [50.06690515429842, 26.45651666851632]]]}, "properties": {"congestion_score": 0.984, "congestion_level": "free_flow", "color": "rgb(43,200,43)", "road_pixel_count": 1904}}, {"type": "Feature", "geometry": {"type": "Polygon", "coordinates": [[[50.071254600134466, 26.45651666851632], [50.071254600134466, 26.458762446453797], [50.06907987721644, 26.459885335422534], [50.06690515429842, 26.458762446453797], [50.06690515429842, 26.45651666851632], [50.06907987721644, 26.45539377954758], [50.071254600134466, 26.45651666851632]]]}, "properties": {"congestion_score": 1.0, "congestion_level": "free_flow", "color": "rgb(43,200,43)", "road_pixel_count": 1543}}, {"type": "Feature", "geometry": {"type": "Polygon", "coordinates": [[[50.075604045970515, 26.45651666851632], [50.075604045970515, 26.458762446453797], [50.07342932305249, 26.459885335422534], [50.071254600134466, 26.458762446453797], [50.071254600134466, 26.45651666851632], [50.07342932305249, 26.45539377954758], [50.075604045970515, 26.45651666851632]]]}, "properties": {"congestion_score": 0.999, "congestion_level": "free_flow", "color": "rgb(43,200,43)", "road_pixel_count": 1602}}, {"type": "Feature", "geometry": {"type": "Polygon", "coordinates": [[[50.07995349180656, 26.45651666851632], [50.07995349180656, 26.458762446453797], [50.07777876888854, 26.459885335422534], [50.075604045970515, 26.458762446453797], [50.075604045970515, 26.45651666851632], [50.07777876888854, 26.45539377954758], [50.07995349180656, 26.45651666851632]]]}, "properties": {"congestion_score": 0.97, "congestion_level": "free_flow", "color": "rgb(43,200,43)", "road_pixel_count": 1859}}, {"type": "Feature", "geometry": {"type": "Polygon", "coordinates": [[[50.08430293764261, 26.45651666851632], [50.08430293764261, 26.458762446453797], [50.08212821472459, 26.459885335422534], [50.07995349180656, 26.458762446453797], [50.07995349180656, 26.45651666851632], [50.08212821472459, 26.45539377954758], [50.08430293764261, 26.45651666851632]]]}, "properties": {"congestion_score": 0.734, "congestion_level": "light_congestion", "color": "rgb(255,255,55)", "road_pixel_count": 2349}}, {"type": "Feature", "geometry": {"type": "Polygon", "coordinates": [[[50.08865238347867, 26.45651666851632], [50.08865238347867, 26.458762446453797], [50.08647766056064, 26.459885335422534], [50.08430293764261, 26.458762446453797], [50.08430293764261, 26.45651666851632], [50.08647766056064, 26.45539377954758], [50.08865238347867, 26.45651666851632]]]}, "properties": {"congestion_score": 0.961, "congestion_level": "free_flow", "color": "rgb(43,200,43)", "road_pixel_count": 1444}}, {"type": "Feature", "geometry": {"type": "Polygon", "coordinates": [[[50.093001829314716, 26.45651666851632], [50.093001829314716, 26.458762446453797], [50.09082710639669, 26.459885335422534], [50.08865238347867, 26.458762446453797], [50.08865238347867, 26.45651666851632], [50.09082710639669, 26.45539377954758], [50.093001829314716, 26.45651666851632]]]}, "properties": {"congestion_score": 0.944, "congestion_level": "light_congestion", "color": "rgb(255,255,55)", "road_pixel_count": 2248}}, {"type": "Feature", "geometry": {"type": "Polygon", "coordinates": [[[50.097351275150764, 26.45651666851632], [50.097351275150764, 26.458762446453797], [50.095176552232736, 26.459885335422534], [50.093001829314716, 26.458762446453797], [50.093001829314716, 26.45651666851632], [50.095176552232736, 26.45539377954758], [50.097351275150764, 26.45651666851632]]]}, "properties": {"congestion_score": 0.965, "congestion_level": "free_flow", "color": "rgb(43,200,43)", "road_pixel_count": 1913}}, {"type": "Feature", "geometry": {"type": "Polygon", "coordinates": [[[50.10170072098681, 26.45651666851632], [50.10170072098681, 26.458762446453797], [50.099525998068785, 26.459885335422534], [50.097351275150764, 26.458762446453797], [50.097351275150764, 26.45651666851632], [50.099525998068785, 26.45539377954758], [50.10170072098681, 26.45651666851632]]]}, "properties": {"congestion_score": 0.989, "congestion_level": "free_flow", "color": "rgb(43,200,43)", "road_pixel_count": 2287}}, {"type": "Feature", "geometry": {"type": "Polygon", "coordinates": [[[50.10605016682286, 26.45651666851632], [50.10605016682286, 26.458762446453797], [50.10387544390484, 26.459885335422534], [50.10170072098681, 26.458762446453797], [50.10170072098681, 26.45651666851632], [50.10387544390484, 26.45539377954758], [50.10605016682286, 26.45651666851632]]]}, "properties": {"congestion_score": 0.998, "congestion_level": "free_flow", "color": "rgb(43,200,43)", "road_pixel_count": 1423}}, {"type": "Feature", "geometry": {"type": "Polygon", "coordinates": [[[50.11039961265891, 26.45651666851632], [50.11039961265891, 26.458762446453797], [50.10822488974089, 26.459885335422534], [50.10605016682286, 26.458762446453797], [50.10605016682286, 26.45651666851632], [50.10822488974089, 26.45539377954758], [50.11039961265891, 26.45651666851632]]]}, "properties": {"congestion_score": 0.998, "congestion_level": "free_flow", "color": "rgb(43,200,43)", "road_pixel_count": 1141}}, {"type": "Feature", "geometry": {"type": "Polygon", "coordinates": [[[50.114749058494965, 26.45651666851632], [50.114749058494965, 26.458762446453797], [50.11257433557694, 26.459885335422534], [50.11039961265891, 26.458762446453797], [50.11039961265891, 26.45651666851632], [50.11257433557694, 26.45539377954758], [50.114749058494965, 26.45651666851632]]]}, "properties": {"congestion_score": 0.997, "congestion_level": "free_flow", "color": "rgb(43,200,43)", "road_pixel_count": 1968}}, {"type": "Feature", "geometry": {"type": "Polygon", "coordinates": [[[50.11909850433101, 26.45651666851632], [50.11909850433101, 26.458762446453797], [50.116923781412986, 26.459885335422534], [50.114749058494965, 26.458762446453797], [50.114749058494965, 26.45651666851632], [50.116923781412986, 26.45539377954758], [50.11909850433101, 26.45651666851632]]]}, "properties": {"congestion_score": 0.998, "congestion_level": "free_flow", "color": "rgb(43,200,43)", "road_pixel_count": 1016}}, {"type": "Feature", "geometry": {"type": "Polygon", "coordinates": [[[50.12344795016706, 26.45651666851632], [50.12344795016706, 26.458762446453797], [50.121273227249034, 26.459885335422534], [50.11909850433101, 26.458762446453797], [50.11909850433101, 26.45651666851632], [50.121273227249034, 26.45539377954758], [50.12344795016706, 26.45651666851632]]]}, "properties": {"congestion_score": 1.0, "congestion_level": "free_flow", "color": "rgb(43,200,43)", "road_pixel_count": 1845}}, {"type": "Feature", "geometry": {"type": "Polygon", "coordinates": [[[50.12779739600311, 26.45651666851632], [50.12779739600311, 26.458762446453797], [50.12562267308509, 26.459885335422534], [50.12344795016706, 26.458762446453797], [50.12344795016706, 26.45651666851632], [50.12562267308509, 26.45539377954758], [50.12779739600311, 26.45651666851632]]]}, "properties": {"congestion_score": 1.0, "congestion_level": "free_flow", "color": "rgb(43,200,43)", "road_pixel_count": 764}}, {"type": "Feature", "geometry": {"type": "Polygon", "coordinates": [[[50.13214684183916, 26.45651666851632], [50.13214684183916, 26.458762446453797], [50.12997211892114, 26.459885335422534], [50.12779739600311, 26.458762446453797], [50.12779739600311, 26.45651666851632], [50.12997211892114, 26.45539377954758], [50.13214684183916, 26.45651666851632]]]}, "properties": {"congestion_score": 0.996, "congestion_level": "free_flow", "color": "rgb(43,200,43)", "road_pixel_count": 1108}}, {"type": "Feature", "geometry": {"type": "Polygon", "coordinates": [[[50.136496287675214, 26.45651666851632], [50.136496287675214, 26.458762446453797], [50.13432156475719, 26.459885335422534], [50.13214684183916, 26.458762446453797], [50.13214684183916, 26.45651666851632], [50.13432156475719, 26.45539377954758], [50.136496287675214, 26.45651666851632]]]}, "properties": {"congestion_score": 1.0, "congestion_level": "free_flow", "color": "rgb(43,200,43)", "road_pixel_count": 481}}, {"type": "Feature", "geometry": {"type": "Polygon", "coordinates": [[[49.973392068823344, 26.459885335422534], [49.973392068823344, 26.462131113360012], [49.971217345905316, 26.46325400232875], [49.969042622987295, 26.462131113360012], [49.969042622987295, 26.459885335422534], [49.971217345905316, 26.458762446453797], [49.973392068823344, 26.459885335422534]]]}, "properties": {"congestion_score": 1.0, "congestion_level": "free_flow", "color": "rgb(43,200,43)", "road_pixel_count": 447}}, {"type": "Feature", "geometry": {"type": "Polygon", "coordinates": [[[49.97774151465939, 26.459885335422534], [49.97774151465939, 26.462131113360012], [49.97556679174137, 26.46325400232875], [49.973392068823344, 26.462131113360012], [49.973392068823344, 26.459885335422534], [49.97556679174137, 26.458762446453797], [49.97774151465939, 26.459885335422534]]]}, "properties": {"congestion_score": 0.934, "congestion_level": "light_congestion", "color": "rgb(255,255,55)", "road_pixel_count": 1432}}, {"type": "Feature", "geometry": {"type": "Polygon", "coordinates": [[[49.98209096049544, 26.459885335422534], [49.98209096049544, 26.462131113360012], [49.97991623757742, 26.46325400232875], [49.97774151465939, 26.462131113360012], [49.97774151465939, 26.459885335422534], [49.97991623757742, 26.458762446453797], [49.98209096049544, 26.459885335422534]]]}, "properties": {"congestion_score": 1.0, "congestion_level": "free_flow", "color": "rgb(43,200,43)", "road_pixel_count": 1202}}, {"type": "Feature", "geometry": {"type": "Polygon", "coordinates": [[[49.986440406331496, 26.459885335422534], [49.986440406331496, 26.462131113360012], [49.98426568341347, 26.46325400232875], [49.98209096049544, 26.462131113360012], [49.98209096049544, 26.459885335422534], [49.98426568341347, 26.458762446453797], [49.986440406331496, 26.459885335422534]]]}, "properties": {"congestion_score": 1.0, "congestion_level": "free_flow", "color": "rgb(43,200,43)", "road_pixel_count": 36}}, {"type": "Feature", "geometry": {"type": "Polygon", "coordinates": [[[49.99513929800359, 26.459885335422534], [49.99513929800359, 26.462131113360012], [49.992964575085566, 26.46325400232875], [49.990789852167545, 26.462131113360012], [49.990789852167545, 26.459885335422534], [49.992964575085566, 26.458762446453797], [49.99513929800359, 26.459885335422534]]]}, "properties": {"congestion_score": 1.0, "congestion_level": "free_flow", "color": "rgb(43,200,43)", "road_pixel_count": 239}}, {"type": "Feature", "geometry": {"type": "Polygon", "coordinates": [[[49.99948874383964, 26.459885335422534], [49.99948874383964, 26.462131113360012], [49.99731402092162, 26.46325400232875], [49.99513929800359, 26.462131113360012], [49.99513929800359, 26.459885335422534], [49.99731402092162, 26.458762446453797], [49.99948874383964, 26.459885335422534]]]}, "properties": {"congestion_score": 1.0, "congestion_level": "free_flow", "color": "rgb(43,200,43)", "road_pixel_count": 451}}, {"type": "Feature", "geometry": {"type": "Polygon", "coordinates": [[[50.008187635511746, 26.459885335422534], [50.008187635511746, 26.462131113360012], [50.00601291259372, 26.46325400232875], [50.00383818967569, 26.462131113360012], [50.00383818967569, 26.459885335422534], [50.00601291259372, 26.458762446453797], [50.008187635511746, 26.459885335422534]]]}, "properties": {"congestion_score": 1.0, "congestion_level": "free_flow", "color": "rgb(43,200,43)", "road_pixel_count": 1587}}, {"type": "Feature", "geometry": {"type": "Polygon", "coordinates": [[[50.012537081347794, 26.459885335422534], [50.012537081347794, 26.462131113360012], [50.01036235842977, 26.46325400232875], [50.008187635511746, 26.462131113360012], [50.008187635511746, 26.459885335422534], [50.01036235842977, 26.458762446453797], [50.012537081347794, 26.459885335422534]]]}, "properties": {"congestion_score": 0.894, "congestion_level": "light_congestion", "color": "rgb(255,255,55)", "road_pixel_count": 1872}}, {"type": "Feature", "geometry": {"type": "Polygon", "coordinates": [[[50.01688652718384, 26.459885335422534], [50.01688652718384, 26.462131113360012], [50.014711804265815, 26.46325400232875], [50.012537081347794, 26.462131113360012], [50.012537081347794, 26.459885335422534], [50.014711804265815, 26.458762446453797], [50.01688652718384, 26.459885335422534]]]}, "properties": {"congestion_score": 0.724, "congestion_level": "light_congestion", "color": "rgb(255,255,55)", "road_pixel_count": 1707}}, {"type": "Feature", "geometry": {"type": "Polygon", "coordinates": [[[50.02558541885594, 26.459885335422534], [50.02558541885594, 26.462131113360012], [50.02341069593792, 26.46325400232875], [50.02123597301989, 26.462131113360012], [50.02123597301989, 26.459885335422534], [50.02341069593792, 26.458762446453797], [50.02558541885594, 26.459885335422534]]]}, "properties": {"congestion_score": 1.0, "congestion_level": "free_flow", "color": "rgb(43,200,43)", "road_pixel_count": 464}}, {"type": "Feature", "geometry": {"type": "Polygon", "coordinates": [[[50.02993486469199, 26.459885335422534], [50.02993486469199, 26.462131113360012], [50.02776014177397, 26.46325400232875], [50.02558541885594, 26.462131113360012], [50.02558541885594, 26.459885335422534], [50.02776014177397, 26.458762446453797], [50.02993486469199, 26.459885335422534]]]}, "properties": {"congestion_score": 0.904, "congestion_level": "light_congestion", "color": "rgb(255,255,55)", "road_pixel_count": 2375}}, {"type": "Feature", "geometry": {"type": "Polygon", "coordinates": [[[50.034284310528044, 26.459885335422534], [50.034284310528044, 26.462131113360012], [50.032109587610016, 26.46325400232875], [50.02993486469199, 26.462131113360012], [50.02993486469199, 26.459885335422534], [50.032109587610016, 26.458762446453797], [50.034284310528044, 26.459885335422534]]]}, "properties": {"congestion_score": 1.0, "congestion_level": "free_flow", "color": "rgb(43,200,43)", "road_pixel_count": 1267}}, {"type": "Feature", "geometry": {"type": "Polygon", "coordinates": [[[50.03863375636409, 26.459885335422534], [50.03863375636409, 26.462131113360012], [50.036459033446064, 26.46325400232875], [50.034284310528044, 26.462131113360012], [50.034284310528044, 26.459885335422534], [50.036459033446064, 26.458762446453797], [50.03863375636409, 26.459885335422534]]]}, "properties": {"congestion_score": 1.0, "congestion_level": "free_flow", "color": "rgb(43,200,43)", "road_pixel_count": 1116}}, {"type": "Feature", "geometry": {"type": "Polygon", "coordinates": [[[50.04298320220014, 26.459885335422534], [50.04298320220014, 26.462131113360012], [50.04080847928211, 26.46325400232875], [50.03863375636409, 26.462131113360012], [50.03863375636409, 26.459885335422534], [50.04080847928211, 26.458762446453797], [50.04298320220014, 26.459885335422534]]]}, "properties": {"congestion_score": 1.0, "congestion_level": "free_flow", "color": "rgb(43,200,43)", "road_pixel_count": 356}}, {"type": "Feature", "geometry": {"type": "Polygon", "coordinates": [[[50.05168209387224, 26.459885335422534], [50.05168209387224, 26.462131113360012], [50.04950737095422, 26.46325400232875], [50.04733264803619, 26.462131113360012], [50.04733264803619, 26.459885335422534], [50.04950737095422, 26.458762446453797], [50.05168209387224, 26.459885335422534]]]}, "properties": {"congestion_score": 0.883, "congestion_level": "light_congestion", "color": "rgb(255,255,55)", "road_pixel_count": 1771}}, {"type": "Feature", "geometry": {"type": "Polygon", "coordinates": [[[50.05603153970829, 26.459885335422534], [50.05603153970829, 26.462131113360012], [50.053856816790265, 26.46325400232875], [50.05168209387224, 26.462131113360012], [50.05168209387224, 26.459885335422534], [50.053856816790265, 26.458762446453797], [50.05603153970829, 26.459885335422534]]]}, "properties": {"congestion_score": 0.936, "congestion_level": "light_congestion", "color": "rgb(255,255,55)", "road_pixel_count": 1769}}, {"type": "Feature", "geometry": {"type": "Polygon", "coordinates": [[[50.06038098554434, 26.459885335422534], [50.06038098554434, 26.462131113360012], [50.058206262626314, 26.46325400232875], [50.05603153970829, 26.462131113360012], [50.05603153970829, 26.459885335422534], [50.058206262626314, 26.458762446453797], [50.06038098554434, 26.459885335422534]]]}, "properties": {"congestion_score": 0.984, "congestion_level": "free_flow", "color": "rgb(43,200,43)", "road_pixel_count": 2262}}, {"type": "Feature", "geometry": {"type": "Polygon", "coordinates": [[[50.06473043138039, 26.459885335422534], [50.06473043138039, 26.462131113360012], [50.06255570846236, 26.46325400232875], [50.06038098554434, 26.462131113360012], [50.06038098554434, 26.459885335422534], [50.06255570846236, 26.458762446453797], [50.06473043138039, 26.459885335422534]]]}, "properties": {"congestion_score": 0.944, "congestion_level": "light_congestion", "color": "rgb(255,255,55)", "road_pixel_count": 2446}}, {"type": "Feature", "geometry": {"type": "Polygon", "coordinates": [[[50.06907987721644, 26.459885335422534], [50.06907987721644, 26.462131113360012], [50.06690515429842, 26.46325400232875], [50.06473043138039, 26.462131113360012], [50.06473043138039, 26.459885335422534], [50.06690515429842, 26.458762446453797], [50.06907987721644, 26.459885335422534]]]}, "properties": {"congestion_score": 0.995, "congestion_level": "free_flow", "color": "rgb(43,200,43)", "road_pixel_count": 1228}}, {"type": "Feature", "geometry": {"type": "Polygon", "coordinates": [[[50.07342932305249, 26.459885335422534], [50.07342932305249, 26.462131113360012], [50.071254600134466, 26.46325400232875], [50.06907987721644, 26.462131113360012], [50.06907987721644, 26.459885335422534], [50.071254600134466, 26.458762446453797], [50.07342932305249, 26.459885335422534]]]}, "properties": {"congestion_score": 0.974, "congestion_level": "free_flow", "color": "rgb(43,200,43)", "road_pixel_count": 2075}}, {"type": "Feature", "geometry": {"type": "Polygon", "coordinates": [[[50.07777876888854, 26.459885335422534], [50.07777876888854, 26.462131113360012], [50.075604045970515, 26.46325400232875], [50.07342932305249, 26.462131113360012], [50.07342932305249, 26.459885335422534], [50.075604045970515, 26.458762446453797], [50.07777876888854, 26.459885335422534]]]}, "properties": {"congestion_score": 0.95, "congestion_level": "light_congestion", "color": "rgb(255,255,55)", "road_pixel_count": 2441}}, {"type": "Feature", "geometry": {"type": "Polygon", "coordinates": [[[50.08212821472459, 26.459885335422534], [50.08212821472459, 26.462131113360012], [50.07995349180656, 26.46325400232875], [50.07777876888854, 26.462131113360012], [50.07777876888854, 26.459885335422534], [50.07995349180656, 26.458762446453797], [50.08212821472459, 26.459885335422534]]]}, "properties": {"congestion_score": 0.844, "congestion_level": "light_congestion", "color": "rgb(255,255,55)", "road_pixel_count": 2178}}, {"type": "Feature", "geometry": {"type": "Polygon", "coordinates": [[[50.08647766056064, 26.459885335422534], [50.08647766056064, 26.462131113360012], [50.08430293764261, 26.46325400232875], [50.08212821472459, 26.462131113360012], [50.08212821472459, 26.459885335422534], [50.08430293764261, 26.458762446453797], [50.08647766056064, 26.459885335422534]]]}, "properties": {"congestion_score": 1.0, "congestion_level": "free_flow", "color": "rgb(43,200,43)", "road_pixel_count": 1876}}, {"type": "Feature", "geometry": {"type": "Polygon", "coordinates": [[[50.09082710639669, 26.459885335422534], [50.09082710639669, 26.462131113360012], [50.08865238347867, 26.46325400232875], [50.08647766056064, 26.462131113360012], [50.08647766056064, 26.459885335422534], [50.08865238347867, 26.458762446453797], [50.09082710639669, 26.459885335422534]]]}, "properties": {"congestion_score": 0.999, "congestion_level": "free_flow", "color": "rgb(43,200,43)", "road_pixel_count": 1673}}, {"type": "Feature", "geometry": {"type": "Polygon", "coordinates": [[[50.095176552232736, 26.459885335422534], [50.095176552232736, 26.462131113360012], [50.093001829314716, 26.46325400232875], [50.09082710639669, 26.462131113360012], [50.09082710639669, 26.459885335422534], [50.093001829314716, 26.458762446453797], [50.095176552232736, 26.459885335422534]]]}, "properties": {"congestion_score": 1.0, "congestion_level": "free_flow", "color": "rgb(43,200,43)", "road_pixel_count": 1489}}, {"type": "Feature", "geometry": {"type": "Polygon", "coordinates": [[[50.099525998068785, 26.459885335422534], [50.099525998068785, 26.462131113360012], [50.097351275150764, 26.46325400232875], [50.095176552232736, 26.462131113360012], [50.095176552232736, 26.459885335422534], [50.097351275150764, 26.458762446453797], [50.099525998068785, 26.459885335422534]]]}, "properties": {"congestion_score": 0.954, "congestion_level": "free_flow", "color": "rgb(43,200,43)", "road_pixel_count": 1932}}, {"type": "Feature", "geometry": {"type": "Polygon", "coordinates": [[[50.11257433557694, 26.459885335422534], [50.11257433557694, 26.462131113360012], [50.11039961265891, 26.46325400232875], [50.10822488974089, 26.462131113360012], [50.10822488974089, 26.459885335422534], [50.11039961265891, 26.458762446453797], [50.11257433557694, 26.459885335422534]]]}, "properties": {"congestion_score": 1.0, "congestion_level": "free_flow", "color": "rgb(43,200,43)", "road_pixel_count": 31}}, {"type": "Feature", "geometry": {"type": "Polygon", "coordinates": [[[50.116923781412986, 26.459885335422534], [50.116923781412986, 26.462131113360012], [50.114749058494965, 26.46325400232875], [50.11257433557694, 26.462131113360012], [50.11257433557694, 26.459885335422534], [50.114749058494965, 26.458762446453797], [50.116923781412986, 26.459885335422534]]]}, "properties": {"congestion_score": 0.985, "congestion_level": "free_flow", "color": "rgb(43,200,43)", "road_pixel_count": 1237}}, {"type": "Feature", "geometry": {"type": "Polygon", "coordinates": [[[50.121273227249034, 26.459885335422534], [50.121273227249034, 26.462131113360012], [50.11909850433101, 26.46325400232875], [50.116923781412986, 26.462131113360012], [50.116923781412986, 26.459885335422534], [50.11909850433101, 26.458762446453797], [50.121273227249034, 26.459885335422534]]]}, "properties": {"congestion_score": 1.0, "congestion_level": "free_flow", "color": "rgb(43,200,43)", "road_pixel_count": 350}}, {"type": "Feature", "geometry": {"type": "Polygon", "coordinates": [[[50.12562267308509, 26.459885335422534], [50.12562267308509, 26.462131113360012], [50.12344795016706, 26.46325400232875], [50.121273227249034, 26.462131113360012], [50.121273227249034, 26.459885335422534], [50.12344795016706, 26.458762446453797], [50.12562267308509, 26.459885335422534]]]}, "properties": {"congestion_score": 1.0, "congestion_level": "free_flow", "color": "rgb(43,200,43)", "road_pixel_count": 765}}, {"type": "Feature", "geometry": {"type": "Polygon", "coordinates": [[[50.12997211892114, 26.459885335422534], [50.12997211892114, 26.462131113360012], [50.12779739600311, 26.46325400232875], [50.12562267308509, 26.462131113360012], [50.12562267308509, 26.459885335422534], [50.12779739600311, 26.458762446453797], [50.12997211892114, 26.459885335422534]]]}, "properties": {"congestion_score": 1.0, "congestion_level": "free_flow", "color": "rgb(43,200,43)", "road_pixel_count": 845}}, {"type": "Feature", "geometry": {"type": "Polygon", "coordinates": [[[50.13432156475719, 26.459885335422534], [50.13432156475719, 26.462131113360012], [50.13214684183916, 26.46325400232875], [50.12997211892114, 26.462131113360012], [50.12997211892114, 26.459885335422534], [50.13214684183916, 26.458762446453797], [50.13432156475719, 26.459885335422534]]]}, "properties": {"congestion_score": 0.999, "congestion_level": "free_flow", "color": "rgb(43,200,43)", "road_pixel_count": 1930}}, {"type": "Feature", "geometry": {"type": "Polygon", "coordinates": [[[49.97991623757742, 26.46325400232875], [49.97991623757742, 26.465499780266228], [49.97774151465939, 26.46662266923497], [49.97556679174137, 26.465499780266228], [49.97556679174137, 26.46325400232875], [49.97774151465939, 26.462131113360012], [49.97991623757742, 26.46325400232875]]]}, "properties": {"congestion_score": 1.0, "congestion_level": "free_flow", "color": "rgb(43,200,43)", "road_pixel_count": 3}}, {"type": "Feature", "geometry": {"type": "Polygon", "coordinates": [[[49.98426568341347, 26.46325400232875], [49.98426568341347, 26.465499780266228], [49.98209096049544, 26.46662266923497], [49.97991623757742, 26.465499780266228], [49.97991623757742, 26.46325400232875], [49.98209096049544, 26.462131113360012], [49.98426568341347, 26.46325400232875]]]}, "properties": {"congestion_score": 1.0, "congestion_level": "free_flow", "color": "rgb(43,200,43)", "road_pixel_count": 921}}, {"type": "Feature", "geometry": {"type": "Polygon", "coordinates": [[[49.98861512924952, 26.46325400232875], [49.98861512924952, 26.465499780266228], [49.986440406331496, 26.46662266923497], [49.98426568341347, 26.465499780266228], [49.98426568341347, 26.46325400232875], [49.986440406331496, 26.462131113360012], [49.98861512924952, 26.46325400232875]]]}, "properties": {"congestion_score": 1.0, "congestion_level": "free_flow", "color": "rgb(43,200,43)", "road_pixel_count": 1206}}, {"type": "Feature", "geometry": {"type": "Polygon", "coordinates": [[[49.992964575085566, 26.46325400232875], [49.992964575085566, 26.465499780266228], [49.990789852167545, 26.46662266923497], [49.98861512924952, 26.465499780266228], [49.98861512924952, 26.46325400232875], [49.990789852167545, 26.462131113360012], [49.992964575085566, 26.46325400232875]]]}, "properties": {"congestion_score": 1.0, "congestion_level": "free_flow", "color": "rgb(43,200,43)", "road_pixel_count": 547}}, {"type": "Feature", "geometry": {"type": "Polygon", "coordinates": [[[49.99731402092162, 26.46325400232875], [49.99731402092162, 26.465499780266228], [49.99513929800359, 26.46662266923497], [49.992964575085566, 26.465499780266228], [49.992964575085566, 26.46325400232875], [49.99513929800359, 26.462131113360012], [49.99731402092162, 26.46325400232875]]]}, "properties": {"congestion_score": 1.0, "congestion_level": "free_flow", "color": "rgb(43,200,43)", "road_pixel_count": 271}}, {"type": "Feature", "geometry": {"type": "Polygon", "coordinates": [[[50.00601291259372, 26.46325400232875], [50.00601291259372, 26.465499780266228], [50.00383818967569, 26.46662266923497], [50.00166346675767, 26.465499780266228], [50.00166346675767, 26.46325400232875], [50.00383818967569, 26.462131113360012], [50.00601291259372, 26.46325400232875]]]}, "properties": {"congestion_score": 1.0, "congestion_level": "free_flow", "color": "rgb(43,200,43)", "road_pixel_count": 1361}}, {"type": "Feature", "geometry": {"type": "Polygon", "coordinates": [[[50.01036235842977, 26.46325400232875], [50.01036235842977, 26.465499780266228], [50.008187635511746, 26.46662266923497], [50.00601291259372, 26.465499780266228], [50.00601291259372, 26.46325400232875], [50.008187635511746, 26.462131113360012], [50.01036235842977, 26.46325400232875]]]}, "properties": {"congestion_score": 0.92, "congestion_level": "light_congestion", "color": "rgb(255,255,55)", "road_pixel_count": 1026}}, {"type": "Feature", "geometry": {"type": "Polygon", "coordinates": [[[50.014711804265815, 26.46325400232875], [50.014711804265815, 26.465499780266228], [50.012537081347794, 26.46662266923497], [50.01036235842977, 26.465499780266228], [50.01036235842977, 26.46325400232875], [50.012537081347794, 26.462131113360012], [50.014711804265815, 26.46325400232875]]]}, "properties": {"congestion_score": 0.796, "congestion_level": "light_congestion", "color": "rgb(255,255,55)", "road_pixel_count": 1426}}, {"type": "Feature", "geometry": {"type": "Polygon", "coordinates": [[[50.01906125010187, 26.46325400232875], [50.01906125010187, 26.465499780266228], [50.01688652718384, 26.46662266923497], [50.014711804265815, 26.465499780266228], [50.014711804265815, 26.46325400232875], [50.01688652718384, 26.462131113360012], [50.01906125010187, 26.46325400232875]]]}, "properties": {"congestion_score": 0.846, "congestion_level": "light_congestion", "color": "rgb(255,255,55)", "road_pixel_count": 1228}}, {"type": "Feature", "geometry": {"type": "Polygon", "coordinates": [[[50.02341069593792, 26.46325400232875], [50.02341069593792, 26.465499780266228], [50.02123597301989, 26.46662266923497], [50.01906125010187, 26.465499780266228], [50.01906125010187, 26.46325400232875], [50.02123597301989, 26.462131113360012], [50.02341069593792, 26.46325400232875]]]}, "properties": {"congestion_score": 0.742, "congestion_level": "light_congestion", "color": "rgb(255,255,55)", "road_pixel_count": 989}}, {"type": "Feature", "geometry": {"type": "Polygon", "coordinates": [[[50.02776014177397, 26.46325400232875], [50.02776014177397, 26.465499780266228], [50.02558541885594, 26.46662266923497], [50.02341069593792, 26.465499780266228], [50.02341069593792, 26.46325400232875], [50.02558541885594, 26.462131113360012], [50.02776014177397, 26.46325400232875]]]}, "properties": {"congestion_score": 0.851, "congestion_level": "light_congestion", "color": "rgb(255,255,55)", "road_pixel_count": 2933}}, {"type": "Feature", "geometry": {"type": "Polygon", "coordinates": [[[50.032109587610016, 26.46325400232875], [50.032109587610016, 26.465499780266228], [50.02993486469199, 26.46662266923497], [50.02776014177397, 26.465499780266228], [50.02776014177397, 26.46325400232875], [50.02993486469199, 26.462131113360012], [50.032109587610016, 26.46325400232875]]]}, "properties": {"congestion_score": 0.918, "congestion_level": "light_congestion", "color": "rgb(255,255,55)", "road_pixel_count": 1145}}, {"type": "Feature", "geometry": {"type": "Polygon", "coordinates": [[[50.036459033446064, 26.46325400232875], [50.036459033446064, 26.465499780266228], [50.034284310528044, 26.46662266923497], [50.032109587610016, 26.465499780266228], [50.032109587610016, 26.46325400232875], [50.034284310528044, 26.462131113360012], [50.036459033446064, 26.46325400232875]]]}, "properties": {"congestion_score": 1.0, "congestion_level": "free_flow", "color": "rgb(43,200,43)", "road_pixel_count": 1260}}, {"type": "Feature", "geometry": {"type": "Polygon", "coordinates": [[[50.04080847928211, 26.46325400232875], [50.04080847928211, 26.465499780266228], [50.03863375636409, 26.46662266923497], [50.036459033446064, 26.465499780266228], [50.036459033446064, 26.46325400232875], [50.03863375636409, 26.462131113360012], [50.04080847928211, 26.46325400232875]]]}, "properties": {"congestion_score": 1.0, "congestion_level": "free_flow", "color": "rgb(43,200,43)", "road_pixel_count": 1633}}, {"type": "Feature", "geometry": {"type": "Polygon", "coordinates": [[[50.04515792511817, 26.46325400232875], [50.04515792511817, 26.465499780266228], [50.04298320220014, 26.46662266923497], [50.04080847928211, 26.465499780266228], [50.04080847928211, 26.46325400232875], [50.04298320220014, 26.462131113360012], [50.04515792511817, 26.46325400232875]]]}, "properties": {"congestion_score": 1.0, "congestion_level": "free_flow", "color": "rgb(43,200,43)", "road_pixel_count": 1163}}, {"type": "Feature", "geometry": {"type": "Polygon", "coordinates": [[[50.04950737095422, 26.46325400232875], [50.04950737095422, 26.465499780266228], [50.04733264803619, 26.46662266923497], [50.04515792511817, 26.465499780266228], [50.04515792511817, 26.46325400232875], [50.04733264803619, 26.462131113360012], [50.04950737095422, 26.46325400232875]]]}, "properties": {"congestion_score": 0.914, "congestion_level": "light_congestion", "color": "rgb(255,255,55)", "road_pixel_count": 2066}}, {"type": "Feature", "geometry": {"type": "Polygon", "coordinates": [[[50.053856816790265, 26.46325400232875], [50.053856816790265, 26.465499780266228], [50.05168209387224, 26.46662266923497], [50.04950737095422, 26.465499780266228], [50.04950737095422, 26.46325400232875], [50.05168209387224, 26.462131113360012], [50.053856816790265, 26.46325400232875]]]}, "properties": {"congestion_score": 1.0, "congestion_level": "free_flow", "color": "rgb(43,200,43)", "road_pixel_count": 334}}, {"type": "Feature", "geometry": {"type": "Polygon", "coordinates": [[[50.058206262626314, 26.46325400232875], [50.058206262626314, 26.465499780266228], [50.05603153970829, 26.46662266923497], [50.053856816790265, 26.465499780266228], [50.053856816790265, 26.46325400232875], [50.05603153970829, 26.462131113360012], [50.058206262626314, 26.46325400232875]]]}, "properties": {"congestion_score": 0.892, "congestion_level": "light_congestion", "color": "rgb(255,255,55)", "road_pixel_count": 1594}}, {"type": "Feature", "geometry": {"type": "Polygon", "coordinates": [[[50.06255570846236, 26.46325400232875], [50.06255570846236, 26.465499780266228], [50.06038098554434, 26.46662266923497], [50.058206262626314, 26.465499780266228], [50.058206262626314, 26.46325400232875], [50.06038098554434, 26.462131113360012], [50.06255570846236, 26.46325400232875]]]}, "properties": {"congestion_score": 0.993, "congestion_level": "free_flow", "color": "rgb(43,200,43)", "road_pixel_count": 2255}}, {"type": "Feature", "geometry": {"type": "Polygon", "coordinates": [[[50.06690515429842, 26.46325400232875], [50.06690515429842, 26.465499780266228], [50.06473043138039, 26.46662266923497], [50.06255570846236, 26.465499780266228], [50.06255570846236, 26.46325400232875], [50.06473043138039, 26.462131113360012], [50.06690515429842, 26.46325400232875]]]}, "properties": {"congestion_score": 0.997, "congestion_level": "free_flow", "color": "rgb(43,200,43)", "road_pixel_count": 1496}}, {"type": "Feature", "geometry": {"type": "Polygon", "coordinates": [[[50.071254600134466, 26.46325400232875], [50.071254600134466, 26.465499780266228], [50.06907987721644, 26.46662266923497], [50.06690515429842, 26.465499780266228], [50.06690515429842, 26.46325400232875], [50.06907987721644, 26.462131113360012], [50.071254600134466, 26.46325400232875]]]}, "properties": {"congestion_score": 0.997, "congestion_level": "free_flow", "color": "rgb(43,200,43)", "road_pixel_count": 1087}}, {"type": "Feature", "geometry": {"type": "Polygon", "coordinates": [[[50.075604045970515, 26.46325400232875], [50.075604045970515, 26.465499780266228], [50.07342932305249, 26.46662266923497], [50.071254600134466, 26.465499780266228], [50.071254600134466, 26.46325400232875], [50.07342932305249, 26.462131113360012], [50.075604045970515, 26.46325400232875]]]}, "properties": {"congestion_score": 0.999, "congestion_level": "free_flow", "color": "rgb(43,200,43)", "road_pixel_count": 2063}}, {"type": "Feature", "geometry": {"type": "Polygon", "coordinates": [[[50.07995349180656, 26.46325400232875], [50.07995349180656, 26.465499780266228], [50.07777876888854, 26.46662266923497], [50.075604045970515, 26.465499780266228], [50.075604045970515, 26.46325400232875], [50.07777876888854, 26.462131113360012], [50.07995349180656, 26.46325400232875]]]}, "properties": {"congestion_score": 1.0, "congestion_level": "free_flow", "color": "rgb(43,200,43)", "road_pixel_count": 416}}, {"type": "Feature", "geometry": {"type": "Polygon", "coordinates": [[[50.08430293764261, 26.46325400232875], [50.08430293764261, 26.465499780266228], [50.08212821472459, 26.46662266923497], [50.07995349180656, 26.465499780266228], [50.07995349180656, 26.46325400232875], [50.08212821472459, 26.462131113360012], [50.08430293764261, 26.46325400232875]]]}, "properties": {"congestion_score": 1.0, "congestion_level": "free_flow", "color": "rgb(43,200,43)", "road_pixel_count": 1422}}, {"type": "Feature", "geometry": {"type": "Polygon", "coordinates": [[[50.08865238347867, 26.46325400232875], [50.08865238347867, 26.465499780266228], [50.08647766056064, 26.46662266923497], [50.08430293764261, 26.465499780266228], [50.08430293764261, 26.46325400232875], [50.08647766056064, 26.462131113360012], [50.08865238347867, 26.46325400232875]]]}, "properties": {"congestion_score": 1.0, "congestion_level": "free_flow", "color": "rgb(43,200,43)", "road_pixel_count": 1645}}, {"type": "Feature", "geometry": {"type": "Polygon", "coordinates": [[[50.093001829314716, 26.46325400232875], [50.093001829314716, 26.465499780266228], [50.09082710639669, 26.46662266923497], [50.08865238347867, 26.465499780266228], [50.08865238347867, 26.46325400232875], [50.09082710639669, 26.462131113360012], [50.093001829314716, 26.46325400232875]]]}, "properties": {"congestion_score": 1.0, "congestion_level": "free_flow", "color": "rgb(43,200,43)", "road_pixel_count": 1393}}, {"type": "Feature", "geometry": {"type": "Polygon", "coordinates": [[[50.097351275150764, 26.46325400232875], [50.097351275150764, 26.465499780266228], [50.095176552232736, 26.46662266923497], [50.093001829314716, 26.465499780266228], [50.093001829314716, 26.46325400232875], [50.095176552232736, 26.462131113360012], [50.097351275150764, 26.46325400232875]]]}, "properties": {"congestion_score": 0.925, "congestion_level": "light_congestion", "color": "rgb(255,255,55)", "road_pixel_count": 890}}, {"type": "Feature", "geometry": {"type": "Polygon", "coordinates": [[[50.10170072098681, 26.46325400232875], [50.10170072098681, 26.465499780266228], [50.099525998068785, 26.46662266923497], [50.097351275150764, 26.465499780266228], [50.097351275150764, 26.46325400232875], [50.099525998068785, 26.462131113360012], [50.10170072098681, 26.46325400232875]]]}, "properties": {"congestion_score": 1.0, "congestion_level": "free_flow", "color": "rgb(43,200,43)", "road_pixel_count": 211}}, {"type": "Feature", "geometry": {"type": "Polygon", "coordinates": [[[50.114749058494965, 26.46325400232875], [50.114749058494965, 26.465499780266228], [50.11257433557694, 26.46662266923497], [50.11039961265891, 26.465499780266228], [50.11039961265891, 26.46325400232875], [50.11257433557694, 26.462131113360012], [50.114749058494965, 26.46325400232875]]]}, "properties": {"congestion_score": 1.0, "congestion_level": "free_flow", "color": "rgb(43,200,43)", "road_pixel_count": 110}}, {"type": "Feature", "geometry": {"type": "Polygon", "coordinates": [[[50.11909850433101, 26.46325400232875], [50.11909850433101, 26.465499780266228], [50.116923781412986, 26.46662266923497], [50.114749058494965, 26.465499780266228], [50.114749058494965, 26.46325400232875], [50.116923781412986, 26.462131113360012], [50.11909850433101, 26.46325400232875]]]}, "properties": {"congestion_score": 0.914, "congestion_level": "light_congestion", "color": "rgb(255,255,55)", "road_pixel_count": 1895}}, {"type": "Feature", "geometry": {"type": "Polygon", "coordinates": [[[50.12344795016706, 26.46325400232875], [50.12344795016706, 26.465499780266228], [50.121273227249034, 26.46662266923497], [50.11909850433101, 26.465499780266228], [50.11909850433101, 26.46325400232875], [50.121273227249034, 26.462131113360012], [50.12344795016706, 26.46325400232875]]]}, "properties": {"congestion_score": 0.977, "congestion_level": "free_flow", "color": "rgb(43,200,43)", "road_pixel_count": 1967}}, {"type": "Feature", "geometry": {"type": "Polygon", "coordinates": [[[50.12779739600311, 26.46325400232875], [50.12779739600311, 26.465499780266228], [50.12562267308509, 26.46662266923497], [50.12344795016706, 26.465499780266228], [50.12344795016706, 26.46325400232875], [50.12562267308509, 26.462131113360012], [50.12779739600311, 26.46325400232875]]]}, "properties": {"congestion_score": 1.0, "congestion_level": "free_flow", "color": "rgb(43,200,43)", "road_pixel_count": 1150}}, {"type": "Feature", "geometry": {"type": "Polygon", "coordinates": [[[50.13214684183916, 26.46325400232875], [50.13214684183916, 26.465499780266228], [50.12997211892114, 26.46662266923497], [50.12779739600311, 26.465499780266228], [50.12779739600311, 26.46325400232875], [50.12997211892114, 26.462131113360012], [50.13214684183916, 26.46325400232875]]]}, "properties": {"congestion_score": 1.0, "congestion_level": "free_flow", "color": "rgb(43,200,43)", "road_pixel_count": 389}}, {"type": "Feature", "geometry": {"type": "Polygon", "coordinates": [[[50.136496287675214, 26.46325400232875], [50.136496287675214, 26.465499780266228], [50.13432156475719, 26.46662266923497], [50.13214684183916, 26.465499780266228], [50.13214684183916, 26.46325400232875], [50.13432156475719, 26.462131113360012], [50.136496287675214, 26.46325400232875]]]}, "properties": {"congestion_score": 1.0, "congestion_level": "free_flow", "color": "rgb(43,200,43)", "road_pixel_count": 700}}, {"type": "Feature", "geometry": {"type": "Polygon", "coordinates": [[[49.990789852167545, 26.46662266923497], [49.990789852167545, 26.468868447172444], [49.98861512924952, 26.469991336141184], [49.986440406331496, 26.468868447172444], [49.986440406331496, 26.46662266923497], [49.98861512924952, 26.465499780266228], [49.990789852167545, 26.46662266923497]]]}, "properties": {"congestion_score": 1.0, "congestion_level": "free_flow", "color": "rgb(43,200,43)", "road_pixel_count": 318}}, {"type": "Feature", "geometry": {"type": "Polygon", "coordinates": [[[49.99513929800359, 26.46662266923497], [49.99513929800359, 26.468868447172444], [49.992964575085566, 26.469991336141184], [49.990789852167545, 26.468868447172444], [49.990789852167545, 26.46662266923497], [49.992964575085566, 26.465499780266228], [49.99513929800359, 26.46662266923497]]]}, "properties": {"congestion_score": 1.0, "congestion_level": "free_flow", "color": "rgb(43,200,43)", "road_pixel_count": 1081}}, {"type": "Feature", "geometry": {"type": "Polygon", "coordinates": [[[49.99948874383964, 26.46662266923497], [49.99948874383964, 26.468868447172444], [49.99731402092162, 26.469991336141184], [49.99513929800359, 26.468868447172444], [49.99513929800359, 26.46662266923497], [49.99731402092162, 26.465499780266228], [49.99948874383964, 26.46662266923497]]]}, "properties": {"congestion_score": 1.0, "congestion_level": "free_flow", "color": "rgb(43,200,43)", "road_pixel_count": 1099}}, {"type": "Feature", "geometry": {"type": "Polygon", "coordinates": [[[50.00383818967569, 26.46662266923497], [50.00383818967569, 26.468868447172444], [50.00166346675767, 26.469991336141184], [49.99948874383964, 26.468868447172444], [49.99948874383964, 26.46662266923497], [50.00166346675767, 26.465499780266228], [50.00383818967569, 26.46662266923497]]]}, "properties": {"congestion_score": 1.0, "congestion_level": "free_flow", "color": "rgb(43,200,43)", "road_pixel_count": 1729}}, {"type": "Feature", "geometry": {"type": "Polygon", "coordinates": [[[50.008187635511746, 26.46662266923497], [50.008187635511746, 26.468868447172444], [50.00601291259372, 26.469991336141184], [50.00383818967569, 26.468868447172444], [50.00383818967569, 26.46662266923497], [50.00601291259372, 26.465499780266228], [50.008187635511746, 26.46662266923497]]]}, "properties": {"congestion_score": 0.973, "congestion_level": "free_flow", "color": "rgb(43,200,43)", "road_pixel_count": 1466}}, {"type": "Feature", "geometry": {"type": "Polygon", "coordinates": [[[50.012537081347794, 26.46662266923497], [50.012537081347794, 26.468868447172444], [50.01036235842977, 26.469991336141184], [50.008187635511746, 26.468868447172444], [50.008187635511746, 26.46662266923497], [50.01036235842977, 26.465499780266228], [50.012537081347794, 26.46662266923497]]]}, "properties": {"congestion_score": 0.854, "congestion_level": "light_congestion", "color": "rgb(255,255,55)", "road_pixel_count": 614}}, {"type": "Feature", "geometry": {"type": "Polygon", "coordinates": [[[50.02123597301989, 26.46662266923497], [50.02123597301989, 26.468868447172444], [50.01906125010187, 26.469991336141184], [50.01688652718384, 26.468868447172444], [50.01688652718384, 26.46662266923497], [50.01906125010187, 26.465499780266228], [50.02123597301989, 26.46662266923497]]]}, "properties": {"congestion_score": 0.664, "congestion_level": "light_congestion", "color": "rgb(255,255,55)", "road_pixel_count": 2807}}, {"type": "Feature", "geometry": {"type": "Polygon", "coordinates": [[[50.02558541885594, 26.46662266923497], [50.02558541885594, 26.468868447172444], [50.02341069593792, 26.469991336141184], [50.02123597301989, 26.468868447172444], [50.02123597301989, 26.46662266923497], [50.02341069593792, 26.465499780266228], [50.02558541885594, 26.46662266923497]]]}, "properties": {"congestion_score": 0.815, "congestion_level": "light_congestion", "color": "rgb(255,255,55)", "road_pixel_count": 2426}}, {"type": "Feature", "geometry": {"type": "Polygon", "coordinates": [[[50.02993486469199, 26.46662266923497], [50.02993486469199, 26.468868447172444], [50.02776014177397, 26.469991336141184], [50.02558541885594, 26.468868447172444], [50.02558541885594, 26.46662266923497], [50.02776014177397, 26.465499780266228], [50.02993486469199, 26.46662266923497]]]}, "properties": {"congestion_score": 1.0, "congestion_level": "free_flow", "color": "rgb(43,200,43)", "road_pixel_count": 1042}}, {"type": "Feature", "geometry": {"type": "Polygon", "coordinates": [[[50.034284310528044, 26.46662266923497], [50.034284310528044, 26.468868447172444], [50.032109587610016, 26.469991336141184], [50.02993486469199, 26.468868447172444], [50.02993486469199, 26.46662266923497], [50.032109587610016, 26.465499780266228], [50.034284310528044, 26.46662266923497]]]}, "properties": {"congestion_score": 0.988, "congestion_level": "free_flow", "color": "rgb(43,200,43)", "road_pixel_count": 1810}}, {"type": "Feature", "geometry": {"type": "Polygon", "coordinates": [[[50.03863375636409, 26.46662266923497], [50.03863375636409, 26.468868447172444], [50.036459033446064, 26.469991336141184], [50.034284310528044, 26.468868447172444], [50.034284310528044, 26.46662266923497], [50.036459033446064, 26.465499780266228], [50.03863375636409, 26.46662266923497]]]}, "properties": {"congestion_score": 1.0, "congestion_level": "free_flow", "color": "rgb(43,200,43)", "road_pixel_count": 1938}}, {"type": "Feature", "geometry": {"type": "Polygon", "coordinates": [[[50.04298320220014, 26.46662266923497], [50.04298320220014, 26.468868447172444], [50.04080847928211, 26.469991336141184], [50.03863375636409, 26.468868447172444], [50.03863375636409, 26.46662266923497], [50.04080847928211, 26.465499780266228], [50.04298320220014, 26.46662266923497]]]}, "properties": {"congestion_score": 0.978, "congestion_level": "free_flow", "color": "rgb(43,200,43)", "road_pixel_count": 1442}}, {"type": "Feature", "geometry": {"type": "Polygon", "coordinates": [[[50.04733264803619, 26.46662266923497], [50.04733264803619, 26.468868447172444], [50.04515792511817, 26.469991336141184], [50.04298320220014, 26.468868447172444], [50.04298320220014, 26.46662266923497], [50.04515792511817, 26.465499780266228], [50.04733264803619, 26.46662266923497]]]}, "properties": {"congestion_score": 0.865, "congestion_level": "light_congestion", "color": "rgb(255,255,55)", "road_pixel_count": 1760}}, {"type": "Feature", "geometry": {"type": "Polygon", "coordinates": [[[50.05168209387224, 26.46662266923497], [50.05168209387224, 26.468868447172444], [50.04950737095422, 26.469991336141184], [50.04733264803619, 26.468868447172444], [50.04733264803619, 26.46662266923497], [50.04950737095422, 26.465499780266228], [50.05168209387224, 26.46662266923497]]]}, "properties": {"congestion_score": 0.766, "congestion_level": "light_congestion", "color": "rgb(255,255,55)", "road_pixel_count": 1990}}, {"type": "Feature", "geometry": {"type": "Polygon", "coordinates": [[[50.05603153970829, 26.46662266923497], [50.05603153970829, 26.468868447172444], [50.053856816790265, 26.469991336141184], [50.05168209387224, 26.468868447172444], [50.05168209387224, 26.46662266923497], [50.053856816790265, 26.465499780266228], [50.05603153970829, 26.46662266923497]]]}, "properties": {"congestion_score": 0.933, "congestion_level": "light_congestion", "color": "rgb(255,255,55)", "road_pixel_count": 1927}}, {"type": "Feature", "geometry": {"type": "Polygon", "coordinates": [[[50.06038098554434, 26.46662266923497], [50.06038098554434, 26.468868447172444], [50.058206262626314, 26.469991336141184], [50.05603153970829, 26.468868447172444], [50.05603153970829, 26.46662266923497], [50.058206262626314, 26.465499780266228], [50.06038098554434, 26.46662266923497]]]}, "properties": {"congestion_score": 1.0, "congestion_level": "free_flow", "color": "rgb(43,200,43)", "road_pixel_count": 1752}}, {"type": "Feature", "geometry": {"type": "Polygon", "coordinates": [[[50.06473043138039, 26.46662266923497], [50.06473043138039, 26.468868447172444], [50.06255570846236, 26.469991336141184], [50.06038098554434, 26.468868447172444], [50.06038098554434, 26.46662266923497], [50.06255570846236, 26.465499780266228], [50.06473043138039, 26.46662266923497]]]}, "properties": {"congestion_score": 1.0, "congestion_level": "free_flow", "color": "rgb(43,200,43)", "road_pixel_count": 1046}}, {"type": "Feature", "geometry": {"type": "Polygon", "coordinates": [[[50.06907987721644, 26.46662266923497], [50.06907987721644, 26.468868447172444], [50.06690515429842, 26.469991336141184], [50.06473043138039, 26.468868447172444], [50.06473043138039, 26.46662266923497], [50.06690515429842, 26.465499780266228], [50.06907987721644, 26.46662266923497]]]}, "properties": {"congestion_score": 1.0, "congestion_level": "free_flow", "color": "rgb(43,200,43)", "road_pixel_count": 35}}, {"type": "Feature", "geometry": {"type": "Polygon", "coordinates": [[[50.07342932305249, 26.46662266923497], [50.07342932305249, 26.468868447172444], [50.071254600134466, 26.469991336141184], [50.06907987721644, 26.468868447172444], [50.06907987721644, 26.46662266923497], [50.071254600134466, 26.465499780266228], [50.07342932305249, 26.46662266923497]]]}, "properties": {"congestion_score": 1.0, "congestion_level": "free_flow", "color": "rgb(43,200,43)", "road_pixel_count": 1256}}, {"type": "Feature", "geometry": {"type": "Polygon", "coordinates": [[[50.07777876888854, 26.46662266923497], [50.07777876888854, 26.468868447172444], [50.075604045970515, 26.469991336141184], [50.07342932305249, 26.468868447172444], [50.07342932305249, 26.46662266923497], [50.075604045970515, 26.465499780266228], [50.07777876888854, 26.46662266923497]]]}, "properties": {"congestion_score": 0.966, "congestion_level": "free_flow", "color": "rgb(43,200,43)", "road_pixel_count": 1176}}, {"type": "Feature", "geometry": {"type": "Polygon", "coordinates": [[[50.08212821472459, 26.46662266923497], [50.08212821472459, 26.468868447172444], [50.07995349180656, 26.469991336141184], [50.07777876888854, 26.468868447172444], [50.07777876888854, 26.46662266923497], [50.07995349180656, 26.465499780266228], [50.08212821472459, 26.46662266923497]]]}, "properties": {"congestion_score": 0.944, "congestion_level": "light_congestion", "color": "rgb(255,255,55)", "road_pixel_count": 1540}}, {"type": "Feature", "geometry": {"type": "Polygon", "coordinates": [[[50.08647766056064, 26.46662266923497], [50.08647766056064, 26.468868447172444], [50.08430293764261, 26.469991336141184], [50.08212821472459, 26.468868447172444], [50.08212821472459, 26.46662266923497], [50.08430293764261, 26.465499780266228], [50.08647766056064, 26.46662266923497]]]}, "properties": {"congestion_score": 0.966, "congestion_level": "free_flow", "color": "rgb(43,200,43)", "road_pixel_count": 1915}}, {"type": "Feature", "geometry": {"type": "Polygon", "coordinates": [[[50.09082710639669, 26.46662266923497], [50.09082710639669, 26.468868447172444], [50.08865238347867, 26.469991336141184], [50.08647766056064, 26.468868447172444], [50.08647766056064, 26.46662266923497], [50.08865238347867, 26.465499780266228], [50.09082710639669, 26.46662266923497]]]}, "properties": {"congestion_score": 0.973, "congestion_level": "free_flow", "color": "rgb(43,200,43)", "road_pixel_count": 1342}}, {"type": "Feature", "geometry": {"type": "Polygon", "coordinates": [[[50.095176552232736, 26.46662266923497], [50.095176552232736, 26.468868447172444], [50.093001829314716, 26.469991336141184], [50.09082710639669, 26.468868447172444], [50.09082710639669, 26.46662266923497], [50.093001829314716, 26.465499780266228], [50.095176552232736, 26.46662266923497]]]}, "properties": {"congestion_score": 1.0, "congestion_level": "free_flow", "color": "rgb(43,200,43)", "road_pixel_count": 1251}}, {"type": "Feature", "geometry": {"type": "Polygon", "coordinates": [[[50.099525998068785, 26.46662266923497], [50.099525998068785, 26.468868447172444], [50.097351275150764, 26.469991336141184], [50.095176552232736, 26.468868447172444], [50.095176552232736, 26.46662266923497], [50.097351275150764, 26.465499780266228], [50.099525998068785, 26.46662266923497]]]}, "properties": {"congestion_score": 1.0, "congestion_level": "free_flow", "color": "rgb(43,200,43)", "road_pixel_count": 1326}}, {"type": "Feature", "geometry": {"type": "Polygon", "coordinates": [[[50.116923781412986, 26.46662266923497], [50.116923781412986, 26.468868447172444], [50.114749058494965, 26.469991336141184], [50.11257433557694, 26.468868447172444], [50.11257433557694, 26.46662266923497], [50.114749058494965, 26.465499780266228], [50.116923781412986, 26.46662266923497]]]}, "properties": {"congestion_score": 0.995, "congestion_level": "free_flow", "color": "rgb(43,200,43)", "road_pixel_count": 1078}}, {"type": "Feature", "geometry": {"type": "Polygon", "coordinates": [[[50.12562267308509, 26.46662266923497], [50.12562267308509, 26.468868447172444], [50.12344795016706, 26.469991336141184], [50.121273227249034, 26.468868447172444], [50.121273227249034, 26.46662266923497], [50.12344795016706, 26.465499780266228], [50.12562267308509, 26.46662266923497]]]}, "properties": {"congestion_score": 1.0, "congestion_level": "free_flow", "color": "rgb(43,200,43)", "road_pixel_count": 1194}}, {"type": "Feature", "geometry": {"type": "Polygon", "coordinates": [[[50.12997211892114, 26.46662266923497], [50.12997211892114, 26.468868447172444], [50.12779739600311, 26.469991336141184], [50.12562267308509, 26.468868447172444], [50.12562267308509, 26.46662266923497], [50.12779739600311, 26.465499780266228], [50.12997211892114, 26.46662266923497]]]}, "properties": {"congestion_score": 1.0, "congestion_level": "free_flow", "color": "rgb(43,200,43)", "road_pixel_count": 548}}, {"type": "Feature", "geometry": {"type": "Polygon", "coordinates": [[[50.13432156475719, 26.46662266923497], [50.13432156475719, 26.468868447172444], [50.13214684183916, 26.469991336141184], [50.12997211892114, 26.468868447172444], [50.12997211892114, 26.46662266923497], [50.13214684183916, 26.465499780266228], [50.13432156475719, 26.46662266923497]]]}, "properties": {"congestion_score": 0.997, "congestion_level": "free_flow", "color": "rgb(43,200,43)", "road_pixel_count": 1273}}, {"type": "Feature", "geometry": {"type": "Polygon", "coordinates": [[[49.99731402092162, 26.469991336141184], [49.99731402092162, 26.472237114078663], [49.99513929800359, 26.4733600030474], [49.992964575085566, 26.472237114078663], [49.992964575085566, 26.469991336141184], [49.99513929800359, 26.468868447172444], [49.99731402092162, 26.469991336141184]]]}, "properties": {"congestion_score": 1.0, "congestion_level": "free_flow", "color": "rgb(43,200,43)", "road_pixel_count": 168}}, {"type": "Feature", "geometry": {"type": "Polygon", "coordinates": [[[50.00166346675767, 26.469991336141184], [50.00166346675767, 26.472237114078663], [49.99948874383964, 26.4733600030474], [49.99731402092162, 26.472237114078663], [49.99731402092162, 26.469991336141184], [49.99948874383964, 26.468868447172444], [50.00166346675767, 26.469991336141184]]]}, "properties": {"congestion_score": 1.0, "congestion_level": "free_flow", "color": "rgb(43,200,43)", "road_pixel_count": 2558}}, {"type": "Feature", "geometry": {"type": "Polygon", "coordinates": [[[50.00601291259372, 26.469991336141184], [50.00601291259372, 26.472237114078663], [50.00383818967569, 26.4733600030474], [50.00166346675767, 26.472237114078663], [50.00166346675767, 26.469991336141184], [50.00383818967569, 26.468868447172444], [50.00601291259372, 26.469991336141184]]]}, "properties": {"congestion_score": 0.939, "congestion_level": "light_congestion", "color": "rgb(255,255,55)", "road_pixel_count": 1446}}, {"type": "Feature", "geometry": {"type": "Polygon", "coordinates": [[[50.01036235842977, 26.469991336141184], [50.01036235842977, 26.472237114078663], [50.008187635511746, 26.4733600030474], [50.00601291259372, 26.472237114078663], [50.00601291259372, 26.469991336141184], [50.008187635511746, 26.468868447172444], [50.01036235842977, 26.469991336141184]]]}, "properties": {"congestion_score": 0.953, "congestion_level": "free_flow", "color": "rgb(43,200,43)", "road_pixel_count": 1050}}, {"type": "Feature", "geometry": {"type": "Polygon", "coordinates": [[[50.014711804265815, 26.469991336141184], [50.014711804265815, 26.472237114078663], [50.012537081347794, 26.4733600030474], [50.01036235842977, 26.472237114078663], [50.01036235842977, 26.469991336141184], [50.012537081347794, 26.468868447172444], [50.014711804265815, 26.469991336141184]]]}, "properties": {"congestion_score": 0.996, "congestion_level": "free_flow", "color": "rgb(43,200,43)", "road_pixel_count": 554}}, {"type": "Feature", "geometry": {"type": "Polygon", "coordinates": [[[50.01906125010187, 26.469991336141184], [50.01906125010187, 26.472237114078663], [50.01688652718384, 26.4733600030474], [50.014711804265815, 26.472237114078663], [50.014711804265815, 26.469991336141184], [50.01688652718384, 26.468868447172444], [50.01906125010187, 26.469991336141184]]]}, "properties": {"congestion_score": 0.943, "congestion_level": "light_congestion", "color": "rgb(255,255,55)", "road_pixel_count": 2748}}, {"type": "Feature", "geometry": {"type": "Polygon", "coordinates": [[[50.02341069593792, 26.469991336141184], [50.02341069593792, 26.472237114078663], [50.02123597301989, 26.4733600030474], [50.01906125010187, 26.472237114078663], [50.01906125010187, 26.469991336141184], [50.02123597301989, 26.468868447172444], [50.02341069593792, 26.469991336141184]]]}, "properties": {"congestion_score": 0.944, "congestion_level": "light_congestion", "color": "rgb(255,255,55)", "road_pixel_count": 1058}}, {"type": "Feature", "geometry": {"type": "Polygon", "coordinates": [[[50.02776014177397, 26.469991336141184], [50.02776014177397, 26.472237114078663], [50.02558541885594, 26.4733600030474], [50.02341069593792, 26.472237114078663], [50.02341069593792, 26.469991336141184], [50.02558541885594, 26.468868447172444], [50.02776014177397, 26.469991336141184]]]}, "properties": {"congestion_score": 0.937, "congestion_level": "light_congestion", "color": "rgb(255,255,55)", "road_pixel_count": 1384}}, {"type": "Feature", "geometry": {"type": "Polygon", "coordinates": [[[50.032109587610016, 26.469991336141184], [50.032109587610016, 26.472237114078663], [50.02993486469199, 26.4733600030474], [50.02776014177397, 26.472237114078663], [50.02776014177397, 26.469991336141184], [50.02993486469199, 26.468868447172444], [50.032109587610016, 26.469991336141184]]]}, "properties": {"congestion_score": 0.993, "congestion_level": "free_flow", "color": "rgb(43,200,43)", "road_pixel_count": 1137}}, {"type": "Feature", "geometry": {"type": "Polygon", "coordinates": [[[50.036459033446064, 26.469991336141184], [50.036459033446064, 26.472237114078663], [50.034284310528044, 26.4733600030474], [50.032109587610016, 26.472237114078663], [50.032109587610016, 26.469991336141184], [50.034284310528044, 26.468868447172444], [50.036459033446064, 26.469991336141184]]]}, "properties": {"congestion_score": 0.887, "congestion_level": "light_congestion", "color": "rgb(255,255,55)", "road_pixel_count": 1930}}, {"type": "Feature", "geometry": {"type": "Polygon", "coordinates": [[[50.04080847928211, 26.469991336141184], [50.04080847928211, 26.472237114078663], [50.03863375636409, 26.4733600030474], [50.036459033446064, 26.472237114078663], [50.036459033446064, 26.469991336141184], [50.03863375636409, 26.468868447172444], [50.04080847928211, 26.469991336141184]]]}, "properties": {"congestion_score": 0.996, "congestion_level": "free_flow", "color": "rgb(43,200,43)", "road_pixel_count": 1875}}, {"type": "Feature", "geometry": {"type": "Polygon", "coordinates": [[[50.04515792511817, 26.469991336141184], [50.04515792511817, 26.472237114078663], [50.04298320220014, 26.4733600030474], [50.04080847928211, 26.472237114078663], [50.04080847928211, 26.469991336141184], [50.04298320220014, 26.468868447172444], [50.04515792511817, 26.469991336141184]]]}, "properties": {"congestion_score": 1.0, "congestion_level": "free_flow", "color": "rgb(43,200,43)", "road_pixel_count": 356}}, {"type": "Feature", "geometry": {"type": "Polygon", "coordinates": [[[50.04950737095422, 26.469991336141184], [50.04950737095422, 26.472237114078663], [50.04733264803619, 26.4733600030474], [50.04515792511817, 26.472237114078663], [50.04515792511817, 26.469991336141184], [50.04733264803619, 26.468868447172444], [50.04950737095422, 26.469991336141184]]]}, "properties": {"congestion_score": 0.981, "congestion_level": "free_flow", "color": "rgb(43,200,43)", "road_pixel_count": 2137}}, {"type": "Feature", "geometry": {"type": "Polygon", "coordinates": [[[50.053856816790265, 26.469991336141184], [50.053856816790265, 26.472237114078663], [50.05168209387224, 26.4733600030474], [50.04950737095422, 26.472237114078663], [50.04950737095422, 26.469991336141184], [50.05168209387224, 26.468868447172444], [50.053856816790265, 26.469991336141184]]]}, "properties": {"congestion_score": 0.063, "congestion_level": "complete_congestion", "color": "rgb(119,119,119)", "road_pixel_count": 432}}, {"type": "Feature", "geometry": {"type": "Polygon", "coordinates": [[[50.058206262626314, 26.469991336141184], [50.058206262626314, 26.472237114078663], [50.05603153970829, 26.4733600030474], [50.053856816790265, 26.472237114078663], [50.053856816790265, 26.469991336141184], [50.05603153970829, 26.468868447172444], [50.058206262626314, 26.469991336141184]]]}, "properties": {"congestion_score": 0.587, "congestion_level": "heavy_traffic", "color": "rgb(255,35,35)", "road_pixel_count": 1447}}, {"type": "Feature", "geometry": {"type": "Polygon", "coordinates": [[[50.06255570846236, 26.469991336141184], [50.06255570846236, 26.472237114078663], [50.06038098554434, 26.4733600030474], [50.058206262626314, 26.472237114078663], [50.058206262626314, 26.469991336141184], [50.06038098554434, 26.468868447172444], [50.06255570846236, 26.469991336141184]]]}, "properties": {"congestion_score": 1.0, "congestion_level": "free_flow", "color": "rgb(43,200,43)", "road_pixel_count": 1999}}, {"type": "Feature", "geometry": {"type": "Polygon", "coordinates": [[[50.06690515429842, 26.469991336141184], [50.06690515429842, 26.472237114078663], [50.06473043138039, 26.4733600030474], [50.06255570846236, 26.472237114078663], [50.06255570846236, 26.469991336141184], [50.06473043138039, 26.468868447172444], [50.06690515429842, 26.469991336141184]]]}, "properties": {"congestion_score": 1.0, "congestion_level": "free_flow", "color": "rgb(43,200,43)", "road_pixel_count": 678}}, {"type": "Feature", "geometry": {"type": "Polygon", "coordinates": [[[50.071254600134466, 26.469991336141184], [50.071254600134466, 26.472237114078663], [50.06907987721644, 26.4733600030474], [50.06690515429842, 26.472237114078663], [50.06690515429842, 26.469991336141184], [50.06907987721644, 26.468868447172444], [50.071254600134466, 26.469991336141184]]]}, "properties": {"congestion_score": 1.0, "congestion_level": "free_flow", "color": "rgb(43,200,43)", "road_pixel_count": 1254}}, {"type": "Feature", "geometry": {"type": "Polygon", "coordinates": [[[50.08865238347867, 26.469991336141184], [50.08865238347867, 26.472237114078663], [50.08647766056064, 26.4733600030474], [50.08430293764261, 26.472237114078663], [50.08430293764261, 26.469991336141184], [50.08647766056064, 26.468868447172444], [50.08865238347867, 26.469991336141184]]]}, "properties": {"congestion_score": 0.982, "congestion_level": "free_flow", "color": "rgb(43,200,43)", "road_pixel_count": 1881}}, {"type": "Feature", "geometry": {"type": "Polygon", "coordinates": [[[50.093001829314716, 26.469991336141184], [50.093001829314716, 26.472237114078663], [50.09082710639669, 26.4733600030474], [50.08865238347867, 26.472237114078663], [50.08865238347867, 26.469991336141184], [50.09082710639669, 26.468868447172444], [50.093001829314716, 26.469991336141184]]]}, "properties": {"congestion_score": 0.972, "congestion_level": "free_flow", "color": "rgb(43,200,43)", "road_pixel_count": 1678}}, {"type": "Feature", "geometry": {"type": "Polygon", "coordinates": [[[50.097351275150764, 26.469991336141184], [50.097351275150764, 26.472237114078663], [50.095176552232736, 26.4733600030474], [50.093001829314716, 26.472237114078663], [50.093001829314716, 26.469991336141184], [50.095176552232736, 26.468868447172444], [50.097351275150764, 26.469991336141184]]]}, "properties": {"congestion_score": 1.0, "congestion_level": "free_flow", "color": "rgb(43,200,43)", "road_pixel_count": 1050}}, {"type": "Feature", "geometry": {"type": "Polygon", "coordinates": [[[50.10170072098681, 26.469991336141184], [50.10170072098681, 26.472237114078663], [50.099525998068785, 26.4733600030474], [50.097351275150764, 26.472237114078663], [50.097351275150764, 26.469991336141184], [50.099525998068785, 26.468868447172444], [50.10170072098681, 26.469991336141184]]]}, "properties": {"congestion_score": 1.0, "congestion_level": "free_flow", "color": "rgb(43,200,43)", "road_pixel_count": 255}}, {"type": "Feature", "geometry": {"type": "Polygon", "coordinates": [[[50.11909850433101, 26.469991336141184], [50.11909850433101, 26.472237114078663], [50.116923781412986, 26.4733600030474], [50.114749058494965, 26.472237114078663], [50.114749058494965, 26.469991336141184], [50.116923781412986, 26.468868447172444], [50.11909850433101, 26.469991336141184]]]}, "properties": {"congestion_score": 0.957, "congestion_level": "free_flow", "color": "rgb(43,200,43)", "road_pixel_count": 1302}}, {"type": "Feature", "geometry": {"type": "Polygon", "coordinates": [[[50.12344795016706, 26.469991336141184], [50.12344795016706, 26.472237114078663], [50.121273227249034, 26.4733600030474], [50.11909850433101, 26.472237114078663], [50.11909850433101, 26.469991336141184], [50.121273227249034, 26.468868447172444], [50.12344795016706, 26.469991336141184]]]}, "properties": {"congestion_score": 1.0, "congestion_level": "free_flow", "color": "rgb(43,200,43)", "road_pixel_count": 243}}, {"type": "Feature", "geometry": {"type": "Polygon", "coordinates": [[[50.12779739600311, 26.469991336141184], [50.12779739600311, 26.472237114078663], [50.12562267308509, 26.4733600030474], [50.12344795016706, 26.472237114078663], [50.12344795016706, 26.469991336141184], [50.12562267308509, 26.468868447172444], [50.12779739600311, 26.469991336141184]]]}, "properties": {"congestion_score": 0.984, "congestion_level": "free_flow", "color": "rgb(43,200,43)", "road_pixel_count": 833}}, {"type": "Feature", "geometry": {"type": "Polygon", "coordinates": [[[50.13214684183916, 26.469991336141184], [50.13214684183916, 26.472237114078663], [50.12997211892114, 26.4733600030474], [50.12779739600311, 26.472237114078663], [50.12779739600311, 26.469991336141184], [50.12997211892114, 26.468868447172444], [50.13214684183916, 26.469991336141184]]]}, "properties": {"congestion_score": 0.917, "congestion_level": "light_congestion", "color": "rgb(255,255,55)", "road_pixel_count": 971}}, {"type": "Feature", "geometry": {"type": "Polygon", "coordinates": [[[50.136496287675214, 26.469991336141184], [50.136496287675214, 26.472237114078663], [50.13432156475719, 26.4733600030474], [50.13214684183916, 26.472237114078663], [50.13214684183916, 26.469991336141184], [50.13432156475719, 26.468868447172444], [50.136496287675214, 26.469991336141184]]]}, "properties": {"congestion_score": 0.977, "congestion_level": "free_flow", "color": "rgb(43,200,43)", "road_pixel_count": 965}}, {"type": "Feature", "geometry": {"type": "Polygon", "coordinates": [[[49.99513929800359, 26.4733600030474], [49.99513929800359, 26.47560578098488], [49.992964575085566, 26.476728669953616], [49.990789852167545, 26.47560578098488], [49.990789852167545, 26.4733600030474], [49.992964575085566, 26.472237114078663], [49.99513929800359, 26.4733600030474]]]}, "properties": {"congestion_score": 1.0, "congestion_level": "free_flow", "color": "rgb(43,200,43)", "road_pixel_count": 1010}}, {"type": "Feature", "geometry": {"type": "Polygon", "coordinates": [[[49.99948874383964, 26.4733600030474], [49.99948874383964, 26.47560578098488], [49.99731402092162, 26.476728669953616], [49.99513929800359, 26.47560578098488], [49.99513929800359, 26.4733600030474], [49.99731402092162, 26.472237114078663], [49.99948874383964, 26.4733600030474]]]}, "properties": {"congestion_score": 1.0, "congestion_level": "free_flow", "color": "rgb(43,200,43)", "road_pixel_count": 2208}}, {"type": "Feature", "geometry": {"type": "Polygon", "coordinates": [[[50.00383818967569, 26.4733600030474], [50.00383818967569, 26.47560578098488], [50.00166346675767, 26.476728669953616], [49.99948874383964, 26.47560578098488], [49.99948874383964, 26.4733600030474], [50.00166346675767, 26.472237114078663], [50.00383818967569, 26.4733600030474]]]}, "properties": {"congestion_score": 0.837, "congestion_level": "light_congestion", "color": "rgb(255,255,55)", "road_pixel_count": 1313}}, {"type": "Feature", "geometry": {"type": "Polygon", "coordinates": [[[50.008187635511746, 26.4733600030474], [50.008187635511746, 26.47560578098488], [50.00601291259372, 26.476728669953616], [50.00383818967569, 26.47560578098488], [50.00383818967569, 26.4733600030474], [50.00601291259372, 26.472237114078663], [50.008187635511746, 26.4733600030474]]]}, "properties": {"congestion_score": 0.918, "congestion_level": "light_congestion", "color": "rgb(255,255,55)", "road_pixel_count": 206}}, {"type": "Feature", "geometry": {"type": "Polygon", "coordinates": [[[50.012537081347794, 26.4733600030474], [50.012537081347794, 26.47560578098488], [50.01036235842977, 26.476728669953616], [50.008187635511746, 26.47560578098488], [50.008187635511746, 26.4733600030474], [50.01036235842977, 26.472237114078663], [50.012537081347794, 26.4733600030474]]]}, "properties": {"congestion_score": 0.982, "congestion_level": "free_flow", "color": "rgb(43,200,43)", "road_pixel_count": 1036}}, {"type": "Feature", "geometry": {"type": "Polygon", "coordinates": [[[50.01688652718384, 26.4733600030474], [50.01688652718384, 26.47560578098488], [50.014711804265815, 26.476728669953616], [50.012537081347794, 26.47560578098488], [50.012537081347794, 26.4733600030474], [50.014711804265815, 26.472237114078663], [50.01688652718384, 26.4733600030474]]]}, "properties": {"congestion_score": 0.997, "congestion_level": "free_flow", "color": "rgb(43,200,43)", "road_pixel_count": 1997}}, {"type": "Feature", "geometry": {"type": "Polygon", "coordinates": [[[50.02993486469199, 26.4733600030474], [50.02993486469199, 26.47560578098488], [50.02776014177397, 26.476728669953616], [50.02558541885594, 26.47560578098488], [50.02558541885594, 26.4733600030474], [50.02776014177397, 26.472237114078663], [50.02993486469199, 26.4733600030474]]]}, "properties": {"congestion_score": 0.98, "congestion_level": "free_flow", "color": "rgb(43,200,43)", "road_pixel_count": 1263}}, {"type": "Feature", "geometry": {"type": "Polygon", "coordinates": [[[50.034284310528044, 26.4733600030474], [50.034284310528044, 26.47560578098488], [50.032109587610016, 26.476728669953616], [50.02993486469199, 26.47560578098488], [50.02993486469199, 26.4733600030474], [50.032109587610016, 26.472237114078663], [50.034284310528044, 26.4733600030474]]]}, "properties": {"congestion_score": 0.963, "congestion_level": "free_flow", "color": "rgb(43,200,43)", "road_pixel_count": 2009}}, {"type": "Feature", "geometry": {"type": "Polygon", "coordinates": [[[50.03863375636409, 26.4733600030474], [50.03863375636409, 26.47560578098488], [50.036459033446064, 26.476728669953616], [50.034284310528044, 26.47560578098488], [50.034284310528044, 26.4733600030474], [50.036459033446064, 26.472237114078663], [50.03863375636409, 26.4733600030474]]]}, "properties": {"congestion_score": 0.995, "congestion_level": "free_flow", "color": "rgb(43,200,43)", "road_pixel_count": 982}}, {"type": "Feature", "geometry": {"type": "Polygon", "coordinates": [[[50.04298320220014, 26.4733600030474], [50.04298320220014, 26.47560578098488], [50.04080847928211, 26.476728669953616], [50.03863375636409, 26.47560578098488], [50.03863375636409, 26.4733600030474], [50.04080847928211, 26.472237114078663], [50.04298320220014, 26.4733600030474]]]}, "properties": {"congestion_score": 0.993, "congestion_level": "free_flow", "color": "rgb(43,200,43)", "road_pixel_count": 958}}, {"type": "Feature", "geometry": {"type": "Polygon", "coordinates": [[[50.04733264803619, 26.4733600030474], [50.04733264803619, 26.47560578098488], [50.04515792511817, 26.476728669953616], [50.04298320220014, 26.47560578098488], [50.04298320220014, 26.4733600030474], [50.04515792511817, 26.472237114078663], [50.04733264803619, 26.4733600030474]]]}, "properties": {"congestion_score": 0.976, "congestion_level": "free_flow", "color": "rgb(43,200,43)", "road_pixel_count": 2279}}, {"type": "Feature", "geometry": {"type": "Polygon", "coordinates": [[[50.05168209387224, 26.4733600030474], [50.05168209387224, 26.47560578098488], [50.04950737095422, 26.476728669953616], [50.04733264803619, 26.47560578098488], [50.04733264803619, 26.4733600030474], [50.04950737095422, 26.472237114078663], [50.05168209387224, 26.4733600030474]]]}, "properties": {"congestion_score": 1.0, "congestion_level": "free_flow", "color": "rgb(43,200,43)", "road_pixel_count": 1129}}, {"type": "Feature", "geometry": {"type": "Polygon", "coordinates": [[[50.05603153970829, 26.4733600030474], [50.05603153970829, 26.47560578098488], [50.053856816790265, 26.476728669953616], [50.05168209387224, 26.47560578098488], [50.05168209387224, 26.4733600030474], [50.053856816790265, 26.472237114078663], [50.05603153970829, 26.4733600030474]]]}, "properties": {"congestion_score": 1.0, "congestion_level": "free_flow", "color": "rgb(43,200,43)", "road_pixel_count": 662}}, {"type": "Feature", "geometry": {"type": "Polygon", "coordinates": [[[50.06038098554434, 26.4733600030474], [50.06038098554434, 26.47560578098488], [50.058206262626314, 26.476728669953616], [50.05603153970829, 26.47560578098488], [50.05603153970829, 26.4733600030474], [50.058206262626314, 26.472237114078663], [50.06038098554434, 26.4733600030474]]]}, "properties": {"congestion_score": 0.99, "congestion_level": "free_flow", "color": "rgb(43,200,43)", "road_pixel_count": 1712}}, {"type": "Feature", "geometry": {"type": "Polygon", "coordinates": [[[50.06473043138039, 26.4733600030474], [50.06473043138039, 26.47560578098488], [50.06255570846236, 26.476728669953616], [50.06038098554434, 26.47560578098488], [50.06038098554434, 26.4733600030474], [50.06255570846236, 26.472237114078663], [50.06473043138039, 26.4733600030474]]]}, "properties": {"congestion_score": 0.985, "congestion_level": "free_flow", "color": "rgb(43,200,43)", "road_pixel_count": 989}}, {"type": "Feature", "geometry": {"type": "Polygon", "coordinates": [[[50.06907987721644, 26.4733600030474], [50.06907987721644, 26.47560578098488], [50.06690515429842, 26.476728669953616], [50.06473043138039, 26.47560578098488], [50.06473043138039, 26.4733600030474], [50.06690515429842, 26.472237114078663], [50.06907987721644, 26.4733600030474]]]}, "properties": {"congestion_score": 1.0, "congestion_level": "free_flow", "color": "rgb(43,200,43)", "road_pixel_count": 1722}}, {"type": "Feature", "geometry": {"type": "Polygon", "coordinates": [[[50.08647766056064, 26.4733600030474], [50.08647766056064, 26.47560578098488], [50.08430293764261, 26.476728669953616], [50.08212821472459, 26.47560578098488], [50.08212821472459, 26.4733600030474], [50.08430293764261, 26.472237114078663], [50.08647766056064, 26.4733600030474]]]}, "properties": {"congestion_score": 0.901, "congestion_level": "light_congestion", "color": "rgb(255,255,55)", "road_pixel_count": 867}}, {"type": "Feature", "geometry": {"type": "Polygon", "coordinates": [[[50.09082710639669, 26.4733600030474], [50.09082710639669, 26.47560578098488], [50.08865238347867, 26.476728669953616], [50.08647766056064, 26.47560578098488], [50.08647766056064, 26.4733600030474], [50.08865238347867, 26.472237114078663], [50.09082710639669, 26.4733600030474]]]}, "properties": {"congestion_score": 1.0, "congestion_level": "free_flow", "color": "rgb(43,200,43)", "road_pixel_count": 2040}}, {"type": "Feature", "geometry": {"type": "Polygon", "coordinates": [[[50.095176552232736, 26.4733600030474], [50.095176552232736, 26.47560578098488], [50.093001829314716, 26.476728669953616], [50.09082710639669, 26.47560578098488], [50.09082710639669, 26.4733600030474], [50.093001829314716, 26.472237114078663], [50.095176552232736, 26.4733600030474]]]}, "properties": {"congestion_score": 1.0, "congestion_level": "free_flow", "color": "rgb(43,200,43)", "road_pixel_count": 1100}}, {"type": "Feature", "geometry": {"type": "Polygon", "coordinates": [[[50.099525998068785, 26.4733600030474], [50.099525998068785, 26.47560578098488], [50.097351275150764, 26.476728669953616], [50.095176552232736, 26.47560578098488], [50.095176552232736, 26.4733600030474], [50.097351275150764, 26.472237114078663], [50.099525998068785, 26.4733600030474]]]}, "properties": {"congestion_score": 1.0, "congestion_level": "free_flow", "color": "rgb(43,200,43)", "road_pixel_count": 1511}}, {"type": "Feature", "geometry": {"type": "Polygon", "coordinates": [[[50.116923781412986, 26.4733600030474], [50.116923781412986, 26.47560578098488], [50.114749058494965, 26.476728669953616], [50.11257433557694, 26.47560578098488], [50.11257433557694, 26.4733600030474], [50.114749058494965, 26.472237114078663], [50.116923781412986, 26.4733600030474]]]}, "properties": {"congestion_score": 0.986, "congestion_level": "free_flow", "color": "rgb(43,200,43)", "road_pixel_count": 458}}, {"type": "Feature", "geometry": {"type": "Polygon", "coordinates": [[[50.121273227249034, 26.4733600030474], [50.121273227249034, 26.47560578098488], [50.11909850433101, 26.476728669953616], [50.116923781412986, 26.47560578098488], [50.116923781412986, 26.4733600030474], [50.11909850433101, 26.472237114078663], [50.121273227249034, 26.4733600030474]]]}, "properties": {"congestion_score": 0.92, "congestion_level": "light_congestion", "color": "rgb(255,255,55)", "road_pixel_count": 2078}}, {"type": "Feature", "geometry": {"type": "Polygon", "coordinates": [[[50.12562267308509, 26.4733600030474], [50.12562267308509, 26.47560578098488], [50.12344795016706, 26.476728669953616], [50.121273227249034, 26.47560578098488], [50.121273227249034, 26.4733600030474], [50.12344795016706, 26.472237114078663], [50.12562267308509, 26.4733600030474]]]}, "properties": {"congestion_score": 0.97, "congestion_level": "free_flow", "color": "rgb(43,200,43)", "road_pixel_count": 1909}}, {"type": "Feature", "geometry": {"type": "Polygon", "coordinates": [[[50.12997211892114, 26.4733600030474], [50.12997211892114, 26.47560578098488], [50.12779739600311, 26.476728669953616], [50.12562267308509, 26.47560578098488], [50.12562267308509, 26.4733600030474], [50.12779739600311, 26.472237114078663], [50.12997211892114, 26.4733600030474]]]}, "properties": {"congestion_score": 0.963, "congestion_level": "free_flow", "color": "rgb(43,200,43)", "road_pixel_count": 1651}}, {"type": "Feature", "geometry": {"type": "Polygon", "coordinates": [[[50.13432156475719, 26.4733600030474], [50.13432156475719, 26.47560578098488], [50.13214684183916, 26.476728669953616], [50.12997211892114, 26.47560578098488], [50.12997211892114, 26.4733600030474], [50.13214684183916, 26.472237114078663], [50.13432156475719, 26.4733600030474]]]}, "properties": {"congestion_score": 0.95, "congestion_level": "light_congestion", "color": "rgb(255,255,55)", "road_pixel_count": 1674}}, {"type": "Feature", "geometry": {"type": "Polygon", "coordinates": [[[49.971217345905316, 26.476728669953616], [49.971217345905316, 26.478974447891094], [49.969042622987295, 26.48009733685983], [49.96686790006927, 26.478974447891094], [49.96686790006927, 26.476728669953616], [49.969042622987295, 26.47560578098488], [49.971217345905316, 26.476728669953616]]]}, "properties": {"congestion_score": 0.829, "congestion_level": "light_congestion", "color": "rgb(255,255,55)", "road_pixel_count": 1001}}, {"type": "Feature", "geometry": {"type": "Polygon", "coordinates": [[[49.97556679174137, 26.476728669953616], [49.97556679174137, 26.478974447891094], [49.973392068823344, 26.48009733685983], [49.971217345905316, 26.478974447891094], [49.971217345905316, 26.476728669953616], [49.973392068823344, 26.47560578098488], [49.97556679174137, 26.476728669953616]]]}, "properties": {"congestion_score": 0.376, "congestion_level": "heavy_traffic", "color": "rgb(255,35,35)", "road_pixel_count": 434}}, {"type": "Feature", "geometry": {"type": "Polygon", "coordinates": [[[49.992964575085566, 26.476728669953616], [49.992964575085566, 26.478974447891094], [49.990789852167545, 26.48009733685983], [49.98861512924952, 26.478974447891094], [49.98861512924952, 26.476728669953616], [49.990789852167545, 26.47560578098488], [49.992964575085566, 26.476728669953616]]]}, "properties": {"congestion_score": 1.0, "congestion_level": "free_flow", "color": "rgb(43,200,43)", "road_pixel_count": 2432}}, {"type": "Feature", "geometry": {"type": "Polygon", "coordinates": [[[49.99731402092162, 26.476728669953616], [49.99731402092162, 26.478974447891094], [49.99513929800359, 26.48009733685983], [49.992964575085566, 26.478974447891094], [49.992964575085566, 26.476728669953616], [49.99513929800359, 26.47560578098488], [49.99731402092162, 26.476728669953616]]]}, "properties": {"congestion_score": 1.0, "congestion_level": "free_flow", "color": "rgb(43,200,43)", "road_pixel_count": 1292}}, {"type": "Feature", "geometry": {"type": "Polygon", "coordinates": [[[50.00166346675767, 26.476728669953616], [50.00166346675767, 26.478974447891094], [49.99948874383964, 26.48009733685983], [49.99731402092162, 26.478974447891094], [49.99731402092162, 26.476728669953616], [49.99948874383964, 26.47560578098488], [50.00166346675767, 26.476728669953616]]]}, "properties": {"congestion_score": 0.879, "congestion_level": "light_congestion", "color": "rgb(255,255,55)", "road_pixel_count": 1394}}, {"type": "Feature", "geometry": {"type": "Polygon", "coordinates": [[[50.01036235842977, 26.476728669953616], [50.01036235842977, 26.478974447891094], [50.008187635511746, 26.48009733685983], [50.00601291259372, 26.478974447891094], [50.00601291259372, 26.476728669953616], [50.008187635511746, 26.47560578098488], [50.01036235842977, 26.476728669953616]]]}, "properties": {"congestion_score": 0.991, "congestion_level": "free_flow", "color": "rgb(43,200,43)", "road_pixel_count": 2354}}, {"type": "Feature", "geometry": {"type": "Polygon", "coordinates": [[[50.014711804265815, 26.476728669953616], [50.014711804265815, 26.478974447891094], [50.012537081347794, 26.48009733685983], [50.01036235842977, 26.478974447891094], [50.01036235842977, 26.476728669953616], [50.012537081347794, 26.47560578098488], [50.014711804265815, 26.476728669953616]]]}, "properties": {"congestion_score": 0.533, "congestion_level": "heavy_traffic", "color": "rgb(255,35,35)", "road_pixel_count": 1712}}, {"type": "Feature", "geometry": {"type": "Polygon", "coordinates": [[[50.01906125010187, 26.476728669953616], [50.01906125010187, 26.478974447891094], [50.01688652718384, 26.48009733685983], [50.014711804265815, 26.478974447891094], [50.014711804265815, 26.476728669953616], [50.01688652718384, 26.47560578098488], [50.01906125010187, 26.476728669953616]]]}, "properties": {"congestion_score": 1.0, "congestion_level": "free_flow", "color": "rgb(43,200,43)", "road_pixel_count": 82}}, {"type": "Feature", "geometry": {"type": "Polygon", "coordinates": [[[50.036459033446064, 26.476728669953616], [50.036459033446064, 26.478974447891094], [50.034284310528044, 26.48009733685983], [50.032109587610016, 26.478974447891094], [50.032109587610016, 26.476728669953616], [50.034284310528044, 26.47560578098488], [50.036459033446064, 26.476728669953616]]]}, "properties": {"congestion_score": 0.909, "congestion_level": "light_congestion", "color": "rgb(255,255,55)", "road_pixel_count": 1920}}, {"type": "Feature", "geometry": {"type": "Polygon", "coordinates": [[[50.04080847928211, 26.476728669953616], [50.04080847928211, 26.478974447891094], [50.03863375636409, 26.48009733685983], [50.036459033446064, 26.478974447891094], [50.036459033446064, 26.476728669953616], [50.03863375636409, 26.47560578098488], [50.04080847928211, 26.476728669953616]]]}, "properties": {"congestion_score": 0.819, "congestion_level": "light_congestion", "color": "rgb(255,255,55)", "road_pixel_count": 1324}}, {"type": "Feature", "geometry": {"type": "Polygon", "coordinates": [[[50.04515792511817, 26.476728669953616], [50.04515792511817, 26.478974447891094], [50.04298320220014, 26.48009733685983], [50.04080847928211, 26.478974447891094], [50.04080847928211, 26.476728669953616], [50.04298320220014, 26.47560578098488], [50.04515792511817, 26.476728669953616]]]}, "properties": {"congestion_score": 0.828, "congestion_level": "light_congestion", "color": "rgb(255,255,55)", "road_pixel_count": 1613}}, {"type": "Feature", "geometry": {"type": "Polygon", "coordinates": [[[50.04950737095422, 26.476728669953616], [50.04950737095422, 26.478974447891094], [50.04733264803619, 26.48009733685983], [50.04515792511817, 26.478974447891094], [50.04515792511817, 26.476728669953616], [50.04733264803619, 26.47560578098488], [50.04950737095422, 26.476728669953616]]]}, "properties": {"congestion_score": 1.0, "congestion_level": "free_flow", "color": "rgb(43,200,43)", "road_pixel_count": 1427}}, {"type": "Feature", "geometry": {"type": "Polygon", "coordinates": [[[50.053856816790265, 26.476728669953616], [50.053856816790265, 26.478974447891094], [50.05168209387224, 26.48009733685983], [50.04950737095422, 26.478974447891094], [50.04950737095422, 26.476728669953616], [50.05168209387224, 26.47560578098488], [50.053856816790265, 26.476728669953616]]]}, "properties": {"congestion_score": 1.0, "congestion_level": "free_flow", "color": "rgb(43,200,43)", "road_pixel_count": 808}}, {"type": "Feature", "geometry": {"type": "Polygon", "coordinates": [[[50.058206262626314, 26.476728669953616], [50.058206262626314, 26.478974447891094], [50.05603153970829, 26.48009733685983], [50.053856816790265, 26.478974447891094], [50.053856816790265, 26.476728669953616], [50.05603153970829, 26.47560578098488], [50.058206262626314, 26.476728669953616]]]}, "properties": {"congestion_score": 0.768, "congestion_level": "light_congestion", "color": "rgb(255,255,55)", "road_pixel_count": 1715}}, {"type": "Feature", "geometry": {"type": "Polygon", "coordinates": [[[50.06255570846236, 26.476728669953616], [50.06255570846236, 26.478974447891094], [50.06038098554434, 26.48009733685983], [50.058206262626314, 26.478974447891094], [50.058206262626314, 26.476728669953616], [50.06038098554434, 26.47560578098488], [50.06255570846236, 26.476728669953616]]]}, "properties": {"congestion_score": 1.0, "congestion_level": "free_flow", "color": "rgb(43,200,43)", "road_pixel_count": 740}}, {"type": "Feature", "geometry": {"type": "Polygon", "coordinates": [[[50.06690515429842, 26.476728669953616], [50.06690515429842, 26.478974447891094], [50.06473043138039, 26.48009733685983], [50.06255570846236, 26.478974447891094], [50.06255570846236, 26.476728669953616], [50.06473043138039, 26.47560578098488], [50.06690515429842, 26.476728669953616]]]}, "properties": {"congestion_score": 1.0, "congestion_level": "free_flow", "color": "rgb(43,200,43)", "road_pixel_count": 1545}}, {"type": "Feature", "geometry": {"type": "Polygon", "coordinates": [[[50.08865238347867, 26.476728669953616], [50.08865238347867, 26.478974447891094], [50.08647766056064, 26.48009733685983], [50.08430293764261, 26.478974447891094], [50.08430293764261, 26.476728669953616], [50.08647766056064, 26.47560578098488], [50.08865238347867, 26.476728669953616]]]}, "properties": {"congestion_score": 0.971, "congestion_level": "free_flow", "color": "rgb(43,200,43)", "road_pixel_count": 1632}}, {"type": "Feature", "geometry": {"type": "Polygon", "coordinates": [[[50.093001829314716, 26.476728669953616], [50.093001829314716, 26.478974447891094], [50.09082710639669, 26.48009733685983], [50.08865238347867, 26.478974447891094], [50.08865238347867, 26.476728669953616], [50.09082710639669, 26.47560578098488], [50.093001829314716, 26.476728669953616]]]}, "properties": {"congestion_score": 0.97, "congestion_level": "free_flow", "color": "rgb(43,200,43)", "road_pixel_count": 1390}}, {"type": "Feature", "geometry": {"type": "Polygon", "coordinates": [[[50.097351275150764, 26.476728669953616], [50.097351275150764, 26.478974447891094], [50.095176552232736, 26.48009733685983], [50.093001829314716, 26.478974447891094], [50.093001829314716, 26.476728669953616], [50.095176552232736, 26.47560578098488], [50.097351275150764, 26.476728669953616]]]}, "properties": {"congestion_score": 0.977, "congestion_level": "free_flow", "color": "rgb(43,200,43)", "road_pixel_count": 1889}}, {"type": "Feature", "geometry": {"type": "Polygon", "coordinates": [[[50.10170072098681, 26.476728669953616], [50.10170072098681, 26.478974447891094], [50.099525998068785, 26.48009733685983], [50.097351275150764, 26.478974447891094], [50.097351275150764, 26.476728669953616], [50.099525998068785, 26.47560578098488], [50.10170072098681, 26.476728669953616]]]}, "properties": {"congestion_score": 1.0, "congestion_level": "free_flow", "color": "rgb(43,200,43)", "road_pixel_count": 255}}, {"type": "Feature", "geometry": {"type": "Polygon", "coordinates": [[[50.11909850433101, 26.476728669953616], [50.11909850433101, 26.478974447891094], [50.116923781412986, 26.48009733685983], [50.114749058494965, 26.478974447891094], [50.114749058494965, 26.476728669953616], [50.116923781412986, 26.47560578098488], [50.11909850433101, 26.476728669953616]]]}, "properties": {"congestion_score": 0.989, "congestion_level": "free_flow", "color": "rgb(43,200,43)", "road_pixel_count": 1212}}, {"type": "Feature", "geometry": {"type": "Polygon", "coordinates": [[[50.12344795016706, 26.476728669953616], [50.12344795016706, 26.478974447891094], [50.121273227249034, 26.48009733685983], [50.11909850433101, 26.478974447891094], [50.11909850433101, 26.476728669953616], [50.121273227249034, 26.47560578098488], [50.12344795016706, 26.476728669953616]]]}, "properties": {"congestion_score": 0.926, "congestion_level": "light_congestion", "color": "rgb(255,255,55)", "road_pixel_count": 1217}}, {"type": "Feature", "geometry": {"type": "Polygon", "coordinates": [[[50.12779739600311, 26.476728669953616], [50.12779739600311, 26.478974447891094], [50.12562267308509, 26.48009733685983], [50.12344795016706, 26.478974447891094], [50.12344795016706, 26.476728669953616], [50.12562267308509, 26.47560578098488], [50.12779739600311, 26.476728669953616]]]}, "properties": {"congestion_score": 1.0, "congestion_level": "free_flow", "color": "rgb(43,200,43)", "road_pixel_count": 1218}}, {"type": "Feature", "geometry": {"type": "Polygon", "coordinates": [[[50.13214684183916, 26.476728669953616], [50.13214684183916, 26.478974447891094], [50.12997211892114, 26.48009733685983], [50.12779739600311, 26.478974447891094], [50.12779739600311, 26.476728669953616], [50.12997211892114, 26.47560578098488], [50.13214684183916, 26.476728669953616]]]}, "properties": {"congestion_score": 1.0, "congestion_level": "free_flow", "color": "rgb(43,200,43)", "road_pixel_count": 1185}}, {"type": "Feature", "geometry": {"type": "Polygon", "coordinates": [[[50.136496287675214, 26.476728669953616], [50.136496287675214, 26.478974447891094], [50.13432156475719, 26.48009733685983], [50.13214684183916, 26.478974447891094], [50.13214684183916, 26.476728669953616], [50.13432156475719, 26.47560578098488], [50.136496287675214, 26.476728669953616]]]}, "properties": {"congestion_score": 0.916, "congestion_level": "light_congestion", "color": "rgb(255,255,55)", "road_pixel_count": 1154}}, {"type": "Feature", "geometry": {"type": "Polygon", "coordinates": [[[49.969042622987295, 26.48009733685983], [49.969042622987295, 26.48234311479731], [49.96686790006927, 26.48346600376605], [49.96469317715125, 26.48234311479731], [49.96469317715125, 26.48009733685983], [49.96686790006927, 26.478974447891094], [49.969042622987295, 26.48009733685983]]]}, "properties": {"congestion_score": 0.998, "congestion_level": "free_flow", "color": "rgb(43,200,43)", "road_pixel_count": 1196}}, {"type": "Feature", "geometry": {"type": "Polygon", "coordinates": [[[49.973392068823344, 26.48009733685983], [49.973392068823344, 26.48234311479731], [49.971217345905316, 26.48346600376605], [49.969042622987295, 26.48234311479731], [49.969042622987295, 26.48009733685983], [49.971217345905316, 26.478974447891094], [49.973392068823344, 26.48009733685983]]]}, "properties": {"congestion_score": 0.973, "congestion_level": "free_flow", "color": "rgb(43,200,43)", "road_pixel_count": 413}}, {"type": "Feature", "geometry": {"type": "Polygon", "coordinates": [[[49.97774151465939, 26.48009733685983], [49.97774151465939, 26.48234311479731], [49.97556679174137, 26.48346600376605], [49.973392068823344, 26.48234311479731], [49.973392068823344, 26.48009733685983], [49.97556679174137, 26.478974447891094], [49.97774151465939, 26.48009733685983]]]}, "properties": {"congestion_score": 0.647, "congestion_level": "heavy_traffic", "color": "rgb(255,35,35)", "road_pixel_count": 1217}}, {"type": "Feature", "geometry": {"type": "Polygon", "coordinates": [[[49.986440406331496, 26.48009733685983], [49.986440406331496, 26.48234311479731], [49.98426568341347, 26.48346600376605], [49.98209096049544, 26.48234311479731], [49.98209096049544, 26.48009733685983], [49.98426568341347, 26.478974447891094], [49.986440406331496, 26.48009733685983]]]}, "properties": {"congestion_score": 1.0, "congestion_level": "free_flow", "color": "rgb(43,200,43)", "road_pixel_count": 1304}}, {"type": "Feature", "geometry": {"type": "Polygon", "coordinates": [[[49.990789852167545, 26.48009733685983], [49.990789852167545, 26.48234311479731], [49.98861512924952, 26.48346600376605], [49.986440406331496, 26.48234311479731], [49.986440406331496, 26.48009733685983], [49.98861512924952, 26.478974447891094], [49.990789852167545, 26.48009733685983]]]}, "properties": {"congestion_score": 1.0, "congestion_level": "free_flow", "color": "rgb(43,200,43)", "road_pixel_count": 2946}}, {"type": "Feature", "geometry": {"type": "Polygon", "coordinates": [[[49.99513929800359, 26.48009733685983], [49.99513929800359, 26.48234311479731], [49.992964575085566, 26.48346600376605], [49.990789852167545, 26.48234311479731], [49.990789852167545, 26.48009733685983], [49.992964575085566, 26.478974447891094], [49.99513929800359, 26.48009733685983]]]}, "properties": {"congestion_score": 1.0, "congestion_level": "free_flow", "color": "rgb(43,200,43)", "road_pixel_count": 291}}, {"type": "Feature", "geometry": {"type": "Polygon", "coordinates": [[[50.00383818967569, 26.48009733685983], [50.00383818967569, 26.48234311479731], [50.00166346675767, 26.48346600376605], [49.99948874383964, 26.48234311479731], [49.99948874383964, 26.48009733685983], [50.00166346675767, 26.478974447891094], [50.00383818967569, 26.48009733685983]]]}, "properties": {"congestion_score": 0.931, "congestion_level": "light_congestion", "color": "rgb(255,255,55)", "road_pixel_count": 1599}}, {"type": "Feature", "geometry": {"type": "Polygon", "coordinates": [[[50.008187635511746, 26.48009733685983], [50.008187635511746, 26.48234311479731], [50.00601291259372, 26.48346600376605], [50.00383818967569, 26.48234311479731], [50.00383818967569, 26.48009733685983], [50.00601291259372, 26.478974447891094], [50.008187635511746, 26.48009733685983]]]}, "properties": {"congestion_score": 0.98, "congestion_level": "free_flow", "color": "rgb(43,200,43)", "road_pixel_count": 2123}}, {"type": "Feature", "geometry": {"type": "Polygon", "coordinates": [[[50.012537081347794, 26.48009733685983], [50.012537081347794, 26.48234311479731], [50.01036235842977, 26.48346600376605], [50.008187635511746, 26.48234311479731], [50.008187635511746, 26.48009733685983], [50.01036235842977, 26.478974447891094], [50.012537081347794, 26.48009733685983]]]}, "properties": {"congestion_score": 0.917, "congestion_level": "light_congestion", "color": "rgb(255,255,55)", "road_pixel_count": 60}}, {"type": "Feature", "geometry": {"type": "Polygon", "coordinates": [[[50.01688652718384, 26.48009733685983], [50.01688652718384, 26.48234311479731], [50.014711804265815, 26.48346600376605], [50.012537081347794, 26.48234311479731], [50.012537081347794, 26.48009733685983], [50.014711804265815, 26.478974447891094], [50.01688652718384, 26.48009733685983]]]}, "properties": {"congestion_score": 0.59, "congestion_level": "heavy_traffic", "color": "rgb(255,35,35)", "road_pixel_count": 1437}}, {"type": "Feature", "geometry": {"type": "Polygon", "coordinates": [[[50.02123597301989, 26.48009733685983], [50.02123597301989, 26.48234311479731], [50.01906125010187, 26.48346600376605], [50.01688652718384, 26.48234311479731], [50.01688652718384, 26.48009733685983], [50.01906125010187, 26.478974447891094], [50.02123597301989, 26.48009733685983]]]}, "properties": {"congestion_score": 0.991, "congestion_level": "free_flow", "color": "rgb(43,200,43)", "road_pixel_count": 769}}, {"type": "Feature", "geometry": {"type": "Polygon", "coordinates": [[[50.034284310528044, 26.48009733685983], [50.034284310528044, 26.48234311479731], [50.032109587610016, 26.48346600376605], [50.02993486469199, 26.48234311479731], [50.02993486469199, 26.48009733685983], [50.032109587610016, 26.478974447891094], [50.034284310528044, 26.48009733685983]]]}, "properties": {"congestion_score": 1.0, "congestion_level": "free_flow", "color": "rgb(43,200,43)", "road_pixel_count": 934}}, {"type": "Feature", "geometry": {"type": "Polygon", "coordinates": [[[50.04298320220014, 26.48009733685983], [50.04298320220014, 26.48234311479731], [50.04080847928211, 26.48346600376605], [50.03863375636409, 26.48234311479731], [50.03863375636409, 26.48009733685983], [50.04080847928211, 26.478974447891094], [50.04298320220014, 26.48009733685983]]]}, "properties": {"congestion_score": 0.947, "congestion_level": "light_congestion", "color": "rgb(255,255,55)", "road_pixel_count": 1432}}, {"type": "Feature", "geometry": {"type": "Polygon", "coordinates": [[[50.04733264803619, 26.48009733685983], [50.04733264803619, 26.48234311479731], [50.04515792511817, 26.48346600376605], [50.04298320220014, 26.48234311479731], [50.04298320220014, 26.48009733685983], [50.04515792511817, 26.478974447891094], [50.04733264803619, 26.48009733685983]]]}, "properties": {"congestion_score": 0.844, "congestion_level": "light_congestion", "color": "rgb(255,255,55)", "road_pixel_count": 2615}}, {"type": "Feature", "geometry": {"type": "Polygon", "coordinates": [[[50.05168209387224, 26.48009733685983], [50.05168209387224, 26.48234311479731], [50.04950737095422, 26.48346600376605], [50.04733264803619, 26.48234311479731], [50.04733264803619, 26.48009733685983], [50.04950737095422, 26.478974447891094], [50.05168209387224, 26.48009733685983]]]}, "properties": {"congestion_score": 0.912, "congestion_level": "light_congestion", "color": "rgb(255,255,55)", "road_pixel_count": 1714}}, {"type": "Feature", "geometry": {"type": "Polygon", "coordinates": [[[50.05603153970829, 26.48009733685983], [50.05603153970829, 26.48234311479731], [50.053856816790265, 26.48346600376605], [50.05168209387224, 26.48234311479731], [50.05168209387224, 26.48009733685983], [50.053856816790265, 26.478974447891094], [50.05603153970829, 26.48009733685983]]]}, "properties": {"congestion_score": 0.849, "congestion_level": "light_congestion", "color": "rgb(255,255,55)", "road_pixel_count": 1897}}, {"type": "Feature", "geometry": {"type": "Polygon", "coordinates": [[[50.06038098554434, 26.48009733685983], [50.06038098554434, 26.48234311479731], [50.058206262626314, 26.48346600376605], [50.05603153970829, 26.48234311479731], [50.05603153970829, 26.48009733685983], [50.058206262626314, 26.478974447891094], [50.06038098554434, 26.48009733685983]]]}, "properties": {"congestion_score": 1.0, "congestion_level": "free_flow", "color": "rgb(43,200,43)", "road_pixel_count": 654}}, {"type": "Feature", "geometry": {"type": "Polygon", "coordinates": [[[50.06473043138039, 26.48009733685983], [50.06473043138039, 26.48234311479731], [50.06255570846236, 26.48346600376605], [50.06038098554434, 26.48234311479731], [50.06038098554434, 26.48009733685983], [50.06255570846236, 26.478974447891094], [50.06473043138039, 26.48009733685983]]]}, "properties": {"congestion_score": 1.0, "congestion_level": "free_flow", "color": "rgb(43,200,43)", "road_pixel_count": 1429}}, {"type": "Feature", "geometry": {"type": "Polygon", "coordinates": [[[50.06907987721644, 26.48009733685983], [50.06907987721644, 26.48234311479731], [50.06690515429842, 26.48346600376605], [50.06473043138039, 26.48234311479731], [50.06473043138039, 26.48009733685983], [50.06690515429842, 26.478974447891094], [50.06907987721644, 26.48009733685983]]]}, "properties": {"congestion_score": 1.0, "congestion_level": "free_flow", "color": "rgb(43,200,43)", "road_pixel_count": 90}}, {"type": "Feature", "geometry": {"type": "Polygon", "coordinates": [[[50.099525998068785, 26.48009733685983], [50.099525998068785, 26.48234311479731], [50.097351275150764, 26.48346600376605], [50.095176552232736, 26.48234311479731], [50.095176552232736, 26.48009733685983], [50.097351275150764, 26.478974447891094], [50.099525998068785, 26.48009733685983]]]}, "properties": {"congestion_score": 1.0, "congestion_level": "free_flow", "color": "rgb(43,200,43)", "road_pixel_count": 1247}}, {"type": "Feature", "geometry": {"type": "Polygon", "coordinates": [[[50.121273227249034, 26.48009733685983], [50.121273227249034, 26.48234311479731], [50.11909850433101, 26.48346600376605], [50.116923781412986, 26.48234311479731], [50.116923781412986, 26.48009733685983], [50.11909850433101, 26.478974447891094], [50.121273227249034, 26.48009733685983]]]}, "properties": {"congestion_score": 0.99, "congestion_level": "free_flow", "color": "rgb(43,200,43)", "road_pixel_count": 1295}}, {"type": "Feature", "geometry": {"type": "Polygon", "coordinates": [[[50.12562267308509, 26.48009733685983], [50.12562267308509, 26.48234311479731], [50.12344795016706, 26.48346600376605], [50.121273227249034, 26.48234311479731], [50.121273227249034, 26.48009733685983], [50.12344795016706, 26.478974447891094], [50.12562267308509, 26.48009733685983]]]}, "properties": {"congestion_score": 0.936, "congestion_level": "light_congestion", "color": "rgb(255,255,55)", "road_pixel_count": 1293}}, {"type": "Feature", "geometry": {"type": "Polygon", "coordinates": [[[50.12997211892114, 26.48009733685983], [50.12997211892114, 26.48234311479731], [50.12779739600311, 26.48346600376605], [50.12562267308509, 26.48234311479731], [50.12562267308509, 26.48009733685983], [50.12779739600311, 26.478974447891094], [50.12997211892114, 26.48009733685983]]]}, "properties": {"congestion_score": 1.0, "congestion_level": "free_flow", "color": "rgb(43,200,43)", "road_pixel_count": 1736}}, {"type": "Feature", "geometry": {"type": "Polygon", "coordinates": [[[50.13432156475719, 26.48009733685983], [50.13432156475719, 26.48234311479731], [50.13214684183916, 26.48346600376605], [50.12997211892114, 26.48234311479731], [50.12997211892114, 26.48009733685983], [50.13214684183916, 26.478974447891094], [50.13432156475719, 26.48009733685983]]]}, "properties": {"congestion_score": 0.935, "congestion_level": "light_congestion", "color": "rgb(255,255,55)", "road_pixel_count": 1079}}, {"type": "Feature", "geometry": {"type": "Polygon", "coordinates": [[[49.96686790006927, 26.48346600376605], [49.96686790006927, 26.485711781703525], [49.96469317715125, 26.486834670672266], [49.96251845423322, 26.485711781703525], [49.96251845423322, 26.48346600376605], [49.96469317715125, 26.48234311479731], [49.96686790006927, 26.48346600376605]]]}, "properties": {"congestion_score": 0.975, "congestion_level": "free_flow", "color": "rgb(43,200,43)", "road_pixel_count": 1734}}, {"type": "Feature", "geometry": {"type": "Polygon", "coordinates": [[[49.971217345905316, 26.48346600376605], [49.971217345905316, 26.485711781703525], [49.969042622987295, 26.486834670672266], [49.96686790006927, 26.485711781703525], [49.96686790006927, 26.48346600376605], [49.969042622987295, 26.48234311479731], [49.971217345905316, 26.48346600376605]]]}, "properties": {"congestion_score": 0.45, "congestion_level": "heavy_traffic", "color": "rgb(255,35,35)", "road_pixel_count": 17}}, {"type": "Feature", "geometry": {"type": "Polygon", "coordinates": [[[49.97556679174137, 26.48346600376605], [49.97556679174137, 26.485711781703525], [49.973392068823344, 26.486834670672266], [49.971217345905316, 26.485711781703525], [49.971217345905316, 26.48346600376605], [49.973392068823344, 26.48234311479731], [49.97556679174137, 26.48346600376605]]]}, "properties": {"congestion_score": 1.0, "congestion_level": "free_flow", "color": "rgb(43,200,43)", "road_pixel_count": 242}}, {"type": "Feature", "geometry": {"type": "Polygon", "coordinates": [[[49.97991623757742, 26.48346600376605], [49.97991623757742, 26.485711781703525], [49.97774151465939, 26.486834670672266], [49.97556679174137, 26.485711781703525], [49.97556679174137, 26.48346600376605], [49.97774151465939, 26.48234311479731], [49.97991623757742, 26.48346600376605]]]}, "properties": {"congestion_score": 0.957, "congestion_level": "free_flow", "color": "rgb(43,200,43)", "road_pixel_count": 2378}}, {"type": "Feature", "geometry": {"type": "Polygon", "coordinates": [[[49.98426568341347, 26.48346600376605], [49.98426568341347, 26.485711781703525], [49.98209096049544, 26.486834670672266], [49.97991623757742, 26.485711781703525], [49.97991623757742, 26.48346600376605], [49.98209096049544, 26.48234311479731], [49.98426568341347, 26.48346600376605]]]}, "properties": {"congestion_score": 0.974, "congestion_level": "free_flow", "color": "rgb(43,200,43)", "road_pixel_count": 2369}}, {"type": "Feature", "geometry": {"type": "Polygon", "coordinates": [[[49.98861512924952, 26.48346600376605], [49.98861512924952, 26.485711781703525], [49.986440406331496, 26.486834670672266], [49.98426568341347, 26.485711781703525], [49.98426568341347, 26.48346600376605], [49.986440406331496, 26.48234311479731], [49.98861512924952, 26.48346600376605]]]}, "properties": {"congestion_score": 1.0, "congestion_level": "free_flow", "color": "rgb(43,200,43)", "road_pixel_count": 561}}, {"type": "Feature", "geometry": {"type": "Polygon", "coordinates": [[[49.992964575085566, 26.48346600376605], [49.992964575085566, 26.485711781703525], [49.990789852167545, 26.486834670672266], [49.98861512924952, 26.485711781703525], [49.98861512924952, 26.48346600376605], [49.990789852167545, 26.48234311479731], [49.992964575085566, 26.48346600376605]]]}, "properties": {"congestion_score": 1.0, "congestion_level": "free_flow", "color": "rgb(43,200,43)", "road_pixel_count": 826}}, {"type": "Feature", "geometry": {"type": "Polygon", "coordinates": [[[49.99731402092162, 26.48346600376605], [49.99731402092162, 26.485711781703525], [49.99513929800359, 26.486834670672266], [49.992964575085566, 26.485711781703525], [49.992964575085566, 26.48346600376605], [49.99513929800359, 26.48234311479731], [49.99731402092162, 26.48346600376605]]]}, "properties": {"congestion_score": 1.0, "congestion_level": "free_flow", "color": "rgb(43,200,43)", "road_pixel_count": 106}}, {"type": "Feature", "geometry": {"type": "Polygon", "coordinates": [[[50.00166346675767, 26.48346600376605], [50.00166346675767, 26.485711781703525], [49.99948874383964, 26.486834670672266], [49.99731402092162, 26.485711781703525], [49.99731402092162, 26.48346600376605], [49.99948874383964, 26.48234311479731], [50.00166346675767, 26.48346600376605]]]}, "properties": {"congestion_score": 0.997, "congestion_level": "free_flow", "color": "rgb(43,200,43)", "road_pixel_count": 2066}}, {"type": "Feature", "geometry": {"type": "Polygon", "coordinates": [[[50.00601291259372, 26.48346600376605], [50.00601291259372, 26.485711781703525], [50.00383818967569, 26.486834670672266], [50.00166346675767, 26.485711781703525], [50.00166346675767, 26.48346600376605], [50.00383818967569, 26.48234311479731], [50.00601291259372, 26.48346600376605]]]}, "properties": {"congestion_score": 1.0, "congestion_level": "free_flow", "color": "rgb(43,200,43)", "road_pixel_count": 1894}}, {"type": "Feature", "geometry": {"type": "Polygon", "coordinates": [[[50.01906125010187, 26.48346600376605], [50.01906125010187, 26.485711781703525], [50.01688652718384, 26.486834670672266], [50.014711804265815, 26.485711781703525], [50.014711804265815, 26.48346600376605], [50.01688652718384, 26.48234311479731], [50.01906125010187, 26.48346600376605]]]}, "properties": {"congestion_score": 0.992, "congestion_level": "free_flow", "color": "rgb(43,200,43)", "road_pixel_count": 1224}}, {"type": "Feature", "geometry": {"type": "Polygon", "coordinates": [[[50.02341069593792, 26.48346600376605], [50.02341069593792, 26.485711781703525], [50.02123597301989, 26.486834670672266], [50.01906125010187, 26.485711781703525], [50.01906125010187, 26.48346600376605], [50.02123597301989, 26.48234311479731], [50.02341069593792, 26.48346600376605]]]}, "properties": {"congestion_score": 0.994, "congestion_level": "free_flow", "color": "rgb(43,200,43)", "road_pixel_count": 1140}}, {"type": "Feature", "geometry": {"type": "Polygon", "coordinates": [[[50.02776014177397, 26.48346600376605], [50.02776014177397, 26.485711781703525], [50.02558541885594, 26.486834670672266], [50.02341069593792, 26.485711781703525], [50.02341069593792, 26.48346600376605], [50.02558541885594, 26.48234311479731], [50.02776014177397, 26.48346600376605]]]}, "properties": {"congestion_score": 0.941, "congestion_level": "light_congestion", "color": "rgb(255,255,55)", "road_pixel_count": 707}}, {"type": "Feature", "geometry": {"type": "Polygon", "coordinates": [[[50.036459033446064, 26.48346600376605], [50.036459033446064, 26.485711781703525], [50.034284310528044, 26.486834670672266], [50.032109587610016, 26.485711781703525], [50.032109587610016, 26.48346600376605], [50.034284310528044, 26.48234311479731], [50.036459033446064, 26.48346600376605]]]}, "properties": {"congestion_score": 1.0, "congestion_level": "free_flow", "color": "rgb(43,200,43)", "road_pixel_count": 1370}}, {"type": "Feature", "geometry": {"type": "Polygon", "coordinates": [[[50.04080847928211, 26.48346600376605], [50.04080847928211, 26.485711781703525], [50.03863375636409, 26.486834670672266], [50.036459033446064, 26.485711781703525], [50.036459033446064, 26.48346600376605], [50.03863375636409, 26.48234311479731], [50.04080847928211, 26.48346600376605]]]}, "properties": {"congestion_score": 1.0, "congestion_level": "free_flow", "color": "rgb(43,200,43)", "road_pixel_count": 1411}}, {"type": "Feature", "geometry": {"type": "Polygon", "coordinates": [[[50.04515792511817, 26.48346600376605], [50.04515792511817, 26.485711781703525], [50.04298320220014, 26.486834670672266], [50.04080847928211, 26.485711781703525], [50.04080847928211, 26.48346600376605], [50.04298320220014, 26.48234311479731], [50.04515792511817, 26.48346600376605]]]}, "properties": {"congestion_score": 0.909, "congestion_level": "light_congestion", "color": "rgb(255,255,55)", "road_pixel_count": 1620}}, {"type": "Feature", "geometry": {"type": "Polygon", "coordinates": [[[50.04950737095422, 26.48346600376605], [50.04950737095422, 26.485711781703525], [50.04733264803619, 26.486834670672266], [50.04515792511817, 26.485711781703525], [50.04515792511817, 26.48346600376605], [50.04733264803619, 26.48234311479731], [50.04950737095422, 26.48346600376605]]]}, "properties": {"congestion_score": 0.896, "congestion_level": "light_congestion", "color": "rgb(255,255,55)", "road_pixel_count": 1855}}, {"type": "Feature", "geometry": {"type": "Polygon", "coordinates": [[[50.053856816790265, 26.48346600376605], [50.053856816790265, 26.485711781703525], [50.05168209387224, 26.486834670672266], [50.04950737095422, 26.485711781703525], [50.04950737095422, 26.48346600376605], [50.05168209387224, 26.48234311479731], [50.053856816790265, 26.48346600376605]]]}, "properties": {"congestion_score": 0.891, "congestion_level": "light_congestion", "color": "rgb(255,255,55)", "road_pixel_count": 3110}}, {"type": "Feature", "geometry": {"type": "Polygon", "coordinates": [[[50.058206262626314, 26.48346600376605], [50.058206262626314, 26.485711781703525], [50.05603153970829, 26.486834670672266], [50.053856816790265, 26.485711781703525], [50.053856816790265, 26.48346600376605], [50.05603153970829, 26.48234311479731], [50.058206262626314, 26.48346600376605]]]}, "properties": {"congestion_score": 0.963, "congestion_level": "free_flow", "color": "rgb(43,200,43)", "road_pixel_count": 1499}}, {"type": "Feature", "geometry": {"type": "Polygon", "coordinates": [[[50.06255570846236, 26.48346600376605], [50.06255570846236, 26.485711781703525], [50.06038098554434, 26.486834670672266], [50.058206262626314, 26.485711781703525], [50.058206262626314, 26.48346600376605], [50.06038098554434, 26.48234311479731], [50.06255570846236, 26.48346600376605]]]}, "properties": {"congestion_score": 0.987, "congestion_level": "free_flow", "color": "rgb(43,200,43)", "road_pixel_count": 1036}}, {"type": "Feature", "geometry": {"type": "Polygon", "coordinates": [[[50.06690515429842, 26.48346600376605], [50.06690515429842, 26.485711781703525], [50.06473043138039, 26.486834670672266], [50.06255570846236, 26.485711781703525], [50.06255570846236, 26.48346600376605], [50.06473043138039, 26.48234311479731], [50.06690515429842, 26.48346600376605]]]}, "properties": {"congestion_score": 1.0, "congestion_level": "free_flow", "color": "rgb(43,200,43)", "road_pixel_count": 535}}, {"type": "Feature", "geometry": {"type": "Polygon", "coordinates": [[[50.097351275150764, 26.48346600376605], [50.097351275150764, 26.485711781703525], [50.095176552232736, 26.486834670672266], [50.093001829314716, 26.485711781703525], [50.093001829314716, 26.48346600376605], [50.095176552232736, 26.48234311479731], [50.097351275150764, 26.48346600376605]]]}, "properties": {"congestion_score": 0.985, "congestion_level": "free_flow", "color": "rgb(43,200,43)", "road_pixel_count": 330}}, {"type": "Feature", "geometry": {"type": "Polygon", "coordinates": [[[50.10170072098681, 26.48346600376605], [50.10170072098681, 26.485711781703525], [50.099525998068785, 26.486834670672266], [50.097351275150764, 26.485711781703525], [50.097351275150764, 26.48346600376605], [50.099525998068785, 26.48234311479731], [50.10170072098681, 26.48346600376605]]]}, "properties": {"congestion_score": 0.999, "congestion_level": "free_flow", "color": "rgb(43,200,43)", "road_pixel_count": 1030}}, {"type": "Feature", "geometry": {"type": "Polygon", "coordinates": [[[50.10605016682286, 26.48346600376605], [50.10605016682286, 26.485711781703525], [50.10387544390484, 26.486834670672266], [50.10170072098681, 26.485711781703525], [50.10170072098681, 26.48346600376605], [50.10387544390484, 26.48234311479731], [50.10605016682286, 26.48346600376605]]]}, "properties": {"congestion_score": 0.605, "congestion_level": "heavy_traffic", "color": "rgb(255,35,35)", "road_pixel_count": 873}}, {"type": "Feature", "geometry": {"type": "Polygon", "coordinates": [[[50.11039961265891, 26.48346600376605], [50.11039961265891, 26.485711781703525], [50.10822488974089, 26.486834670672266], [50.10605016682286, 26.485711781703525], [50.10605016682286, 26.48346600376605], [50.10822488974089, 26.48234311479731], [50.11039961265891, 26.48346600376605]]]}, "properties": {"congestion_score": 0.083, "congestion_level": "complete_congestion", "color": "rgb(119,119,119)", "road_pixel_count": 292}}, {"type": "Feature", "geometry": {"type": "Polygon", "coordinates": [[[50.11909850433101, 26.48346600376605], [50.11909850433101, 26.485711781703525], [50.116923781412986, 26.486834670672266], [50.114749058494965, 26.485711781703525], [50.114749058494965, 26.48346600376605], [50.116923781412986, 26.48234311479731], [50.11909850433101, 26.48346600376605]]]}, "properties": {"congestion_score": 1.0, "congestion_level": "free_flow", "color": "rgb(43,200,43)", "road_pixel_count": 3}}, {"type": "Feature", "geometry": {"type": "Polygon", "coordinates": [[[50.12344795016706, 26.48346600376605], [50.12344795016706, 26.485711781703525], [50.121273227249034, 26.486834670672266], [50.11909850433101, 26.485711781703525], [50.11909850433101, 26.48346600376605], [50.121273227249034, 26.48234311479731], [50.12344795016706, 26.48346600376605]]]}, "properties": {"congestion_score": 0.858, "congestion_level": "light_congestion", "color": "rgb(255,255,55)", "road_pixel_count": 1378}}, {"type": "Feature", "geometry": {"type": "Polygon", "coordinates": [[[50.12779739600311, 26.48346600376605], [50.12779739600311, 26.485711781703525], [50.12562267308509, 26.486834670672266], [50.12344795016706, 26.485711781703525], [50.12344795016706, 26.48346600376605], [50.12562267308509, 26.48234311479731], [50.12779739600311, 26.48346600376605]]]}, "properties": {"congestion_score": 0.873, "congestion_level": "light_congestion", "color": "rgb(255,255,55)", "road_pixel_count": 2310}}, {"type": "Feature", "geometry": {"type": "Polygon", "coordinates": [[[50.13214684183916, 26.48346600376605], [50.13214684183916, 26.485711781703525], [50.12997211892114, 26.486834670672266], [50.12779739600311, 26.485711781703525], [50.12779739600311, 26.48346600376605], [50.12997211892114, 26.48234311479731], [50.13214684183916, 26.48346600376605]]]}, "properties": {"congestion_score": 0.991, "congestion_level": "free_flow", "color": "rgb(43,200,43)", "road_pixel_count": 1911}}, {"type": "Feature", "geometry": {"type": "Polygon", "coordinates": [[[50.136496287675214, 26.48346600376605], [50.136496287675214, 26.485711781703525], [50.13432156475719, 26.486834670672266], [50.13214684183916, 26.485711781703525], [50.13214684183916, 26.48346600376605], [50.13432156475719, 26.48234311479731], [50.136496287675214, 26.48346600376605]]]}, "properties": {"congestion_score": 0.977, "congestion_level": "free_flow", "color": "rgb(43,200,43)", "road_pixel_count": 1711}}, {"type": "Feature", "geometry": {"type": "Polygon", "coordinates": [[[49.96034373131519, 26.486834670672266], [49.96034373131519, 26.489080448609744], [49.95816900839717, 26.490203337578482], [49.95599428547914, 26.489080448609744], [49.95599428547914, 26.486834670672266], [49.95816900839717, 26.485711781703525], [49.96034373131519, 26.486834670672266]]]}, "properties": {"congestion_score": 1.0, "congestion_level": "free_flow", "color": "rgb(43,200,43)", "road_pixel_count": 78}}, {"type": "Feature", "geometry": {"type": "Polygon", "coordinates": [[[49.96469317715125, 26.486834670672266], [49.96469317715125, 26.489080448609744], [49.96251845423322, 26.490203337578482], [49.96034373131519, 26.489080448609744], [49.96034373131519, 26.486834670672266], [49.96251845423322, 26.485711781703525], [49.96469317715125, 26.486834670672266]]]}, "properties": {"congestion_score": 1.0, "congestion_level": "free_flow", "color": "rgb(43,200,43)", "road_pixel_count": 1174}}, {"type": "Feature", "geometry": {"type": "Polygon", "coordinates": [[[49.969042622987295, 26.486834670672266], [49.969042622987295, 26.489080448609744], [49.96686790006927, 26.490203337578482], [49.96469317715125, 26.489080448609744], [49.96469317715125, 26.486834670672266], [49.96686790006927, 26.485711781703525], [49.969042622987295, 26.486834670672266]]]}, "properties": {"congestion_score": 0.971, "congestion_level": "free_flow", "color": "rgb(43,200,43)", "road_pixel_count": 1584}}, {"type": "Feature", "geometry": {"type": "Polygon", "coordinates": [[[49.973392068823344, 26.486834670672266], [49.973392068823344, 26.489080448609744], [49.971217345905316, 26.490203337578482], [49.969042622987295, 26.489080448609744], [49.969042622987295, 26.486834670672266], [49.971217345905316, 26.485711781703525], [49.973392068823344, 26.486834670672266]]]}, "properties": {"congestion_score": 0.97, "congestion_level": "free_flow", "color": "rgb(43,200,43)", "road_pixel_count": 2407}}, {"type": "Feature", "geometry": {"type": "Polygon", "coordinates": [[[49.97774151465939, 26.486834670672266], [49.97774151465939, 26.489080448609744], [49.97556679174137, 26.490203337578482], [49.973392068823344, 26.489080448609744], [49.973392068823344, 26.486834670672266], [49.97556679174137, 26.485711781703525], [49.97774151465939, 26.486834670672266]]]}, "properties": {"congestion_score": 1.0, "congestion_level": "free_flow", "color": "rgb(43,200,43)", "road_pixel_count": 1183}}, {"type": "Feature", "geometry": {"type": "Polygon", "coordinates": [[[49.986440406331496, 26.486834670672266], [49.986440406331496, 26.489080448609744], [49.98426568341347, 26.490203337578482], [49.98209096049544, 26.489080448609744], [49.98209096049544, 26.486834670672266], [49.98426568341347, 26.485711781703525], [49.986440406331496, 26.486834670672266]]]}, "properties": {"congestion_score": 0.893, "congestion_level": "light_congestion", "color": "rgb(255,255,55)", "road_pixel_count": 1219}}, {"type": "Feature", "geometry": {"type": "Polygon", "coordinates": [[[49.990789852167545, 26.486834670672266], [49.990789852167545, 26.489080448609744], [49.98861512924952, 26.490203337578482], [49.986440406331496, 26.489080448609744], [49.986440406331496, 26.486834670672266], [49.98861512924952, 26.485711781703525], [49.990789852167545, 26.486834670672266]]]}, "properties": {"congestion_score": 0.956, "congestion_level": "free_flow", "color": "rgb(43,200,43)", "road_pixel_count": 2204}}, {"type": "Feature", "geometry": {"type": "Polygon", "coordinates": [[[49.99513929800359, 26.486834670672266], [49.99513929800359, 26.489080448609744], [49.992964575085566, 26.490203337578482], [49.990789852167545, 26.489080448609744], [49.990789852167545, 26.486834670672266], [49.992964575085566, 26.485711781703525], [49.99513929800359, 26.486834670672266]]]}, "properties": {"congestion_score": 0.997, "congestion_level": "free_flow", "color": "rgb(43,200,43)", "road_pixel_count": 1811}}, {"type": "Feature", "geometry": {"type": "Polygon", "coordinates": [[[49.99948874383964, 26.486834670672266], [49.99948874383964, 26.489080448609744], [49.99731402092162, 26.490203337578482], [49.99513929800359, 26.489080448609744], [49.99513929800359, 26.486834670672266], [49.99731402092162, 26.485711781703525], [49.99948874383964, 26.486834670672266]]]}, "properties": {"congestion_score": 0.999, "congestion_level": "free_flow", "color": "rgb(43,200,43)", "road_pixel_count": 1606}}, {"type": "Feature", "geometry": {"type": "Polygon", "coordinates": [[[50.008187635511746, 26.486834670672266], [50.008187635511746, 26.489080448609744], [50.00601291259372, 26.490203337578482], [50.00383818967569, 26.489080448609744], [50.00383818967569, 26.486834670672266], [50.00601291259372, 26.485711781703525], [50.008187635511746, 26.486834670672266]]]}, "properties": {"congestion_score": 1.0, "congestion_level": "free_flow", "color": "rgb(43,200,43)", "road_pixel_count": 1186}}, {"type": "Feature", "geometry": {"type": "Polygon", "coordinates": [[[50.02558541885594, 26.486834670672266], [50.02558541885594, 26.489080448609744], [50.02341069593792, 26.490203337578482], [50.02123597301989, 26.489080448609744], [50.02123597301989, 26.486834670672266], [50.02341069593792, 26.485711781703525], [50.02558541885594, 26.486834670672266]]]}, "properties": {"congestion_score": 0.994, "congestion_level": "free_flow", "color": "rgb(43,200,43)", "road_pixel_count": 179}}, {"type": "Feature", "geometry": {"type": "Polygon", "coordinates": [[[50.02993486469199, 26.486834670672266], [50.02993486469199, 26.489080448609744], [50.02776014177397, 26.490203337578482], [50.02558541885594, 26.489080448609744], [50.02558541885594, 26.486834670672266], [50.02776014177397, 26.485711781703525], [50.02993486469199, 26.486834670672266]]]}, "properties": {"congestion_score": 0.855, "congestion_level": "light_congestion", "color": "rgb(255,255,55)", "road_pixel_count": 1592}}, {"type": "Feature", "geometry": {"type": "Polygon", "coordinates": [[[50.034284310528044, 26.486834670672266], [50.034284310528044, 26.489080448609744], [50.032109587610016, 26.490203337578482], [50.02993486469199, 26.489080448609744], [50.02993486469199, 26.486834670672266], [50.032109587610016, 26.485711781703525], [50.034284310528044, 26.486834670672266]]]}, "properties": {"congestion_score": 1.0, "congestion_level": "free_flow", "color": "rgb(43,200,43)", "road_pixel_count": 1524}}, {"type": "Feature", "geometry": {"type": "Polygon", "coordinates": [[[50.03863375636409, 26.486834670672266], [50.03863375636409, 26.489080448609744], [50.036459033446064, 26.490203337578482], [50.034284310528044, 26.489080448609744], [50.034284310528044, 26.486834670672266], [50.036459033446064, 26.485711781703525], [50.03863375636409, 26.486834670672266]]]}, "properties": {"congestion_score": 0.99, "congestion_level": "free_flow", "color": "rgb(43,200,43)", "road_pixel_count": 1579}}, {"type": "Feature", "geometry": {"type": "Polygon", "coordinates": [[[50.04298320220014, 26.486834670672266], [50.04298320220014, 26.489080448609744], [50.04080847928211, 26.490203337578482], [50.03863375636409, 26.489080448609744], [50.03863375636409, 26.486834670672266], [50.04080847928211, 26.485711781703525], [50.04298320220014, 26.486834670672266]]]}, "properties": {"congestion_score": 0.932, "congestion_level": "light_congestion", "color": "rgb(255,255,55)", "road_pixel_count": 2043}}, {"type": "Feature", "geometry": {"type": "Polygon", "coordinates": [[[50.04733264803619, 26.486834670672266], [50.04733264803619, 26.489080448609744], [50.04515792511817, 26.490203337578482], [50.04298320220014, 26.489080448609744], [50.04298320220014, 26.486834670672266], [50.04515792511817, 26.485711781703525], [50.04733264803619, 26.486834670672266]]]}, "properties": {"congestion_score": 0.943, "congestion_level": "light_congestion", "color": "rgb(255,255,55)", "road_pixel_count": 1443}}, {"type": "Feature", "geometry": {"type": "Polygon", "coordinates": [[[50.05168209387224, 26.486834670672266], [50.05168209387224, 26.489080448609744], [50.04950737095422, 26.490203337578482], [50.04733264803619, 26.489080448609744], [50.04733264803619, 26.486834670672266], [50.04950737095422, 26.485711781703525], [50.05168209387224, 26.486834670672266]]]}, "properties": {"congestion_score": 0.935, "congestion_level": "light_congestion", "color": "rgb(255,255,55)", "road_pixel_count": 2577}}, {"type": "Feature", "geometry": {"type": "Polygon", "coordinates": [[[50.05603153970829, 26.486834670672266], [50.05603153970829, 26.489080448609744], [50.053856816790265, 26.490203337578482], [50.05168209387224, 26.489080448609744], [50.05168209387224, 26.486834670672266], [50.053856816790265, 26.485711781703525], [50.05603153970829, 26.486834670672266]]]}, "properties": {"congestion_score": 0.985, "congestion_level": "free_flow", "color": "rgb(43,200,43)", "road_pixel_count": 1659}}, {"type": "Feature", "geometry": {"type": "Polygon", "coordinates": [[[50.06038098554434, 26.486834670672266], [50.06038098554434, 26.489080448609744], [50.058206262626314, 26.490203337578482], [50.05603153970829, 26.489080448609744], [50.05603153970829, 26.486834670672266], [50.058206262626314, 26.485711781703525], [50.06038098554434, 26.486834670672266]]]}, "properties": {"congestion_score": 1.0, "congestion_level": "free_flow", "color": "rgb(43,200,43)", "road_pixel_count": 2346}}, {"type": "Feature", "geometry": {"type": "Polygon", "coordinates": [[[50.06473043138039, 26.486834670672266], [50.06473043138039, 26.489080448609744], [50.06255570846236, 26.490203337578482], [50.06038098554434, 26.489080448609744], [50.06038098554434, 26.486834670672266], [50.06255570846236, 26.485711781703525], [50.06473043138039, 26.486834670672266]]]}, "properties": {"congestion_score": 0.999, "congestion_level": "free_flow", "color": "rgb(43,200,43)", "road_pixel_count": 1024}}, {"type": "Feature", "geometry": {"type": "Polygon", "coordinates": [[[50.099525998068785, 26.486834670672266], [50.099525998068785, 26.489080448609744], [50.097351275150764, 26.490203337578482], [50.095176552232736, 26.489080448609744], [50.095176552232736, 26.486834670672266], [50.097351275150764, 26.485711781703525], [50.099525998068785, 26.486834670672266]]]}, "properties": {"congestion_score": 1.0, "congestion_level": "free_flow", "color": "rgb(43,200,43)", "road_pixel_count": 54}}, {"type": "Feature", "geometry": {"type": "Polygon", "coordinates": [[[50.10387544390484, 26.486834670672266], [50.10387544390484, 26.489080448609744], [50.10170072098681, 26.490203337578482], [50.099525998068785, 26.489080448609744], [50.099525998068785, 26.486834670672266], [50.10170072098681, 26.485711781703525], [50.10387544390484, 26.486834670672266]]]}, "properties": {"congestion_score": 1.0, "congestion_level": "free_flow", "color": "rgb(43,200,43)", "road_pixel_count": 1013}}, {"type": "Feature", "geometry": {"type": "Polygon", "coordinates": [[[50.10822488974089, 26.486834670672266], [50.10822488974089, 26.489080448609744], [50.10605016682286, 26.490203337578482], [50.10387544390484, 26.489080448609744], [50.10387544390484, 26.486834670672266], [50.10605016682286, 26.485711781703525], [50.10822488974089, 26.486834670672266]]]}, "properties": {"congestion_score": 1.0, "congestion_level": "free_flow", "color": "rgb(43,200,43)", "road_pixel_count": 337}}, {"type": "Feature", "geometry": {"type": "Polygon", "coordinates": [[[50.121273227249034, 26.486834670672266], [50.121273227249034, 26.489080448609744], [50.11909850433101, 26.490203337578482], [50.116923781412986, 26.489080448609744], [50.116923781412986, 26.486834670672266], [50.11909850433101, 26.485711781703525], [50.121273227249034, 26.486834670672266]]]}, "properties": {"congestion_score": 0.99, "congestion_level": "free_flow", "color": "rgb(43,200,43)", "road_pixel_count": 785}}, {"type": "Feature", "geometry": {"type": "Polygon", "coordinates": [[[50.12562267308509, 26.486834670672266], [50.12562267308509, 26.489080448609744], [50.12344795016706, 26.490203337578482], [50.121273227249034, 26.489080448609744], [50.121273227249034, 26.486834670672266], [50.12344795016706, 26.485711781703525], [50.12562267308509, 26.486834670672266]]]}, "properties": {"congestion_score": 0.797, "congestion_level": "light_congestion", "color": "rgb(255,255,55)", "road_pixel_count": 1905}}, {"type": "Feature", "geometry": {"type": "Polygon", "coordinates": [[[50.12997211892114, 26.486834670672266], [50.12997211892114, 26.489080448609744], [50.12779739600311, 26.490203337578482], [50.12562267308509, 26.489080448609744], [50.12562267308509, 26.486834670672266], [50.12779739600311, 26.485711781703525], [50.12997211892114, 26.486834670672266]]]}, "properties": {"congestion_score": 0.989, "congestion_level": "free_flow", "color": "rgb(43,200,43)", "road_pixel_count": 1384}}, {"type": "Feature", "geometry": {"type": "Polygon", "coordinates": [[[50.13432156475719, 26.486834670672266], [50.13432156475719, 26.489080448609744], [50.13214684183916, 26.490203337578482], [50.12997211892114, 26.489080448609744], [50.12997211892114, 26.486834670672266], [50.13214684183916, 26.485711781703525], [50.13432156475719, 26.486834670672266]]]}, "properties": {"congestion_score": 0.913, "congestion_level": "light_congestion", "color": "rgb(255,255,55)", "road_pixel_count": 764}}, {"type": "Feature", "geometry": {"type": "Polygon", "coordinates": [[[50.138671010593235, 26.486834670672266], [50.138671010593235, 26.489080448609744], [50.136496287675214, 26.490203337578482], [50.13432156475719, 26.489080448609744], [50.13432156475719, 26.486834670672266], [50.136496287675214, 26.485711781703525], [50.138671010593235, 26.486834670672266]]]}, "properties": {"congestion_score": 0.992, "congestion_level": "free_flow", "color": "rgb(43,200,43)", "road_pixel_count": 205}}, {"type": "Feature", "geometry": {"type": "Polygon", "coordinates": [[[49.95816900839717, 26.490203337578482], [49.95816900839717, 26.49244911551596], [49.95599428547914, 26.493572004484697], [49.95381956256112, 26.49244911551596], [49.95381956256112, 26.490203337578482], [49.95599428547914, 26.489080448609744], [49.95816900839717, 26.490203337578482]]]}, "properties": {"congestion_score": 1.0, "congestion_level": "free_flow", "color": "rgb(43,200,43)", "road_pixel_count": 210}}, {"type": "Feature", "geometry": {"type": "Polygon", "coordinates": [[[49.96251845423322, 26.490203337578482], [49.96251845423322, 26.49244911551596], [49.96034373131519, 26.493572004484697], [49.95816900839717, 26.49244911551596], [49.95816900839717, 26.490203337578482], [49.96034373131519, 26.489080448609744], [49.96251845423322, 26.490203337578482]]]}, "properties": {"congestion_score": 1.0, "congestion_level": "free_flow", "color": "rgb(43,200,43)", "road_pixel_count": 2295}}, {"type": "Feature", "geometry": {"type": "Polygon", "coordinates": [[[49.96686790006927, 26.490203337578482], [49.96686790006927, 26.49244911551596], [49.96469317715125, 26.493572004484697], [49.96251845423322, 26.49244911551596], [49.96251845423322, 26.490203337578482], [49.96469317715125, 26.489080448609744], [49.96686790006927, 26.490203337578482]]]}, "properties": {"congestion_score": 1.0, "congestion_level": "free_flow", "color": "rgb(43,200,43)", "road_pixel_count": 1899}}, {"type": "Feature", "geometry": {"type": "Polygon", "coordinates": [[[49.971217345905316, 26.490203337578482], [49.971217345905316, 26.49244911551596], [49.969042622987295, 26.493572004484697], [49.96686790006927, 26.49244911551596], [49.96686790006927, 26.490203337578482], [49.969042622987295, 26.489080448609744], [49.971217345905316, 26.490203337578482]]]}, "properties": {"congestion_score": 0.957, "congestion_level": "free_flow", "color": "rgb(43,200,43)", "road_pixel_count": 853}}, {"type": "Feature", "geometry": {"type": "Polygon", "coordinates": [[[49.97556679174137, 26.490203337578482], [49.97556679174137, 26.49244911551596], [49.973392068823344, 26.493572004484697], [49.971217345905316, 26.49244911551596], [49.971217345905316, 26.490203337578482], [49.973392068823344, 26.489080448609744], [49.97556679174137, 26.490203337578482]]]}, "properties": {"congestion_score": 0.873, "congestion_level": "light_congestion", "color": "rgb(255,255,55)", "road_pixel_count": 1877}}, {"type": "Feature", "geometry": {"type": "Polygon", "coordinates": [[[49.97991623757742, 26.490203337578482], [49.97991623757742, 26.49244911551596], [49.97774151465939, 26.493572004484697], [49.97556679174137, 26.49244911551596], [49.97556679174137, 26.490203337578482], [49.97774151465939, 26.489080448609744], [49.97991623757742, 26.490203337578482]]]}, "properties": {"congestion_score": 0.897, "congestion_level": "light_congestion", "color": "rgb(255,255,55)", "road_pixel_count": 375}}, {"type": "Feature", "geometry": {"type": "Polygon", "coordinates": [[[49.98861512924952, 26.490203337578482], [49.98861512924952, 26.49244911551596], [49.986440406331496, 26.493572004484697], [49.98426568341347, 26.49244911551596], [49.98426568341347, 26.490203337578482], [49.986440406331496, 26.489080448609744], [49.98861512924952, 26.490203337578482]]]}, "properties": {"congestion_score": 0.968, "congestion_level": "free_flow", "color": "rgb(43,200,43)", "road_pixel_count": 1777}}, {"type": "Feature", "geometry": {"type": "Polygon", "coordinates": [[[49.992964575085566, 26.490203337578482], [49.992964575085566, 26.49244911551596], [49.990789852167545, 26.493572004484697], [49.98861512924952, 26.49244911551596], [49.98861512924952, 26.490203337578482], [49.990789852167545, 26.489080448609744], [49.992964575085566, 26.490203337578482]]]}, "properties": {"congestion_score": 0.999, "congestion_level": "free_flow", "color": "rgb(43,200,43)", "road_pixel_count": 2335}}, {"type": "Feature", "geometry": {"type": "Polygon", "coordinates": [[[50.01036235842977, 26.490203337578482], [50.01036235842977, 26.49244911551596], [50.008187635511746, 26.493572004484697], [50.00601291259372, 26.49244911551596], [50.00601291259372, 26.490203337578482], [50.008187635511746, 26.489080448609744], [50.01036235842977, 26.490203337578482]]]}, "properties": {"congestion_score": 1.0, "congestion_level": "free_flow", "color": "rgb(43,200,43)", "road_pixel_count": 1201}}, {"type": "Feature", "geometry": {"type": "Polygon", "coordinates": [[[50.01906125010187, 26.490203337578482], [50.01906125010187, 26.49244911551596], [50.01688652718384, 26.493572004484697], [50.014711804265815, 26.49244911551596], [50.014711804265815, 26.490203337578482], [50.01688652718384, 26.489080448609744], [50.01906125010187, 26.490203337578482]]]}, "properties": {"congestion_score": 1.0, "congestion_level": "free_flow", "color": "rgb(43,200,43)", "road_pixel_count": 408}}, {"type": "Feature", "geometry": {"type": "Polygon", "coordinates": [[[50.02341069593792, 26.490203337578482], [50.02341069593792, 26.49244911551596], [50.02123597301989, 26.493572004484697], [50.01906125010187, 26.49244911551596], [50.01906125010187, 26.490203337578482], [50.02123597301989, 26.489080448609744], [50.02341069593792, 26.490203337578482]]]}, "properties": {"congestion_score": 1.0, "congestion_level": "free_flow", "color": "rgb(43,200,43)", "road_pixel_count": 581}}, {"type": "Feature", "geometry": {"type": "Polygon", "coordinates": [[[50.02776014177397, 26.490203337578482], [50.02776014177397, 26.49244911551596], [50.02558541885594, 26.493572004484697], [50.02341069593792, 26.49244911551596], [50.02341069593792, 26.490203337578482], [50.02558541885594, 26.489080448609744], [50.02776014177397, 26.490203337578482]]]}, "properties": {"congestion_score": 1.0, "congestion_level": "free_flow", "color": "rgb(43,200,43)", "road_pixel_count": 412}}, {"type": "Feature", "geometry": {"type": "Polygon", "coordinates": [[[50.032109587610016, 26.490203337578482], [50.032109587610016, 26.49244911551596], [50.02993486469199, 26.493572004484697], [50.02776014177397, 26.49244911551596], [50.02776014177397, 26.490203337578482], [50.02993486469199, 26.489080448609744], [50.032109587610016, 26.490203337578482]]]}, "properties": {"congestion_score": 0.995, "congestion_level": "free_flow", "color": "rgb(43,200,43)", "road_pixel_count": 1559}}, {"type": "Feature", "geometry": {"type": "Polygon", "coordinates": [[[50.036459033446064, 26.490203337578482], [50.036459033446064, 26.49244911551596], [50.034284310528044, 26.493572004484697], [50.032109587610016, 26.49244911551596], [50.032109587610016, 26.490203337578482], [50.034284310528044, 26.489080448609744], [50.036459033446064, 26.490203337578482]]]}, "properties": {"congestion_score": 0.904, "congestion_level": "light_congestion", "color": "rgb(255,255,55)", "road_pixel_count": 1489}}, {"type": "Feature", "geometry": {"type": "Polygon", "coordinates": [[[50.04080847928211, 26.490203337578482], [50.04080847928211, 26.49244911551596], [50.03863375636409, 26.493572004484697], [50.036459033446064, 26.49244911551596], [50.036459033446064, 26.490203337578482], [50.03863375636409, 26.489080448609744], [50.04080847928211, 26.490203337578482]]]}, "properties": {"congestion_score": 0.898, "congestion_level": "light_congestion", "color": "rgb(255,255,55)", "road_pixel_count": 1533}}, {"type": "Feature", "geometry": {"type": "Polygon", "coordinates": [[[50.04515792511817, 26.490203337578482], [50.04515792511817, 26.49244911551596], [50.04298320220014, 26.493572004484697], [50.04080847928211, 26.49244911551596], [50.04080847928211, 26.490203337578482], [50.04298320220014, 26.489080448609744], [50.04515792511817, 26.490203337578482]]]}, "properties": {"congestion_score": 0.952, "congestion_level": "free_flow", "color": "rgb(43,200,43)", "road_pixel_count": 1480}}, {"type": "Feature", "geometry": {"type": "Polygon", "coordinates": [[[50.04950737095422, 26.490203337578482], [50.04950737095422, 26.49244911551596], [50.04733264803619, 26.493572004484697], [50.04515792511817, 26.49244911551596], [50.04515792511817, 26.490203337578482], [50.04733264803619, 26.489080448609744], [50.04950737095422, 26.490203337578482]]]}, "properties": {"congestion_score": 0.844, "congestion_level": "light_congestion", "color": "rgb(255,255,55)", "road_pixel_count": 1794}}, {"type": "Feature", "geometry": {"type": "Polygon", "coordinates": [[[50.053856816790265, 26.490203337578482], [50.053856816790265, 26.49244911551596], [50.05168209387224, 26.493572004484697], [50.04950737095422, 26.49244911551596], [50.04950737095422, 26.490203337578482], [50.05168209387224, 26.489080448609744], [50.053856816790265, 26.490203337578482]]]}, "properties": {"congestion_score": 1.0, "congestion_level": "free_flow", "color": "rgb(43,200,43)", "road_pixel_count": 449}}, {"type": "Feature", "geometry": {"type": "Polygon", "coordinates": [[[50.058206262626314, 26.490203337578482], [50.058206262626314, 26.49244911551596], [50.05603153970829, 26.493572004484697], [50.053856816790265, 26.49244911551596], [50.053856816790265, 26.490203337578482], [50.05603153970829, 26.489080448609744], [50.058206262626314, 26.490203337578482]]]}, "properties": {"congestion_score": 1.0, "congestion_level": "free_flow", "color": "rgb(43,200,43)", "road_pixel_count": 892}}, {"type": "Feature", "geometry": {"type": "Polygon", "coordinates": [[[50.12344795016706, 26.490203337578482], [50.12344795016706, 26.49244911551596], [50.121273227249034, 26.493572004484697], [50.11909850433101, 26.49244911551596], [50.11909850433101, 26.490203337578482], [50.121273227249034, 26.489080448609744], [50.12344795016706, 26.490203337578482]]]}, "properties": {"congestion_score": 0.995, "congestion_level": "free_flow", "color": "rgb(43,200,43)", "road_pixel_count": 1322}}, {"type": "Feature", "geometry": {"type": "Polygon", "coordinates": [[[50.12779739600311, 26.490203337578482], [50.12779739600311, 26.49244911551596], [50.12562267308509, 26.493572004484697], [50.12344795016706, 26.49244911551596], [50.12344795016706, 26.490203337578482], [50.12562267308509, 26.489080448609744], [50.12779739600311, 26.490203337578482]]]}, "properties": {"congestion_score": 1.0, "congestion_level": "free_flow", "color": "rgb(43,200,43)", "road_pixel_count": 1245}}, {"type": "Feature", "geometry": {"type": "Polygon", "coordinates": [[[50.13214684183916, 26.490203337578482], [50.13214684183916, 26.49244911551596], [50.12997211892114, 26.493572004484697], [50.12779739600311, 26.49244911551596], [50.12779739600311, 26.490203337578482], [50.12997211892114, 26.489080448609744], [50.13214684183916, 26.490203337578482]]]}, "properties": {"congestion_score": 1.0, "congestion_level": "free_flow", "color": "rgb(43,200,43)", "road_pixel_count": 962}}, {"type": "Feature", "geometry": {"type": "Polygon", "coordinates": [[[50.136496287675214, 26.490203337578482], [50.136496287675214, 26.49244911551596], [50.13432156475719, 26.493572004484697], [50.13214684183916, 26.49244911551596], [50.13214684183916, 26.490203337578482], [50.13432156475719, 26.489080448609744], [50.136496287675214, 26.490203337578482]]]}, "properties": {"congestion_score": 0.973, "congestion_level": "free_flow", "color": "rgb(43,200,43)", "road_pixel_count": 1354}}, {"type": "Feature", "geometry": {"type": "Polygon", "coordinates": [[[49.951644839643095, 26.493572004484697], [49.951644839643095, 26.495817782422176], [49.949470116725074, 26.496940671390913], [49.947295393807046, 26.495817782422176], [49.947295393807046, 26.493572004484697], [49.949470116725074, 26.49244911551596], [49.951644839643095, 26.493572004484697]]]}, "properties": {"congestion_score": 1.0, "congestion_level": "free_flow", "color": "rgb(43,200,43)", "road_pixel_count": 187}}, {"type": "Feature", "geometry": {"type": "Polygon", "coordinates": [[[49.95599428547914, 26.493572004484697], [49.95599428547914, 26.495817782422176], [49.95381956256112, 26.496940671390913], [49.951644839643095, 26.495817782422176], [49.951644839643095, 26.493572004484697], [49.95381956256112, 26.49244911551596], [49.95599428547914, 26.493572004484697]]]}, "properties": {"congestion_score": 0.997, "congestion_level": "free_flow", "color": "rgb(43,200,43)", "road_pixel_count": 1729}}, {"type": "Feature", "geometry": {"type": "Polygon", "coordinates": [[[49.96034373131519, 26.493572004484697], [49.96034373131519, 26.495817782422176], [49.95816900839717, 26.496940671390913], [49.95599428547914, 26.495817782422176], [49.95599428547914, 26.493572004484697], [49.95816900839717, 26.49244911551596], [49.96034373131519, 26.493572004484697]]]}, "properties": {"congestion_score": 1.0, "congestion_level": "free_flow", "color": "rgb(43,200,43)", "road_pixel_count": 1722}}, {"type": "Feature", "geometry": {"type": "Polygon", "coordinates": [[[49.96469317715125, 26.493572004484697], [49.96469317715125, 26.495817782422176], [49.96251845423322, 26.496940671390913], [49.96034373131519, 26.495817782422176], [49.96034373131519, 26.493572004484697], [49.96251845423322, 26.49244911551596], [49.96469317715125, 26.493572004484697]]]}, "properties": {"congestion_score": 0.994, "congestion_level": "free_flow", "color": "rgb(43,200,43)", "road_pixel_count": 855}}, {"type": "Feature", "geometry": {"type": "Polygon", "coordinates": [[[49.969042622987295, 26.493572004484697], [49.969042622987295, 26.495817782422176], [49.96686790006927, 26.496940671390913], [49.96469317715125, 26.495817782422176], [49.96469317715125, 26.493572004484697], [49.96686790006927, 26.49244911551596], [49.969042622987295, 26.493572004484697]]]}, "properties": {"congestion_score": 0.894, "congestion_level": "light_congestion", "color": "rgb(255,255,55)", "road_pixel_count": 638}}, {"type": "Feature", "geometry": {"type": "Polygon", "coordinates": [[[49.973392068823344, 26.493572004484697], [49.973392068823344, 26.495817782422176], [49.971217345905316, 26.496940671390913], [49.969042622987295, 26.495817782422176], [49.969042622987295, 26.493572004484697], [49.971217345905316, 26.49244911551596], [49.973392068823344, 26.493572004484697]]]}, "properties": {"congestion_score": 0.938, "congestion_level": "light_congestion", "color": "rgb(255,255,55)", "road_pixel_count": 871}}, {"type": "Feature", "geometry": {"type": "Polygon", "coordinates": [[[49.97774151465939, 26.493572004484697], [49.97774151465939, 26.495817782422176], [49.97556679174137, 26.496940671390913], [49.973392068823344, 26.495817782422176], [49.973392068823344, 26.493572004484697], [49.97556679174137, 26.49244911551596], [49.97774151465939, 26.493572004484697]]]}, "properties": {"congestion_score": 0.443, "congestion_level": "heavy_traffic", "color": "rgb(255,35,35)", "road_pixel_count": 509}}, {"type": "Feature", "geometry": {"type": "Polygon", "coordinates": [[[49.98209096049544, 26.493572004484697], [49.98209096049544, 26.495817782422176], [49.97991623757742, 26.496940671390913], [49.97774151465939, 26.495817782422176], [49.97774151465939, 26.493572004484697], [49.97991623757742, 26.49244911551596], [49.98209096049544, 26.493572004484697]]]}, "properties": {"congestion_score": 0.913, "congestion_level": "light_congestion", "color": "rgb(255,255,55)", "road_pixel_count": 1295}}, {"type": "Feature", "geometry": {"type": "Polygon", "coordinates": [[[49.986440406331496, 26.493572004484697], [49.986440406331496, 26.495817782422176], [49.98426568341347, 26.496940671390913], [49.98209096049544, 26.495817782422176], [49.98209096049544, 26.493572004484697], [49.98426568341347, 26.49244911551596], [49.986440406331496, 26.493572004484697]]]}, "properties": {"congestion_score": 1.0, "congestion_level": "free_flow", "color": "rgb(43,200,43)", "road_pixel_count": 2023}}, {"type": "Feature", "geometry": {"type": "Polygon", "coordinates": [[[49.990789852167545, 26.493572004484697], [49.990789852167545, 26.495817782422176], [49.98861512924952, 26.496940671390913], [49.986440406331496, 26.495817782422176], [49.986440406331496, 26.493572004484697], [49.98861512924952, 26.49244911551596], [49.990789852167545, 26.493572004484697]]]}, "properties": {"congestion_score": 1.0, "congestion_level": "free_flow", "color": "rgb(43,200,43)", "road_pixel_count": 1817}}, {"type": "Feature", "geometry": {"type": "Polygon", "coordinates": [[[50.012537081347794, 26.493572004484697], [50.012537081347794, 26.495817782422176], [50.01036235842977, 26.496940671390913], [50.008187635511746, 26.495817782422176], [50.008187635511746, 26.493572004484697], [50.01036235842977, 26.49244911551596], [50.012537081347794, 26.493572004484697]]]}, "properties": {"congestion_score": 1.0, "congestion_level": "free_flow", "color": "rgb(43,200,43)", "road_pixel_count": 1361}}, {"type": "Feature", "geometry": {"type": "Polygon", "coordinates": [[[50.01688652718384, 26.493572004484697], [50.01688652718384, 26.495817782422176], [50.014711804265815, 26.496940671390913], [50.012537081347794, 26.495817782422176], [50.012537081347794, 26.493572004484697], [50.014711804265815, 26.49244911551596], [50.01688652718384, 26.493572004484697]]]}, "properties": {"congestion_score": 1.0, "congestion_level": "free_flow", "color": "rgb(43,200,43)", "road_pixel_count": 443}}, {"type": "Feature", "geometry": {"type": "Polygon", "coordinates": [[[50.02123597301989, 26.493572004484697], [50.02123597301989, 26.495817782422176], [50.01906125010187, 26.496940671390913], [50.01688652718384, 26.495817782422176], [50.01688652718384, 26.493572004484697], [50.01906125010187, 26.49244911551596], [50.02123597301989, 26.493572004484697]]]}, "properties": {"congestion_score": 1.0, "congestion_level": "free_flow", "color": "rgb(43,200,43)", "road_pixel_count": 6}}, {"type": "Feature", "geometry": {"type": "Polygon", "coordinates": [[[50.034284310528044, 26.493572004484697], [50.034284310528044, 26.495817782422176], [50.032109587610016, 26.496940671390913], [50.02993486469199, 26.495817782422176], [50.02993486469199, 26.493572004484697], [50.032109587610016, 26.49244911551596], [50.034284310528044, 26.493572004484697]]]}, "properties": {"congestion_score": 0.933, "congestion_level": "light_congestion", "color": "rgb(255,255,55)", "road_pixel_count": 2212}}, {"type": "Feature", "geometry": {"type": "Polygon", "coordinates": [[[50.03863375636409, 26.493572004484697], [50.03863375636409, 26.495817782422176], [50.036459033446064, 26.496940671390913], [50.034284310528044, 26.495817782422176], [50.034284310528044, 26.493572004484697], [50.036459033446064, 26.49244911551596], [50.03863375636409, 26.493572004484697]]]}, "properties": {"congestion_score": 0.969, "congestion_level": "free_flow", "color": "rgb(43,200,43)", "road_pixel_count": 1532}}, {"type": "Feature", "geometry": {"type": "Polygon", "coordinates": [[[50.04298320220014, 26.493572004484697], [50.04298320220014, 26.495817782422176], [50.04080847928211, 26.496940671390913], [50.03863375636409, 26.495817782422176], [50.03863375636409, 26.493572004484697], [50.04080847928211, 26.49244911551596], [50.04298320220014, 26.493572004484697]]]}, "properties": {"congestion_score": 1.0, "congestion_level": "free_flow", "color": "rgb(43,200,43)", "road_pixel_count": 777}}, {"type": "Feature", "geometry": {"type": "Polygon", "coordinates": [[[50.04733264803619, 26.493572004484697], [50.04733264803619, 26.495817782422176], [50.04515792511817, 26.496940671390913], [50.04298320220014, 26.495817782422176], [50.04298320220014, 26.493572004484697], [50.04515792511817, 26.49244911551596], [50.04733264803619, 26.493572004484697]]]}, "properties": {"congestion_score": 0.968, "congestion_level": "free_flow", "color": "rgb(43,200,43)", "road_pixel_count": 1281}}, {"type": "Feature", "geometry": {"type": "Polygon", "coordinates": [[[50.05168209387224, 26.493572004484697], [50.05168209387224, 26.495817782422176], [50.04950737095422, 26.496940671390913], [50.04733264803619, 26.495817782422176], [50.04733264803619, 26.493572004484697], [50.04950737095422, 26.49244911551596], [50.05168209387224, 26.493572004484697]]]}, "properties": {"congestion_score": 1.0, "congestion_level": "free_flow", "color": "rgb(43,200,43)", "road_pixel_count": 154}}, {"type": "Feature", "geometry": {"type": "Polygon", "coordinates": [[[50.05603153970829, 26.493572004484697], [50.05603153970829, 26.495817782422176], [50.053856816790265, 26.496940671390913], [50.05168209387224, 26.495817782422176], [50.05168209387224, 26.493572004484697], [50.053856816790265, 26.49244911551596], [50.05603153970829, 26.493572004484697]]]}, "properties": {"congestion_score": 1.0, "congestion_level": "free_flow", "color": "rgb(43,200,43)", "road_pixel_count": 428}}, {"type": "Feature", "geometry": {"type": "Polygon", "coordinates": [[[50.121273227249034, 26.493572004484697], [50.121273227249034, 26.495817782422176], [50.11909850433101, 26.496940671390913], [50.116923781412986, 26.495817782422176], [50.116923781412986, 26.493572004484697], [50.11909850433101, 26.49244911551596], [50.121273227249034, 26.493572004484697]]]}, "properties": {"congestion_score": 1.0, "congestion_level": "free_flow", "color": "rgb(43,200,43)", "road_pixel_count": 201}}, {"type": "Feature", "geometry": {"type": "Polygon", "coordinates": [[[50.12562267308509, 26.493572004484697], [50.12562267308509, 26.495817782422176], [50.12344795016706, 26.496940671390913], [50.121273227249034, 26.495817782422176], [50.121273227249034, 26.493572004484697], [50.12344795016706, 26.49244911551596], [50.12562267308509, 26.493572004484697]]]}, "properties": {"congestion_score": 0.998, "congestion_level": "free_flow", "color": "rgb(43,200,43)", "road_pixel_count": 1659}}, {"type": "Feature", "geometry": {"type": "Polygon", "coordinates": [[[50.12997211892114, 26.493572004484697], [50.12997211892114, 26.495817782422176], [50.12779739600311, 26.496940671390913], [50.12562267308509, 26.495817782422176], [50.12562267308509, 26.493572004484697], [50.12779739600311, 26.49244911551596], [50.12997211892114, 26.493572004484697]]]}, "properties": {"congestion_score": 1.0, "congestion_level": "free_flow", "color": "rgb(43,200,43)", "road_pixel_count": 2138}}, {"type": "Feature", "geometry": {"type": "Polygon", "coordinates": [[[50.13432156475719, 26.493572004484697], [50.13432156475719, 26.495817782422176], [50.13214684183916, 26.496940671390913], [50.12997211892114, 26.495817782422176], [50.12997211892114, 26.493572004484697], [50.13214684183916, 26.49244911551596], [50.13432156475719, 26.493572004484697]]]}, "properties": {"congestion_score": 0.996, "congestion_level": "free_flow", "color": "rgb(43,200,43)", "road_pixel_count": 1876}}, {"type": "Feature", "geometry": {"type": "Polygon", "coordinates": [[[50.138671010593235, 26.493572004484697], [50.138671010593235, 26.495817782422176], [50.136496287675214, 26.496940671390913], [50.13432156475719, 26.495817782422176], [50.13432156475719, 26.493572004484697], [50.136496287675214, 26.49244911551596], [50.138671010593235, 26.493572004484697]]]}, "properties": {"congestion_score": 1.0, "congestion_level": "free_flow", "color": "rgb(43,200,43)", "road_pixel_count": 375}}, {"type": "Feature", "geometry": {"type": "Polygon", "coordinates": [[[49.94512067088902, 26.496940671390913], [49.94512067088902, 26.49918644932839], [49.942945947971, 26.500309338297132], [49.94077122505297, 26.49918644932839], [49.94077122505297, 26.496940671390913], [49.942945947971, 26.495817782422176], [49.94512067088902, 26.496940671390913]]]}, "properties": {"congestion_score": 1.0, "congestion_level": "free_flow", "color": "rgb(43,200,43)", "road_pixel_count": 215}}, {"type": "Feature", "geometry": {"type": "Polygon", "coordinates": [[[49.949470116725074, 26.496940671390913], [49.949470116725074, 26.49918644932839], [49.947295393807046, 26.500309338297132], [49.94512067088902, 26.49918644932839], [49.94512067088902, 26.496940671390913], [49.947295393807046, 26.495817782422176], [49.949470116725074, 26.496940671390913]]]}, "properties": {"congestion_score": 1.0, "congestion_level": "free_flow", "color": "rgb(43,200,43)", "road_pixel_count": 1829}}, {"type": "Feature", "geometry": {"type": "Polygon", "coordinates": [[[49.95381956256112, 26.496940671390913], [49.95381956256112, 26.49918644932839], [49.951644839643095, 26.500309338297132], [49.949470116725074, 26.49918644932839], [49.949470116725074, 26.496940671390913], [49.951644839643095, 26.495817782422176], [49.95381956256112, 26.496940671390913]]]}, "properties": {"congestion_score": 1.0, "congestion_level": "free_flow", "color": "rgb(43,200,43)", "road_pixel_count": 1258}}, {"type": "Feature", "geometry": {"type": "Polygon", "coordinates": [[[49.96686790006927, 26.496940671390913], [49.96686790006927, 26.49918644932839], [49.96469317715125, 26.500309338297132], [49.96251845423322, 26.49918644932839], [49.96251845423322, 26.496940671390913], [49.96469317715125, 26.495817782422176], [49.96686790006927, 26.496940671390913]]]}, "properties": {"congestion_score": 0.962, "congestion_level": "free_flow", "color": "rgb(43,200,43)", "road_pixel_count": 1027}}, {"type": "Feature", "geometry": {"type": "Polygon", "coordinates": [[[49.971217345905316, 26.496940671390913], [49.971217345905316, 26.49918644932839], [49.969042622987295, 26.500309338297132], [49.96686790006927, 26.49918644932839], [49.96686790006927, 26.496940671390913], [49.969042622987295, 26.495817782422176], [49.971217345905316, 26.496940671390913]]]}, "properties": {"congestion_score": 0.971, "congestion_level": "free_flow", "color": "rgb(43,200,43)", "road_pixel_count": 352}}, {"type": "Feature", "geometry": {"type": "Polygon", "coordinates": [[[49.98426568341347, 26.496940671390913], [49.98426568341347, 26.49918644932839], [49.98209096049544, 26.500309338297132], [49.97991623757742, 26.49918644932839], [49.97991623757742, 26.496940671390913], [49.98209096049544, 26.495817782422176], [49.98426568341347, 26.496940671390913]]]}, "properties": {"congestion_score": 0.966, "congestion_level": "free_flow", "color": "rgb(43,200,43)", "road_pixel_count": 2972}}, {"type": "Feature", "geometry": {"type": "Polygon", "coordinates": [[[49.98861512924952, 26.496940671390913], [49.98861512924952, 26.49918644932839], [49.986440406331496, 26.500309338297132], [49.98426568341347, 26.49918644932839], [49.98426568341347, 26.496940671390913], [49.986440406331496, 26.495817782422176], [49.98861512924952, 26.496940671390913]]]}, "properties": {"congestion_score": 1.0, "congestion_level": "free_flow", "color": "rgb(43,200,43)", "road_pixel_count": 1432}}, {"type": "Feature", "geometry": {"type": "Polygon", "coordinates": [[[50.014711804265815, 26.496940671390913], [50.014711804265815, 26.49918644932839], [50.012537081347794, 26.500309338297132], [50.01036235842977, 26.49918644932839], [50.01036235842977, 26.496940671390913], [50.012537081347794, 26.495817782422176], [50.014711804265815, 26.496940671390913]]]}, "properties": {"congestion_score": 1.0, "congestion_level": "free_flow", "color": "rgb(43,200,43)", "road_pixel_count": 1173}}, {"type": "Feature", "geometry": {"type": "Polygon", "coordinates": [[[50.032109587610016, 26.496940671390913], [50.032109587610016, 26.49918644932839], [50.02993486469199, 26.500309338297132], [50.02776014177397, 26.49918644932839], [50.02776014177397, 26.496940671390913], [50.02993486469199, 26.495817782422176], [50.032109587610016, 26.496940671390913]]]}, "properties": {"congestion_score": 0.91, "congestion_level": "light_congestion", "color": "rgb(255,255,55)", "road_pixel_count": 1166}}, {"type": "Feature", "geometry": {"type": "Polygon", "coordinates": [[[50.036459033446064, 26.496940671390913], [50.036459033446064, 26.49918644932839], [50.034284310528044, 26.500309338297132], [50.032109587610016, 26.49918644932839], [50.032109587610016, 26.496940671390913], [50.034284310528044, 26.495817782422176], [50.036459033446064, 26.496940671390913]]]}, "properties": {"congestion_score": 0.955, "congestion_level": "free_flow", "color": "rgb(43,200,43)", "road_pixel_count": 1284}}, {"type": "Feature", "geometry": {"type": "Polygon", "coordinates": [[[50.04080847928211, 26.496940671390913], [50.04080847928211, 26.49918644932839], [50.03863375636409, 26.500309338297132], [50.036459033446064, 26.49918644932839], [50.036459033446064, 26.496940671390913], [50.03863375636409, 26.495817782422176], [50.04080847928211, 26.496940671390913]]]}, "properties": {"congestion_score": 0.98, "congestion_level": "free_flow", "color": "rgb(43,200,43)", "road_pixel_count": 764}}, {"type": "Feature", "geometry": {"type": "Polygon", "coordinates": [[[50.04515792511817, 26.496940671390913], [50.04515792511817, 26.49918644932839], [50.04298320220014, 26.500309338297132], [50.04080847928211, 26.49918644932839], [50.04080847928211, 26.496940671390913], [50.04298320220014, 26.495817782422176], [50.04515792511817, 26.496940671390913]]]}, "properties": {"congestion_score": 0.998, "congestion_level": "free_flow", "color": "rgb(43,200,43)", "road_pixel_count": 1141}}, {"type": "Feature", "geometry": {"type": "Polygon", "coordinates": [[[50.04950737095422, 26.496940671390913], [50.04950737095422, 26.49918644932839], [50.04733264803619, 26.500309338297132], [50.04515792511817, 26.49918644932839], [50.04515792511817, 26.496940671390913], [50.04733264803619, 26.495817782422176], [50.04950737095422, 26.496940671390913]]]}, "properties": {"congestion_score": 1.0, "congestion_level": "free_flow", "color": "rgb(43,200,43)", "road_pixel_count": 15}}, {"type": "Feature", "geometry": {"type": "Polygon", "coordinates": [[[50.053856816790265, 26.496940671390913], [50.053856816790265, 26.49918644932839], [50.05168209387224, 26.500309338297132], [50.04950737095422, 26.49918644932839], [50.04950737095422, 26.496940671390913], [50.05168209387224, 26.495817782422176], [50.053856816790265, 26.496940671390913]]]}, "properties": {"congestion_score": 1.0, "congestion_level": "free_flow", "color": "rgb(43,200,43)", "road_pixel_count": 670}}, {"type": "Feature", "geometry": {"type": "Polygon", "coordinates": [[[50.12344795016706, 26.496940671390913], [50.12344795016706, 26.49918644932839], [50.121273227249034, 26.500309338297132], [50.11909850433101, 26.49918644932839], [50.11909850433101, 26.496940671390913], [50.121273227249034, 26.495817782422176], [50.12344795016706, 26.496940671390913]]]}, "properties": {"congestion_score": 0.997, "congestion_level": "free_flow", "color": "rgb(43,200,43)", "road_pixel_count": 734}}, {"type": "Feature", "geometry": {"type": "Polygon", "coordinates": [[[50.12779739600311, 26.496940671390913], [50.12779739600311, 26.49918644932839], [50.12562267308509, 26.500309338297132], [50.12344795016706, 26.49918644932839], [50.12344795016706, 26.496940671390913], [50.12562267308509, 26.495817782422176], [50.12779739600311, 26.496940671390913]]]}, "properties": {"congestion_score": 0.995, "congestion_level": "free_flow", "color": "rgb(43,200,43)", "road_pixel_count": 1319}}, {"type": "Feature", "geometry": {"type": "Polygon", "coordinates": [[[50.13214684183916, 26.496940671390913], [50.13214684183916, 26.49918644932839], [50.12997211892114, 26.500309338297132], [50.12779739600311, 26.49918644932839], [50.12779739600311, 26.496940671390913], [50.12997211892114, 26.495817782422176], [50.13214684183916, 26.496940671390913]]]}, "properties": {"congestion_score": 0.985, "congestion_level": "free_flow", "color": "rgb(43,200,43)", "road_pixel_count": 1646}}, {"type": "Feature", "geometry": {"type": "Polygon", "coordinates": [[[50.136496287675214, 26.496940671390913], [50.136496287675214, 26.49918644932839], [50.13432156475719, 26.500309338297132], [50.13214684183916, 26.49918644932839], [50.13214684183916, 26.496940671390913], [50.13432156475719, 26.495817782422176], [50.136496287675214, 26.496940671390913]]]}, "properties": {"congestion_score": 1.0, "congestion_level": "free_flow", "color": "rgb(43,200,43)", "road_pixel_count": 371}}, {"type": "Feature", "geometry": {"type": "Polygon", "coordinates": [[[49.942945947971, 26.500309338297132], [49.942945947971, 26.502555116234607], [49.94077122505297, 26.503678005203348], [49.93859650213495, 26.502555116234607], [49.93859650213495, 26.500309338297132], [49.94077122505297, 26.49918644932839], [49.942945947971, 26.500309338297132]]]}, "properties": {"congestion_score": 1.0, "congestion_level": "free_flow", "color": "rgb(43,200,43)", "road_pixel_count": 1604}}, {"type": "Feature", "geometry": {"type": "Polygon", "coordinates": [[[49.947295393807046, 26.500309338297132], [49.947295393807046, 26.502555116234607], [49.94512067088902, 26.503678005203348], [49.942945947971, 26.502555116234607], [49.942945947971, 26.500309338297132], [49.94512067088902, 26.49918644932839], [49.947295393807046, 26.500309338297132]]]}, "properties": {"congestion_score": 1.0, "congestion_level": "free_flow", "color": "rgb(43,200,43)", "road_pixel_count": 1242}}, {"type": "Feature", "geometry": {"type": "Polygon", "coordinates": [[[49.97774151465939, 26.500309338297132], [49.97774151465939, 26.502555116234607], [49.97556679174137, 26.503678005203348], [49.973392068823344, 26.502555116234607], [49.973392068823344, 26.500309338297132], [49.97556679174137, 26.49918644932839], [49.97774151465939, 26.500309338297132]]]}, "properties": {"congestion_score": 0.93, "congestion_level": "light_congestion", "color": "rgb(255,255,55)", "road_pixel_count": 60}}, {"type": "Feature", "geometry": {"type": "Polygon", "coordinates": [[[49.98209096049544, 26.500309338297132], [49.98209096049544, 26.502555116234607], [49.97991623757742, 26.503678005203348], [49.97774151465939, 26.502555116234607], [49.97774151465939, 26.500309338297132], [49.97991623757742, 26.49918644932839], [49.98209096049544, 26.500309338297132]]]}, "properties": {"congestion_score": 0.892, "congestion_level": "light_congestion", "color": "rgb(255,255,55)", "road_pixel_count": 2868}}, {"type": "Feature", "geometry": {"type": "Polygon", "coordinates": [[[49.986440406331496, 26.500309338297132], [49.986440406331496, 26.502555116234607], [49.98426568341347, 26.503678005203348], [49.98209096049544, 26.502555116234607], [49.98209096049544, 26.500309338297132], [49.98426568341347, 26.49918644932839], [49.986440406331496, 26.500309338297132]]]}, "properties": {"congestion_score": 1.0, "congestion_level": "free_flow", "color": "rgb(43,200,43)", "road_pixel_count": 696}}, {"type": "Feature", "geometry": {"type": "Polygon", "coordinates": [[[50.01688652718384, 26.500309338297132], [50.01688652718384, 26.502555116234607], [50.014711804265815, 26.503678005203348], [50.012537081347794, 26.502555116234607], [50.012537081347794, 26.500309338297132], [50.014711804265815, 26.49918644932839], [50.01688652718384, 26.500309338297132]]]}, "properties": {"congestion_score": 1.0, "congestion_level": "free_flow", "color": "rgb(43,200,43)", "road_pixel_count": 1172}}, {"type": "Feature", "geometry": {"type": "Polygon", "coordinates": [[[50.02993486469199, 26.500309338297132], [50.02993486469199, 26.502555116234607], [50.02776014177397, 26.503678005203348], [50.02558541885594, 26.502555116234607], [50.02558541885594, 26.500309338297132], [50.02776014177397, 26.49918644932839], [50.02993486469199, 26.500309338297132]]]}, "properties": {"congestion_score": 0.685, "congestion_level": "light_congestion", "color": "rgb(255,255,55)", "road_pixel_count": 36}}, {"type": "Feature", "geometry": {"type": "Polygon", "coordinates": [[[50.034284310528044, 26.500309338297132], [50.034284310528044, 26.502555116234607], [50.032109587610016, 26.503678005203348], [50.02993486469199, 26.502555116234607], [50.02993486469199, 26.500309338297132], [50.032109587610016, 26.49918644932839], [50.034284310528044, 26.500309338297132]]]}, "properties": {"congestion_score": 0.95, "congestion_level": "free_flow", "color": "rgb(43,200,43)", "road_pixel_count": 1420}}, {"type": "Feature", "geometry": {"type": "Polygon", "coordinates": [[[50.03863375636409, 26.500309338297132], [50.03863375636409, 26.502555116234607], [50.036459033446064, 26.503678005203348], [50.034284310528044, 26.502555116234607], [50.034284310528044, 26.500309338297132], [50.036459033446064, 26.49918644932839], [50.03863375636409, 26.500309338297132]]]}, "properties": {"congestion_score": 0.937, "congestion_level": "light_congestion", "color": "rgb(255,255,55)", "road_pixel_count": 1116}}, {"type": "Feature", "geometry": {"type": "Polygon", "coordinates": [[[50.04298320220014, 26.500309338297132], [50.04298320220014, 26.502555116234607], [50.04080847928211, 26.503678005203348], [50.03863375636409, 26.502555116234607], [50.03863375636409, 26.500309338297132], [50.04080847928211, 26.49918644932839], [50.04298320220014, 26.500309338297132]]]}, "properties": {"congestion_score": 0.982, "congestion_level": "free_flow", "color": "rgb(43,200,43)", "road_pixel_count": 1456}}, {"type": "Feature", "geometry": {"type": "Polygon", "coordinates": [[[50.04733264803619, 26.500309338297132], [50.04733264803619, 26.502555116234607], [50.04515792511817, 26.503678005203348], [50.04298320220014, 26.502555116234607], [50.04298320220014, 26.500309338297132], [50.04515792511817, 26.49918644932839], [50.04733264803619, 26.500309338297132]]]}, "properties": {"congestion_score": 1.0, "congestion_level": "free_flow", "color": "rgb(43,200,43)", "road_pixel_count": 647}}, {"type": "Feature", "geometry": {"type": "Polygon", "coordinates": [[[50.05168209387224, 26.500309338297132], [50.05168209387224, 26.502555116234607], [50.04950737095422, 26.503678005203348], [50.04733264803619, 26.502555116234607], [50.04733264803619, 26.500309338297132], [50.04950737095422, 26.49918644932839], [50.05168209387224, 26.500309338297132]]]}, "properties": {"congestion_score": 1.0, "congestion_level": "free_flow", "color": "rgb(43,200,43)", "road_pixel_count": 526}}, {"type": "Feature", "geometry": {"type": "Polygon", "coordinates": [[[49.93642177921692, 26.503678005203348], [49.93642177921692, 26.505923783140826], [49.934247056298894, 26.507046672109563], [49.93207233338087, 26.505923783140826], [49.93207233338087, 26.503678005203348], [49.934247056298894, 26.502555116234607], [49.93642177921692, 26.503678005203348]]]}, "properties": {"congestion_score": 1.0, "congestion_level": "free_flow", "color": "rgb(43,200,43)", "road_pixel_count": 55}}, {"type": "Feature", "geometry": {"type": "Polygon", "coordinates": [[[49.94077122505297, 26.503678005203348], [49.94077122505297, 26.505923783140826], [49.93859650213495, 26.507046672109563], [49.93642177921692, 26.505923783140826], [49.93642177921692, 26.503678005203348], [49.93859650213495, 26.502555116234607], [49.94077122505297, 26.503678005203348]]]}, "properties": {"congestion_score": 1.0, "congestion_level": "free_flow", "color": "rgb(43,200,43)", "road_pixel_count": 1872}}, {"type": "Feature", "geometry": {"type": "Polygon", "coordinates": [[[49.94512067088902, 26.503678005203348], [49.94512067088902, 26.505923783140826], [49.942945947971, 26.507046672109563], [49.94077122505297, 26.505923783140826], [49.94077122505297, 26.503678005203348], [49.942945947971, 26.502555116234607], [49.94512067088902, 26.503678005203348]]]}, "properties": {"congestion_score": 1.0, "congestion_level": "free_flow", "color": "rgb(43,200,43)", "road_pixel_count": 17}}, {"type": "Feature", "geometry": {"type": "Polygon", "coordinates": [[[49.97556679174137, 26.503678005203348], [49.97556679174137, 26.505923783140826], [49.973392068823344, 26.507046672109563], [49.971217345905316, 26.505923783140826], [49.971217345905316, 26.503678005203348], [49.973392068823344, 26.502555116234607], [49.97556679174137, 26.503678005203348]]]}, "properties": {"congestion_score": 0.885, "congestion_level": "light_congestion", "color": "rgb(255,255,55)", "road_pixel_count": 434}}, {"type": "Feature", "geometry": {"type": "Polygon", "coordinates": [[[49.97991623757742, 26.503678005203348], [49.97991623757742, 26.505923783140826], [49.97774151465939, 26.507046672109563], [49.97556679174137, 26.505923783140826], [49.97556679174137, 26.503678005203348], [49.97774151465939, 26.502555116234607], [49.97991623757742, 26.503678005203348]]]}, "properties": {"congestion_score": 0.953, "congestion_level": "free_flow", "color": "rgb(43,200,43)", "road_pixel_count": 2895}}, {"type": "Feature", "geometry": {"type": "Polygon", "coordinates": [[[49.98426568341347, 26.503678005203348], [49.98426568341347, 26.505923783140826], [49.98209096049544, 26.507046672109563], [49.97991623757742, 26.505923783140826], [49.97991623757742, 26.503678005203348], [49.98209096049544, 26.502555116234607], [49.98426568341347, 26.503678005203348]]]}, "properties": {"congestion_score": 1.0, "congestion_level": "free_flow", "color": "rgb(43,200,43)", "road_pixel_count": 4}}, {"type": "Feature", "geometry": {"type": "Polygon", "coordinates": [[[50.00166346675767, 26.503678005203348], [50.00166346675767, 26.505923783140826], [49.99948874383964, 26.507046672109563], [49.99731402092162, 26.505923783140826], [49.99731402092162, 26.503678005203348], [49.99948874383964, 26.502555116234607], [50.00166346675767, 26.503678005203348]]]}, "properties": {"congestion_score": 1.0, "congestion_level": "free_flow", "color": "rgb(43,200,43)", "road_pixel_count": 596}}, {"type": "Feature", "geometry": {"type": "Polygon", "coordinates": [[[50.00601291259372, 26.503678005203348], [50.00601291259372, 26.505923783140826], [50.00383818967569, 26.507046672109563], [50.00166346675767, 26.505923783140826], [50.00166346675767, 26.503678005203348], [50.00383818967569, 26.502555116234607], [50.00601291259372, 26.503678005203348]]]}, "properties": {"congestion_score": 1.0, "congestion_level": "free_flow", "color": "rgb(43,200,43)", "road_pixel_count": 969}}, {"type": "Feature", "geometry": {"type": "Polygon", "coordinates": [[[50.01036235842977, 26.503678005203348], [50.01036235842977, 26.505923783140826], [50.008187635511746, 26.507046672109563], [50.00601291259372, 26.505923783140826], [50.00601291259372, 26.503678005203348], [50.008187635511746, 26.502555116234607], [50.01036235842977, 26.503678005203348]]]}, "properties": {"congestion_score": 1.0, "congestion_level": "free_flow", "color": "rgb(43,200,43)", "road_pixel_count": 722}}, {"type": "Feature", "geometry": {"type": "Polygon", "coordinates": [[[50.01906125010187, 26.503678005203348], [50.01906125010187, 26.505923783140826], [50.01688652718384, 26.507046672109563], [50.014711804265815, 26.505923783140826], [50.014711804265815, 26.503678005203348], [50.01688652718384, 26.502555116234607], [50.01906125010187, 26.503678005203348]]]}, "properties": {"congestion_score": 1.0, "congestion_level": "free_flow", "color": "rgb(43,200,43)", "road_pixel_count": 1041}}, {"type": "Feature", "geometry": {"type": "Polygon", "coordinates": [[[50.032109587610016, 26.503678005203348], [50.032109587610016, 26.505923783140826], [50.02993486469199, 26.507046672109563], [50.02776014177397, 26.505923783140826], [50.02776014177397, 26.503678005203348], [50.02993486469199, 26.502555116234607], [50.032109587610016, 26.503678005203348]]]}, "properties": {"congestion_score": 0.983, "congestion_level": "free_flow", "color": "rgb(43,200,43)", "road_pixel_count": 1344}}, {"type": "Feature", "geometry": {"type": "Polygon", "coordinates": [[[50.036459033446064, 26.503678005203348], [50.036459033446064, 26.505923783140826], [50.034284310528044, 26.507046672109563], [50.032109587610016, 26.505923783140826], [50.032109587610016, 26.503678005203348], [50.034284310528044, 26.502555116234607], [50.036459033446064, 26.503678005203348]]]}, "properties": {"congestion_score": 0.982, "congestion_level": "free_flow", "color": "rgb(43,200,43)", "road_pixel_count": 54}}, {"type": "Feature", "geometry": {"type": "Polygon", "coordinates": [[[50.04080847928211, 26.503678005203348], [50.04080847928211, 26.505923783140826], [50.03863375636409, 26.507046672109563], [50.036459033446064, 26.505923783140826], [50.036459033446064, 26.503678005203348], [50.03863375636409, 26.502555116234607], [50.04080847928211, 26.503678005203348]]]}, "properties": {"congestion_score": 0.994, "congestion_level": "free_flow", "color": "rgb(43,200,43)", "road_pixel_count": 1395}}, {"type": "Feature", "geometry": {"type": "Polygon", "coordinates": [[[50.04515792511817, 26.503678005203348], [50.04515792511817, 26.505923783140826], [50.04298320220014, 26.507046672109563], [50.04080847928211, 26.505923783140826], [50.04080847928211, 26.503678005203348], [50.04298320220014, 26.502555116234607], [50.04515792511817, 26.503678005203348]]]}, "properties": {"congestion_score": 1.0, "congestion_level": "free_flow", "color": "rgb(43,200,43)", "road_pixel_count": 125}}, {"type": "Feature", "geometry": {"type": "Polygon", "coordinates": [[[49.934247056298894, 26.507046672109563], [49.934247056298894, 26.50929245004704], [49.93207233338087, 26.51041533901578], [49.929897610462845, 26.50929245004704], [49.929897610462845, 26.507046672109563], [49.93207233338087, 26.505923783140826], [49.934247056298894, 26.507046672109563]]]}, "properties": {"congestion_score": 1.0, "congestion_level": "free_flow", "color": "rgb(43,200,43)", "road_pixel_count": 351}}, {"type": "Feature", "geometry": {"type": "Polygon", "coordinates": [[[49.93859650213495, 26.507046672109563], [49.93859650213495, 26.50929245004704], [49.93642177921692, 26.51041533901578], [49.934247056298894, 26.50929245004704], [49.934247056298894, 26.507046672109563], [49.93642177921692, 26.505923783140826], [49.93859650213495, 26.507046672109563]]]}, "properties": {"congestion_score": 1.0, "congestion_level": "free_flow", "color": "rgb(43,200,43)", "road_pixel_count": 1698}}, {"type": "Feature", "geometry": {"type": "Polygon", "coordinates": [[[49.973392068823344, 26.507046672109563], [49.973392068823344, 26.50929245004704], [49.971217345905316, 26.51041533901578], [49.969042622987295, 26.50929245004704], [49.969042622987295, 26.507046672109563], [49.971217345905316, 26.505923783140826], [49.973392068823344, 26.507046672109563]]]}, "properties": {"congestion_score": 0.841, "congestion_level": "light_congestion", "color": "rgb(255,255,55)", "road_pixel_count": 913}}, {"type": "Feature", "geometry": {"type": "Polygon", "coordinates": [[[49.97774151465939, 26.507046672109563], [49.97774151465939, 26.50929245004704], [49.97556679174137, 26.51041533901578], [49.973392068823344, 26.50929245004704], [49.973392068823344, 26.507046672109563], [49.97556679174137, 26.505923783140826], [49.97774151465939, 26.507046672109563]]]}, "properties": {"congestion_score": 0.939, "congestion_level": "light_congestion", "color": "rgb(255,255,55)", "road_pixel_count": 2829}}, {"type": "Feature", "geometry": {"type": "Polygon", "coordinates": [[[49.98209096049544, 26.507046672109563], [49.98209096049544, 26.50929245004704], [49.97991623757742, 26.51041533901578], [49.97774151465939, 26.50929245004704], [49.97774151465939, 26.507046672109563], [49.97991623757742, 26.505923783140826], [49.98209096049544, 26.507046672109563]]]}, "properties": {"congestion_score": 0.205, "congestion_level": "complete_congestion", "color": "rgb(119,119,119)", "road_pixel_count": 4}}, {"type": "Feature", "geometry": {"type": "Polygon", "coordinates": [[[49.99513929800359, 26.507046672109563], [49.99513929800359, 26.50929245004704], [49.992964575085566, 26.51041533901578], [49.990789852167545, 26.50929245004704], [49.990789852167545, 26.507046672109563], [49.992964575085566, 26.505923783140826], [49.99513929800359, 26.507046672109563]]]}, "properties": {"congestion_score": 1.0, "congestion_level": "free_flow", "color": "rgb(43,200,43)", "road_pixel_count": 61}}, {"type": "Feature", "geometry": {"type": "Polygon", "coordinates": [[[49.99948874383964, 26.507046672109563], [49.99948874383964, 26.50929245004704], [49.99731402092162, 26.51041533901578], [49.99513929800359, 26.50929245004704], [49.99513929800359, 26.507046672109563], [49.99731402092162, 26.505923783140826], [49.99948874383964, 26.507046672109563]]]}, "properties": {"congestion_score": 1.0, "congestion_level": "free_flow", "color": "rgb(43,200,43)", "road_pixel_count": 1252}}, {"type": "Feature", "geometry": {"type": "Polygon", "coordinates": [[[50.00383818967569, 26.507046672109563], [50.00383818967569, 26.50929245004704], [50.00166346675767, 26.51041533901578], [49.99948874383964, 26.50929245004704], [49.99948874383964, 26.507046672109563], [50.00166346675767, 26.505923783140826], [50.00383818967569, 26.507046672109563]]]}, "properties": {"congestion_score": 1.0, "congestion_level": "free_flow", "color": "rgb(43,200,43)", "road_pixel_count": 403}}, {"type": "Feature", "geometry": {"type": "Polygon", "coordinates": [[[50.008187635511746, 26.507046672109563], [50.008187635511746, 26.50929245004704], [50.00601291259372, 26.51041533901578], [50.00383818967569, 26.50929245004704], [50.00383818967569, 26.507046672109563], [50.00601291259372, 26.505923783140826], [50.008187635511746, 26.507046672109563]]]}, "properties": {"congestion_score": 1.0, "congestion_level": "free_flow", "color": "rgb(43,200,43)", "road_pixel_count": 165}}, {"type": "Feature", "geometry": {"type": "Polygon", "coordinates": [[[50.012537081347794, 26.507046672109563], [50.012537081347794, 26.50929245004704], [50.01036235842977, 26.51041533901578], [50.008187635511746, 26.50929245004704], [50.008187635511746, 26.507046672109563], [50.01036235842977, 26.505923783140826], [50.012537081347794, 26.507046672109563]]]}, "properties": {"congestion_score": 0.966, "congestion_level": "free_flow", "color": "rgb(43,200,43)", "road_pixel_count": 1739}}, {"type": "Feature", "geometry": {"type": "Polygon", "coordinates": [[[50.01688652718384, 26.507046672109563], [50.01688652718384, 26.50929245004704], [50.014711804265815, 26.51041533901578], [50.012537081347794, 26.50929245004704], [50.012537081347794, 26.507046672109563], [50.014711804265815, 26.505923783140826], [50.01688652718384, 26.507046672109563]]]}, "properties": {"congestion_score": 0.95, "congestion_level": "light_congestion", "color": "rgb(255,255,55)", "road_pixel_count": 1554}}, {"type": "Feature", "geometry": {"type": "Polygon", "coordinates": [[[50.02123597301989, 26.507046672109563], [50.02123597301989, 26.50929245004704], [50.01906125010187, 26.51041533901578], [50.01688652718384, 26.50929245004704], [50.01688652718384, 26.507046672109563], [50.01906125010187, 26.505923783140826], [50.02123597301989, 26.507046672109563]]]}, "properties": {"congestion_score": 0.944, "congestion_level": "light_congestion", "color": "rgb(255,255,55)", "road_pixel_count": 1713}}, {"type": "Feature", "geometry": {"type": "Polygon", "coordinates": [[[50.02558541885594, 26.507046672109563], [50.02558541885594, 26.50929245004704], [50.02341069593792, 26.51041533901578], [50.02123597301989, 26.50929245004704], [50.02123597301989, 26.507046672109563], [50.02341069593792, 26.505923783140826], [50.02558541885594, 26.507046672109563]]]}, "properties": {"congestion_score": 0.977, "congestion_level": "free_flow", "color": "rgb(43,200,43)", "road_pixel_count": 1195}}, {"type": "Feature", "geometry": {"type": "Polygon", "coordinates": [[[50.02993486469199, 26.507046672109563], [50.02993486469199, 26.50929245004704], [50.02776014177397, 26.51041533901578], [50.02558541885594, 26.50929245004704], [50.02558541885594, 26.507046672109563], [50.02776014177397, 26.505923783140826], [50.02993486469199, 26.507046672109563]]]}, "properties": {"congestion_score": 0.918, "congestion_level": "light_congestion", "color": "rgb(255,255,55)", "road_pixel_count": 2079}}, {"type": "Feature", "geometry": {"type": "Polygon", "coordinates": [[[50.034284310528044, 26.507046672109563], [50.034284310528044, 26.50929245004704], [50.032109587610016, 26.51041533901578], [50.02993486469199, 26.50929245004704], [50.02993486469199, 26.507046672109563], [50.032109587610016, 26.505923783140826], [50.034284310528044, 26.507046672109563]]]}, "properties": {"congestion_score": 0.924, "congestion_level": "light_congestion", "color": "rgb(255,255,55)", "road_pixel_count": 1650}}, {"type": "Feature", "geometry": {"type": "Polygon", "coordinates": [[[50.03863375636409, 26.507046672109563], [50.03863375636409, 26.50929245004704], [50.036459033446064, 26.51041533901578], [50.034284310528044, 26.50929245004704], [50.034284310528044, 26.507046672109563], [50.036459033446064, 26.505923783140826], [50.03863375636409, 26.507046672109563]]]}, "properties": {"congestion_score": 0.989, "congestion_level": "free_flow", "color": "rgb(43,200,43)", "road_pixel_count": 1618}}, {"type": "Feature", "geometry": {"type": "Polygon", "coordinates": [[[49.93207233338087, 26.51041533901578], [49.93207233338087, 26.512661116953257], [49.929897610462845, 26.513784005921995], [49.927722887544824, 26.512661116953257], [49.927722887544824, 26.51041533901578], [49.929897610462845, 26.50929245004704], [49.93207233338087, 26.51041533901578]]]}, "properties": {"congestion_score": 1.0, "congestion_level": "free_flow", "color": "rgb(43,200,43)", "road_pixel_count": 729}}, {"type": "Feature", "geometry": {"type": "Polygon", "coordinates": [[[49.93642177921692, 26.51041533901578], [49.93642177921692, 26.512661116953257], [49.934247056298894, 26.513784005921995], [49.93207233338087, 26.512661116953257], [49.93207233338087, 26.51041533901578], [49.934247056298894, 26.50929245004704], [49.93642177921692, 26.51041533901578]]]}, "properties": {"congestion_score": 1.0, "congestion_level": "free_flow", "color": "rgb(43,200,43)", "road_pixel_count": 1385}}, {"type": "Feature", "geometry": {"type": "Polygon", "coordinates": [[[49.949470116725074, 26.51041533901578], [49.949470116725074, 26.512661116953257], [49.947295393807046, 26.513784005921995], [49.94512067088902, 26.512661116953257], [49.94512067088902, 26.51041533901578], [49.947295393807046, 26.50929245004704], [49.949470116725074, 26.51041533901578]]]}, "properties": {"congestion_score": 0.724, "congestion_level": "light_congestion", "color": "rgb(255,255,55)", "road_pixel_count": 511}}, {"type": "Feature", "geometry": {"type": "Polygon", "coordinates": [[[49.95381956256112, 26.51041533901578], [49.95381956256112, 26.512661116953257], [49.951644839643095, 26.513784005921995], [49.949470116725074, 26.512661116953257], [49.949470116725074, 26.51041533901578], [49.951644839643095, 26.50929245004704], [49.95381956256112, 26.51041533901578]]]}, "properties": {"congestion_score": 0.767, "congestion_level": "light_congestion", "color": "rgb(255,255,55)", "road_pixel_count": 1102}}, {"type": "Feature", "geometry": {"type": "Polygon", "coordinates": [[[49.971217345905316, 26.51041533901578], [49.971217345905316, 26.512661116953257], [49.969042622987295, 26.513784005921995], [49.96686790006927, 26.512661116953257], [49.96686790006927, 26.51041533901578], [49.969042622987295, 26.50929245004704], [49.971217345905316, 26.51041533901578]]]}, "properties": {"congestion_score": 0.873, "congestion_level": "light_congestion", "color": "rgb(255,255,55)", "road_pixel_count": 1496}}, {"type": "Feature", "geometry": {"type": "Polygon", "coordinates": [[[49.97556679174137, 26.51041533901578], [49.97556679174137, 26.512661116953257], [49.973392068823344, 26.513784005921995], [49.971217345905316, 26.512661116953257], [49.971217345905316, 26.51041533901578], [49.973392068823344, 26.50929245004704], [49.97556679174137, 26.51041533901578]]]}, "properties": {"congestion_score": 0.98, "congestion_level": "free_flow", "color": "rgb(43,200,43)", "road_pixel_count": 3067}}, {"type": "Feature", "geometry": {"type": "Polygon", "coordinates": [[[49.97991623757742, 26.51041533901578], [49.97991623757742, 26.512661116953257], [49.97774151465939, 26.513784005921995], [49.97556679174137, 26.512661116953257], [49.97556679174137, 26.51041533901578], [49.97774151465939, 26.50929245004704], [49.97991623757742, 26.51041533901578]]]}, "properties": {"congestion_score": 0.982, "congestion_level": "free_flow", "color": "rgb(43,200,43)", "road_pixel_count": 488}}, {"type": "Feature", "geometry": {"type": "Polygon", "coordinates": [[[49.98426568341347, 26.51041533901578], [49.98426568341347, 26.512661116953257], [49.98209096049544, 26.513784005921995], [49.97991623757742, 26.512661116953257], [49.97991623757742, 26.51041533901578], [49.98209096049544, 26.50929245004704], [49.98426568341347, 26.51041533901578]]]}, "properties": {"congestion_score": 0.985, "congestion_level": "free_flow", "color": "rgb(43,200,43)", "road_pixel_count": 136}}, {"type": "Feature", "geometry": {"type": "Polygon", "coordinates": [[[49.99731402092162, 26.51041533901578], [49.99731402092162, 26.512661116953257], [49.99513929800359, 26.513784005921995], [49.992964575085566, 26.512661116953257], [49.992964575085566, 26.51041533901578], [49.99513929800359, 26.50929245004704], [49.99731402092162, 26.51041533901578]]]}, "properties": {"congestion_score": 1.0, "congestion_level": "free_flow", "color": "rgb(43,200,43)", "road_pixel_count": 1221}}, {"type": "Feature", "geometry": {"type": "Polygon", "coordinates": [[[50.01036235842977, 26.51041533901578], [50.01036235842977, 26.512661116953257], [50.008187635511746, 26.513784005921995], [50.00601291259372, 26.512661116953257], [50.00601291259372, 26.51041533901578], [50.008187635511746, 26.50929245004704], [50.01036235842977, 26.51041533901578]]]}, "properties": {"congestion_score": 1.0, "congestion_level": "free_flow", "color": "rgb(43,200,43)", "road_pixel_count": 1134}}, {"type": "Feature", "geometry": {"type": "Polygon", "coordinates": [[[50.01906125010187, 26.51041533901578], [50.01906125010187, 26.512661116953257], [50.01688652718384, 26.513784005921995], [50.014711804265815, 26.512661116953257], [50.014711804265815, 26.51041533901578], [50.01688652718384, 26.50929245004704], [50.01906125010187, 26.51041533901578]]]}, "properties": {"congestion_score": 1.0, "congestion_level": "free_flow", "color": "rgb(43,200,43)", "road_pixel_count": 168}}, {"type": "Feature", "geometry": {"type": "Polygon", "coordinates": [[[50.02341069593792, 26.51041533901578], [50.02341069593792, 26.512661116953257], [50.02123597301989, 26.513784005921995], [50.01906125010187, 26.512661116953257], [50.01906125010187, 26.51041533901578], [50.02123597301989, 26.50929245004704], [50.02341069593792, 26.51041533901578]]]}, "properties": {"congestion_score": 1.0, "congestion_level": "free_flow", "color": "rgb(43,200,43)", "road_pixel_count": 722}}, {"type": "Feature", "geometry": {"type": "Polygon", "coordinates": [[[50.02776014177397, 26.51041533901578], [50.02776014177397, 26.512661116953257], [50.02558541885594, 26.513784005921995], [50.02341069593792, 26.512661116953257], [50.02341069593792, 26.51041533901578], [50.02558541885594, 26.50929245004704], [50.02776014177397, 26.51041533901578]]]}, "properties": {"congestion_score": 0.952, "congestion_level": "free_flow", "color": "rgb(43,200,43)", "road_pixel_count": 1865}}, {"type": "Feature", "geometry": {"type": "Polygon", "coordinates": [[[50.032109587610016, 26.51041533901578], [50.032109587610016, 26.512661116953257], [50.02993486469199, 26.513784005921995], [50.02776014177397, 26.512661116953257], [50.02776014177397, 26.51041533901578], [50.02993486469199, 26.50929245004704], [50.032109587610016, 26.51041533901578]]]}, "properties": {"congestion_score": 1.0, "congestion_level": "free_flow", "color": "rgb(43,200,43)", "road_pixel_count": 1478}}, {"type": "Feature", "geometry": {"type": "Polygon", "coordinates": [[[50.036459033446064, 26.51041533901578], [50.036459033446064, 26.512661116953257], [50.034284310528044, 26.513784005921995], [50.032109587610016, 26.512661116953257], [50.032109587610016, 26.51041533901578], [50.034284310528044, 26.50929245004704], [50.036459033446064, 26.51041533901578]]]}, "properties": {"congestion_score": 0.995, "congestion_level": "free_flow", "color": "rgb(43,200,43)", "road_pixel_count": 1263}}, {"type": "Feature", "geometry": {"type": "Polygon", "coordinates": [[[49.929897610462845, 26.513784005921995], [49.929897610462845, 26.516029783859473], [49.927722887544824, 26.51715267282821], [49.9255481646268, 26.516029783859473], [49.9255481646268, 26.513784005921995], [49.927722887544824, 26.512661116953257], [49.929897610462845, 26.513784005921995]]]}, "properties": {"congestion_score": 1.0, "congestion_level": "free_flow", "color": "rgb(43,200,43)", "road_pixel_count": 1214}}, {"type": "Feature", "geometry": {"type": "Polygon", "coordinates": [[[49.934247056298894, 26.513784005921995], [49.934247056298894, 26.516029783859473], [49.93207233338087, 26.51715267282821], [49.929897610462845, 26.516029783859473], [49.929897610462845, 26.513784005921995], [49.93207233338087, 26.512661116953257], [49.934247056298894, 26.513784005921995]]]}, "properties": {"congestion_score": 1.0, "congestion_level": "free_flow", "color": "rgb(43,200,43)", "road_pixel_count": 922}}, {"type": "Feature", "geometry": {"type": "Polygon", "coordinates": [[[49.947295393807046, 26.513784005921995], [49.947295393807046, 26.516029783859473], [49.94512067088902, 26.51715267282821], [49.942945947971, 26.516029783859473], [49.942945947971, 26.513784005921995], [49.94512067088902, 26.512661116953257], [49.947295393807046, 26.513784005921995]]]}, "properties": {"congestion_score": 0.763, "congestion_level": "light_congestion", "color": "rgb(255,255,55)", "road_pixel_count": 1315}}, {"type": "Feature", "geometry": {"type": "Polygon", "coordinates": [[[49.951644839643095, 26.513784005921995], [49.951644839643095, 26.516029783859473], [49.949470116725074, 26.51715267282821], [49.947295393807046, 26.516029783859473], [49.947295393807046, 26.513784005921995], [49.949470116725074, 26.512661116953257], [49.951644839643095, 26.513784005921995]]]}, "properties": {"congestion_score": 0.777, "congestion_level": "light_congestion", "color": "rgb(255,255,55)", "road_pixel_count": 393}}, {"type": "Feature", "geometry": {"type": "Polygon", "coordinates": [[[49.95599428547914, 26.513784005921995], [49.95599428547914, 26.516029783859473], [49.95381956256112, 26.51715267282821], [49.951644839643095, 26.516029783859473], [49.951644839643095, 26.513784005921995], [49.95381956256112, 26.512661116953257], [49.95599428547914, 26.513784005921995]]]}, "properties": {"congestion_score": 0.753, "congestion_level": "light_congestion", "color": "rgb(255,255,55)", "road_pixel_count": 1101}}, {"type": "Feature", "geometry": {"type": "Polygon", "coordinates": [[[49.96034373131519, 26.513784005921995], [49.96034373131519, 26.516029783859473], [49.95816900839717, 26.51715267282821], [49.95599428547914, 26.516029783859473], [49.95599428547914, 26.513784005921995], [49.95816900839717, 26.512661116953257], [49.96034373131519, 26.513784005921995]]]}, "properties": {"congestion_score": 0.763, "congestion_level": "light_congestion", "color": "rgb(255,255,55)", "road_pixel_count": 1035}}, {"type": "Feature", "geometry": {"type": "Polygon", "coordinates": [[[49.969042622987295, 26.513784005921995], [49.969042622987295, 26.516029783859473], [49.96686790006927, 26.51715267282821], [49.96469317715125, 26.516029783859473], [49.96469317715125, 26.513784005921995], [49.96686790006927, 26.512661116953257], [49.969042622987295, 26.513784005921995]]]}, "properties": {"congestion_score": 0.846, "congestion_level": "light_congestion", "color": "rgb(255,255,55)", "road_pixel_count": 1653}}, {"type": "Feature", "geometry": {"type": "Polygon", "coordinates": [[[49.973392068823344, 26.513784005921995], [49.973392068823344, 26.516029783859473], [49.971217345905316, 26.51715267282821], [49.969042622987295, 26.516029783859473], [49.969042622987295, 26.513784005921995], [49.971217345905316, 26.512661116953257], [49.973392068823344, 26.513784005921995]]]}, "properties": {"congestion_score": 0.996, "congestion_level": "free_flow", "color": "rgb(43,200,43)", "road_pixel_count": 2499}}, {"type": "Feature", "geometry": {"type": "Polygon", "coordinates": [[[49.97774151465939, 26.513784005921995], [49.97774151465939, 26.516029783859473], [49.97556679174137, 26.51715267282821], [49.973392068823344, 26.516029783859473], [49.973392068823344, 26.513784005921995], [49.97556679174137, 26.512661116953257], [49.97774151465939, 26.513784005921995]]]}, "properties": {"congestion_score": 0.992, "congestion_level": "free_flow", "color": "rgb(43,200,43)", "road_pixel_count": 1163}}, {"type": "Feature", "geometry": {"type": "Polygon", "coordinates": [[[49.98209096049544, 26.513784005921995], [49.98209096049544, 26.516029783859473], [49.97991623757742, 26.51715267282821], [49.97774151465939, 26.516029783859473], [49.97774151465939, 26.513784005921995], [49.97991623757742, 26.512661116953257], [49.98209096049544, 26.513784005921995]]]}, "properties": {"congestion_score": 0.988, "congestion_level": "free_flow", "color": "rgb(43,200,43)", "road_pixel_count": 1082}}, {"type": "Feature", "geometry": {"type": "Polygon", "coordinates": [[[49.986440406331496, 26.513784005921995], [49.986440406331496, 26.516029783859473], [49.98426568341347, 26.51715267282821], [49.98209096049544, 26.516029783859473], [49.98209096049544, 26.513784005921995], [49.98426568341347, 26.512661116953257], [49.986440406331496, 26.513784005921995]]]}, "properties": {"congestion_score": 0.997, "congestion_level": "free_flow", "color": "rgb(43,200,43)", "road_pixel_count": 2185}}, {"type": "Feature", "geometry": {"type": "Polygon", "coordinates": [[[49.990789852167545, 26.513784005921995], [49.990789852167545, 26.516029783859473], [49.98861512924952, 26.51715267282821], [49.986440406331496, 26.516029783859473], [49.986440406331496, 26.513784005921995], [49.98861512924952, 26.512661116953257], [49.990789852167545, 26.513784005921995]]]}, "properties": {"congestion_score": 1.0, "congestion_level": "free_flow", "color": "rgb(43,200,43)", "road_pixel_count": 1380}}, {"type": "Feature", "geometry": {"type": "Polygon", "coordinates": [[[49.99513929800359, 26.513784005921995], [49.99513929800359, 26.516029783859473], [49.992964575085566, 26.51715267282821], [49.990789852167545, 26.516029783859473], [49.990789852167545, 26.513784005921995], [49.992964575085566, 26.512661116953257], [49.99513929800359, 26.513784005921995]]]}, "properties": {"congestion_score": 1.0, "congestion_level": "free_flow", "color": "rgb(43,200,43)", "road_pixel_count": 1593}}, {"type": "Feature", "geometry": {"type": "Polygon", "coordinates": [[[49.99948874383964, 26.513784005921995], [49.99948874383964, 26.516029783859473], [49.99731402092162, 26.51715267282821], [49.99513929800359, 26.516029783859473], [49.99513929800359, 26.513784005921995], [49.99731402092162, 26.512661116953257], [49.99948874383964, 26.513784005921995]]]}, "properties": {"congestion_score": 1.0, "congestion_level": "free_flow", "color": "rgb(43,200,43)", "road_pixel_count": 1011}}, {"type": "Feature", "geometry": {"type": "Polygon", "coordinates": [[[50.00383818967569, 26.513784005921995], [50.00383818967569, 26.516029783859473], [50.00166346675767, 26.51715267282821], [49.99948874383964, 26.516029783859473], [49.99948874383964, 26.513784005921995], [50.00166346675767, 26.512661116953257], [50.00383818967569, 26.513784005921995]]]}, "properties": {"congestion_score": 1.0, "congestion_level": "free_flow", "color": "rgb(43,200,43)", "road_pixel_count": 39}}, {"type": "Feature", "geometry": {"type": "Polygon", "coordinates": [[[50.008187635511746, 26.513784005921995], [50.008187635511746, 26.516029783859473], [50.00601291259372, 26.51715267282821], [50.00383818967569, 26.516029783859473], [50.00383818967569, 26.513784005921995], [50.00601291259372, 26.512661116953257], [50.008187635511746, 26.513784005921995]]]}, "properties": {"congestion_score": 1.0, "congestion_level": "free_flow", "color": "rgb(43,200,43)", "road_pixel_count": 433}}, {"type": "Feature", "geometry": {"type": "Polygon", "coordinates": [[[50.012537081347794, 26.513784005921995], [50.012537081347794, 26.516029783859473], [50.01036235842977, 26.51715267282821], [50.008187635511746, 26.516029783859473], [50.008187635511746, 26.513784005921995], [50.01036235842977, 26.512661116953257], [50.012537081347794, 26.513784005921995]]]}, "properties": {"congestion_score": 1.0, "congestion_level": "free_flow", "color": "rgb(43,200,43)", "road_pixel_count": 442}}, {"type": "Feature", "geometry": {"type": "Polygon", "coordinates": [[[50.02123597301989, 26.513784005921995], [50.02123597301989, 26.516029783859473], [50.01906125010187, 26.51715267282821], [50.01688652718384, 26.516029783859473], [50.01688652718384, 26.513784005921995], [50.01906125010187, 26.512661116953257], [50.02123597301989, 26.513784005921995]]]}, "properties": {"congestion_score": 0.995, "congestion_level": "free_flow", "color": "rgb(43,200,43)", "road_pixel_count": 1345}}, {"type": "Feature", "geometry": {"type": "Polygon", "coordinates": [[[50.02558541885594, 26.513784005921995], [50.02558541885594, 26.516029783859473], [50.02341069593792, 26.51715267282821], [50.02123597301989, 26.516029783859473], [50.02123597301989, 26.513784005921995], [50.02341069593792, 26.512661116953257], [50.02558541885594, 26.513784005921995]]]}, "properties": {"congestion_score": 0.97, "congestion_level": "free_flow", "color": "rgb(43,200,43)", "road_pixel_count": 1291}}, {"type": "Feature", "geometry": {"type": "Polygon", "coordinates": [[[50.02993486469199, 26.513784005921995], [50.02993486469199, 26.516029783859473], [50.02776014177397, 26.51715267282821], [50.02558541885594, 26.516029783859473], [50.02558541885594, 26.513784005921995], [50.02776014177397, 26.512661116953257], [50.02993486469199, 26.513784005921995]]]}, "properties": {"congestion_score": 1.0, "congestion_level": "free_flow", "color": "rgb(43,200,43)", "road_pixel_count": 1294}}, {"type": "Feature", "geometry": {"type": "Polygon", "coordinates": [[[50.034284310528044, 26.513784005921995], [50.034284310528044, 26.516029783859473], [50.032109587610016, 26.51715267282821], [50.02993486469199, 26.516029783859473], [50.02993486469199, 26.513784005921995], [50.032109587610016, 26.512661116953257], [50.034284310528044, 26.513784005921995]]]}, "properties": {"congestion_score": 1.0, "congestion_level": "free_flow", "color": "rgb(43,200,43)", "road_pixel_count": 1504}}, {"type": "Feature", "geometry": {"type": "Polygon", "coordinates": [[[50.03863375636409, 26.513784005921995], [50.03863375636409, 26.516029783859473], [50.036459033446064, 26.51715267282821], [50.034284310528044, 26.516029783859473], [50.034284310528044, 26.513784005921995], [50.036459033446064, 26.512661116953257], [50.03863375636409, 26.513784005921995]]]}, "properties": {"congestion_score": 0.997, "congestion_level": "free_flow", "color": "rgb(43,200,43)", "road_pixel_count": 1376}}, {"type": "Feature", "geometry": {"type": "Polygon", "coordinates": [[[49.927722887544824, 26.51715267282821], [49.927722887544824, 26.51939845076569], [49.9255481646268, 26.52052133973443], [49.92337344170877, 26.51939845076569], [49.92337344170877, 26.51715267282821], [49.9255481646268, 26.516029783859473], [49.927722887544824, 26.51715267282821]]]}, "properties": {"congestion_score": 1.0, "congestion_level": "free_flow", "color": "rgb(43,200,43)", "road_pixel_count": 1559}}, {"type": "Feature", "geometry": {"type": "Polygon", "coordinates": [[[49.93207233338087, 26.51715267282821], [49.93207233338087, 26.51939845076569], [49.929897610462845, 26.52052133973443], [49.927722887544824, 26.51939845076569], [49.927722887544824, 26.51715267282821], [49.929897610462845, 26.516029783859473], [49.93207233338087, 26.51715267282821]]]}, "properties": {"congestion_score": 1.0, "congestion_level": "free_flow", "color": "rgb(43,200,43)", "road_pixel_count": 504}}, {"type": "Feature", "geometry": {"type": "Polygon", "coordinates": [[[49.94077122505297, 26.51715267282821], [49.94077122505297, 26.51939845076569], [49.93859650213495, 26.52052133973443], [49.93642177921692, 26.51939845076569], [49.93642177921692, 26.51715267282821], [49.93859650213495, 26.516029783859473], [49.94077122505297, 26.51715267282821]]]}, "properties": {"congestion_score": 0.788, "congestion_level": "light_congestion", "color": "rgb(255,255,55)", "road_pixel_count": 467}}, {"type": "Feature", "geometry": {"type": "Polygon", "coordinates": [[[49.94512067088902, 26.51715267282821], [49.94512067088902, 26.51939845076569], [49.942945947971, 26.52052133973443], [49.94077122505297, 26.51939845076569], [49.94077122505297, 26.51715267282821], [49.942945947971, 26.516029783859473], [49.94512067088902, 26.51715267282821]]]}, "properties": {"congestion_score": 0.863, "congestion_level": "light_congestion", "color": "rgb(255,255,55)", "road_pixel_count": 1272}}, {"type": "Feature", "geometry": {"type": "Polygon", "coordinates": [[[49.95816900839717, 26.51715267282821], [49.95816900839717, 26.51939845076569], [49.95599428547914, 26.52052133973443], [49.95381956256112, 26.51939845076569], [49.95381956256112, 26.51715267282821], [49.95599428547914, 26.516029783859473], [49.95816900839717, 26.51715267282821]]]}, "properties": {"congestion_score": 0.274, "congestion_level": "heavy_traffic", "color": "rgb(255,35,35)", "road_pixel_count": 10}}, {"type": "Feature", "geometry": {"type": "Polygon", "coordinates": [[[49.96251845423322, 26.51715267282821], [49.96251845423322, 26.51939845076569], [49.96034373131519, 26.52052133973443], [49.95816900839717, 26.51939845076569], [49.95816900839717, 26.51715267282821], [49.96034373131519, 26.516029783859473], [49.96251845423322, 26.51715267282821]]]}, "properties": {"congestion_score": 0.778, "congestion_level": "light_congestion", "color": "rgb(255,255,55)", "road_pixel_count": 1424}}, {"type": "Feature", "geometry": {"type": "Polygon", "coordinates": [[[49.96686790006927, 26.51715267282821], [49.96686790006927, 26.51939845076569], [49.96469317715125, 26.52052133973443], [49.96251845423322, 26.51939845076569], [49.96251845423322, 26.51715267282821], [49.96469317715125, 26.516029783859473], [49.96686790006927, 26.51715267282821]]]}, "properties": {"congestion_score": 0.897, "congestion_level": "light_congestion", "color": "rgb(255,255,55)", "road_pixel_count": 1743}}, {"type": "Feature", "geometry": {"type": "Polygon", "coordinates": [[[49.971217345905316, 26.51715267282821], [49.971217345905316, 26.51939845076569], [49.969042622987295, 26.52052133973443], [49.96686790006927, 26.51939845076569], [49.96686790006927, 26.51715267282821], [49.969042622987295, 26.516029783859473], [49.971217345905316, 26.51715267282821]]]}, "properties": {"congestion_score": 1.0, "congestion_level": "free_flow", "color": "rgb(43,200,43)", "road_pixel_count": 2229}}, {"type": "Feature", "geometry": {"type": "Polygon", "coordinates": [[[49.97556679174137, 26.51715267282821], [49.97556679174137, 26.51939845076569], [49.973392068823344, 26.52052133973443], [49.971217345905316, 26.51939845076569], [49.971217345905316, 26.51715267282821], [49.973392068823344, 26.516029783859473], [49.97556679174137, 26.51715267282821]]]}, "properties": {"congestion_score": 1.0, "congestion_level": "free_flow", "color": "rgb(43,200,43)", "road_pixel_count": 132}}, {"type": "Feature", "geometry": {"type": "Polygon", "coordinates": [[[49.98426568341347, 26.51715267282821], [49.98426568341347, 26.51939845076569], [49.98209096049544, 26.52052133973443], [49.97991623757742, 26.51939845076569], [49.97991623757742, 26.51715267282821], [49.98209096049544, 26.516029783859473], [49.98426568341347, 26.51715267282821]]]}, "properties": {"congestion_score": 1.0, "congestion_level": "free_flow", "color": "rgb(43,200,43)", "road_pixel_count": 1491}}, {"type": "Feature", "geometry": {"type": "Polygon", "coordinates": [[[49.99731402092162, 26.51715267282821], [49.99731402092162, 26.51939845076569], [49.99513929800359, 26.52052133973443], [49.992964575085566, 26.51939845076569], [49.992964575085566, 26.51715267282821], [49.99513929800359, 26.516029783859473], [49.99731402092162, 26.51715267282821]]]}, "properties": {"congestion_score": 1.0, "congestion_level": "free_flow", "color": "rgb(43,200,43)", "road_pixel_count": 118}}, {"type": "Feature", "geometry": {"type": "Polygon", "coordinates": [[[50.00166346675767, 26.51715267282821], [50.00166346675767, 26.51939845076569], [49.99948874383964, 26.52052133973443], [49.99731402092162, 26.51939845076569], [49.99731402092162, 26.51715267282821], [49.99948874383964, 26.516029783859473], [50.00166346675767, 26.51715267282821]]]}, "properties": {"congestion_score": 0.997, "congestion_level": "free_flow", "color": "rgb(43,200,43)", "road_pixel_count": 1425}}, {"type": "Feature", "geometry": {"type": "Polygon", "coordinates": [[[50.00601291259372, 26.51715267282821], [50.00601291259372, 26.51939845076569], [50.00383818967569, 26.52052133973443], [50.00166346675767, 26.51939845076569], [50.00166346675767, 26.51715267282821], [50.00383818967569, 26.516029783859473], [50.00601291259372, 26.51715267282821]]]}, "properties": {"congestion_score": 1.0, "congestion_level": "free_flow", "color": "rgb(43,200,43)", "road_pixel_count": 1425}}, {"type": "Feature", "geometry": {"type": "Polygon", "coordinates": [[[50.01036235842977, 26.51715267282821], [50.01036235842977, 26.51939845076569], [50.008187635511746, 26.52052133973443], [50.00601291259372, 26.51939845076569], [50.00601291259372, 26.51715267282821], [50.008187635511746, 26.516029783859473], [50.01036235842977, 26.51715267282821]]]}, "properties": {"congestion_score": 1.0, "congestion_level": "free_flow", "color": "rgb(43,200,43)", "road_pixel_count": 1550}}, {"type": "Feature", "geometry": {"type": "Polygon", "coordinates": [[[50.01906125010187, 26.51715267282821], [50.01906125010187, 26.51939845076569], [50.01688652718384, 26.52052133973443], [50.014711804265815, 26.51939845076569], [50.014711804265815, 26.51715267282821], [50.01688652718384, 26.516029783859473], [50.01906125010187, 26.51715267282821]]]}, "properties": {"congestion_score": 1.0, "congestion_level": "free_flow", "color": "rgb(43,200,43)", "road_pixel_count": 30}}, {"type": "Feature", "geometry": {"type": "Polygon", "coordinates": [[[50.02341069593792, 26.51715267282821], [50.02341069593792, 26.51939845076569], [50.02123597301989, 26.52052133973443], [50.01906125010187, 26.51939845076569], [50.01906125010187, 26.51715267282821], [50.02123597301989, 26.516029783859473], [50.02341069593792, 26.51715267282821]]]}, "properties": {"congestion_score": 0.909, "congestion_level": "light_congestion", "color": "rgb(255,255,55)", "road_pixel_count": 1969}}, {"type": "Feature", "geometry": {"type": "Polygon", "coordinates": [[[50.02776014177397, 26.51715267282821], [50.02776014177397, 26.51939845076569], [50.02558541885594, 26.52052133973443], [50.02341069593792, 26.51939845076569], [50.02341069593792, 26.51715267282821], [50.02558541885594, 26.516029783859473], [50.02776014177397, 26.51715267282821]]]}, "properties": {"congestion_score": 0.965, "congestion_level": "free_flow", "color": "rgb(43,200,43)", "road_pixel_count": 1468}}, {"type": "Feature", "geometry": {"type": "Polygon", "coordinates": [[[50.032109587610016, 26.51715267282821], [50.032109587610016, 26.51939845076569], [50.02993486469199, 26.52052133973443], [50.02776014177397, 26.51939845076569], [50.02776014177397, 26.51715267282821], [50.02993486469199, 26.516029783859473], [50.032109587610016, 26.51715267282821]]]}, "properties": {"congestion_score": 1.0, "congestion_level": "free_flow", "color": "rgb(43,200,43)", "road_pixel_count": 2179}}, {"type": "Feature", "geometry": {"type": "Polygon", "coordinates": [[[50.036459033446064, 26.51715267282821], [50.036459033446064, 26.51939845076569], [50.034284310528044, 26.52052133973443], [50.032109587610016, 26.51939845076569], [50.032109587610016, 26.51715267282821], [50.034284310528044, 26.516029783859473], [50.036459033446064, 26.51715267282821]]]}, "properties": {"congestion_score": 0.993, "congestion_level": "free_flow", "color": "rgb(43,200,43)", "road_pixel_count": 1719}}, {"type": "Feature", "geometry": {"type": "Polygon", "coordinates": [[[49.9255481646268, 26.52052133973443], [49.9255481646268, 26.522767117671904], [49.92337344170877, 26.523890006640645], [49.92119871879075, 26.522767117671904], [49.92119871879075, 26.52052133973443], [49.92337344170877, 26.51939845076569], [49.9255481646268, 26.52052133973443]]]}, "properties": {"congestion_score": 1.0, "congestion_level": "free_flow", "color": "rgb(43,200,43)", "road_pixel_count": 1809}}, {"type": "Feature", "geometry": {"type": "Polygon", "coordinates": [[[49.929897610462845, 26.52052133973443], [49.929897610462845, 26.522767117671904], [49.927722887544824, 26.523890006640645], [49.9255481646268, 26.522767117671904], [49.9255481646268, 26.52052133973443], [49.927722887544824, 26.51939845076569], [49.929897610462845, 26.52052133973443]]]}, "properties": {"congestion_score": 1.0, "congestion_level": "free_flow", "color": "rgb(43,200,43)", "road_pixel_count": 197}}, {"type": "Feature", "geometry": {"type": "Polygon", "coordinates": [[[49.93859650213495, 26.52052133973443], [49.93859650213495, 26.522767117671904], [49.93642177921692, 26.523890006640645], [49.934247056298894, 26.522767117671904], [49.934247056298894, 26.52052133973443], [49.93642177921692, 26.51939845076569], [49.93859650213495, 26.52052133973443]]]}, "properties": {"congestion_score": 0.781, "congestion_level": "light_congestion", "color": "rgb(255,255,55)", "road_pixel_count": 1255}}, {"type": "Feature", "geometry": {"type": "Polygon", "coordinates": [[[49.942945947971, 26.52052133973443], [49.942945947971, 26.522767117671904], [49.94077122505297, 26.523890006640645], [49.93859650213495, 26.522767117671904], [49.93859650213495, 26.52052133973443], [49.94077122505297, 26.51939845076569], [49.942945947971, 26.52052133973443]]]}, "properties": {"congestion_score": 0.94, "congestion_level": "light_congestion", "color": "rgb(255,255,55)", "road_pixel_count": 479}}, {"type": "Feature", "geometry": {"type": "Polygon", "coordinates": [[[49.96034373131519, 26.52052133973443], [49.96034373131519, 26.522767117671904], [49.95816900839717, 26.523890006640645], [49.95599428547914, 26.522767117671904], [49.95599428547914, 26.52052133973443], [49.95816900839717, 26.51939845076569], [49.96034373131519, 26.52052133973443]]]}, "properties": {"congestion_score": 1.0, "congestion_level": "free_flow", "color": "rgb(43,200,43)", "road_pixel_count": 56}}, {"type": "Feature", "geometry": {"type": "Polygon", "coordinates": [[[49.96469317715125, 26.52052133973443], [49.96469317715125, 26.522767117671904], [49.96251845423322, 26.523890006640645], [49.96034373131519, 26.522767117671904], [49.96034373131519, 26.52052133973443], [49.96251845423322, 26.51939845076569], [49.96469317715125, 26.52052133973443]]]}, "properties": {"congestion_score": 0.997, "congestion_level": "free_flow", "color": "rgb(43,200,43)", "road_pixel_count": 2055}}, {"type": "Feature", "geometry": {"type": "Polygon", "coordinates": [[[49.969042622987295, 26.52052133973443], [49.969042622987295, 26.522767117671904], [49.96686790006927, 26.523890006640645], [49.96469317715125, 26.522767117671904], [49.96469317715125, 26.52052133973443], [49.96686790006927, 26.51939845076569], [49.969042622987295, 26.52052133973443]]]}, "properties": {"congestion_score": 0.99, "congestion_level": "free_flow", "color": "rgb(43,200,43)", "road_pixel_count": 2108}}, {"type": "Feature", "geometry": {"type": "Polygon", "coordinates": [[[49.973392068823344, 26.52052133973443], [49.973392068823344, 26.522767117671904], [49.971217345905316, 26.523890006640645], [49.969042622987295, 26.522767117671904], [49.969042622987295, 26.52052133973443], [49.971217345905316, 26.51939845076569], [49.973392068823344, 26.52052133973443]]]}, "properties": {"congestion_score": 1.0, "congestion_level": "free_flow", "color": "rgb(43,200,43)", "road_pixel_count": 320}}, {"type": "Feature", "geometry": {"type": "Polygon", "coordinates": [[[49.98209096049544, 26.52052133973443], [49.98209096049544, 26.522767117671904], [49.97991623757742, 26.523890006640645], [49.97774151465939, 26.522767117671904], [49.97774151465939, 26.52052133973443], [49.97991623757742, 26.51939845076569], [49.98209096049544, 26.52052133973443]]]}, "properties": {"congestion_score": 1.0, "congestion_level": "free_flow", "color": "rgb(43,200,43)", "road_pixel_count": 1485}}, {"type": "Feature", "geometry": {"type": "Polygon", "coordinates": [[[49.986440406331496, 26.52052133973443], [49.986440406331496, 26.522767117671904], [49.98426568341347, 26.523890006640645], [49.98209096049544, 26.522767117671904], [49.98209096049544, 26.52052133973443], [49.98426568341347, 26.51939845076569], [49.986440406331496, 26.52052133973443]]]}, "properties": {"congestion_score": 1.0, "congestion_level": "free_flow", "color": "rgb(43,200,43)", "road_pixel_count": 420}}, {"type": "Feature", "geometry": {"type": "Polygon", "coordinates": [[[49.99948874383964, 26.52052133973443], [49.99948874383964, 26.522767117671904], [49.99731402092162, 26.523890006640645], [49.99513929800359, 26.522767117671904], [49.99513929800359, 26.52052133973443], [49.99731402092162, 26.51939845076569], [49.99948874383964, 26.52052133973443]]]}, "properties": {"congestion_score": 1.0, "congestion_level": "free_flow", "color": "rgb(43,200,43)", "road_pixel_count": 181}}, {"type": "Feature", "geometry": {"type": "Polygon", "coordinates": [[[50.00383818967569, 26.52052133973443], [50.00383818967569, 26.522767117671904], [50.00166346675767, 26.523890006640645], [49.99948874383964, 26.522767117671904], [49.99948874383964, 26.52052133973443], [50.00166346675767, 26.51939845076569], [50.00383818967569, 26.52052133973443]]]}, "properties": {"congestion_score": 1.0, "congestion_level": "free_flow", "color": "rgb(43,200,43)", "road_pixel_count": 272}}, {"type": "Feature", "geometry": {"type": "Polygon", "coordinates": [[[50.008187635511746, 26.52052133973443], [50.008187635511746, 26.522767117671904], [50.00601291259372, 26.523890006640645], [50.00383818967569, 26.522767117671904], [50.00383818967569, 26.52052133973443], [50.00601291259372, 26.51939845076569], [50.008187635511746, 26.52052133973443]]]}, "properties": {"congestion_score": 1.0, "congestion_level": "free_flow", "color": "rgb(43,200,43)", "road_pixel_count": 307}}, {"type": "Feature", "geometry": {"type": "Polygon", "coordinates": [[[50.012537081347794, 26.52052133973443], [50.012537081347794, 26.522767117671904], [50.01036235842977, 26.523890006640645], [50.008187635511746, 26.522767117671904], [50.008187635511746, 26.52052133973443], [50.01036235842977, 26.51939845076569], [50.012537081347794, 26.52052133973443]]]}, "properties": {"congestion_score": 1.0, "congestion_level": "free_flow", "color": "rgb(43,200,43)", "road_pixel_count": 1231}}, {"type": "Feature", "geometry": {"type": "Polygon", "coordinates": [[[50.01688652718384, 26.52052133973443], [50.01688652718384, 26.522767117671904], [50.014711804265815, 26.523890006640645], [50.012537081347794, 26.522767117671904], [50.012537081347794, 26.52052133973443], [50.014711804265815, 26.51939845076569], [50.01688652718384, 26.52052133973443]]]}, "properties": {"congestion_score": 1.0, "congestion_level": "free_flow", "color": "rgb(43,200,43)", "road_pixel_count": 1025}}, {"type": "Feature", "geometry": {"type": "Polygon", "coordinates": [[[50.02123597301989, 26.52052133973443], [50.02123597301989, 26.522767117671904], [50.01906125010187, 26.523890006640645], [50.01688652718384, 26.522767117671904], [50.01688652718384, 26.52052133973443], [50.01906125010187, 26.51939845076569], [50.02123597301989, 26.52052133973443]]]}, "properties": {"congestion_score": 0.888, "congestion_level": "light_congestion", "color": "rgb(255,255,55)", "road_pixel_count": 1294}}, {"type": "Feature", "geometry": {"type": "Polygon", "coordinates": [[[50.02558541885594, 26.52052133973443], [50.02558541885594, 26.522767117671904], [50.02341069593792, 26.523890006640645], [50.02123597301989, 26.522767117671904], [50.02123597301989, 26.52052133973443], [50.02341069593792, 26.51939845076569], [50.02558541885594, 26.52052133973443]]]}, "properties": {"congestion_score": 0.923, "congestion_level": "light_congestion", "color": "rgb(255,255,55)", "road_pixel_count": 345}}, {"type": "Feature", "geometry": {"type": "Polygon", "coordinates": [[[50.02993486469199, 26.52052133973443], [50.02993486469199, 26.522767117671904], [50.02776014177397, 26.523890006640645], [50.02558541885594, 26.522767117671904], [50.02558541885594, 26.52052133973443], [50.02776014177397, 26.51939845076569], [50.02993486469199, 26.52052133973443]]]}, "properties": {"congestion_score": 0.981, "congestion_level": "free_flow", "color": "rgb(43,200,43)", "road_pixel_count": 627}}, {"type": "Feature", "geometry": {"type": "Polygon", "coordinates": [[[50.034284310528044, 26.52052133973443], [50.034284310528044, 26.522767117671904], [50.032109587610016, 26.523890006640645], [50.02993486469199, 26.522767117671904], [50.02993486469199, 26.52052133973443], [50.032109587610016, 26.51939845076569], [50.034284310528044, 26.52052133973443]]]}, "properties": {"congestion_score": 0.918, "congestion_level": "light_congestion", "color": "rgb(255,255,55)", "road_pixel_count": 1488}}, {"type": "Feature", "geometry": {"type": "Polygon", "coordinates": [[[50.03863375636409, 26.52052133973443], [50.03863375636409, 26.522767117671904], [50.036459033446064, 26.523890006640645], [50.034284310528044, 26.522767117671904], [50.034284310528044, 26.52052133973443], [50.036459033446064, 26.51939845076569], [50.03863375636409, 26.52052133973443]]]}, "properties": {"congestion_score": 1.0, "congestion_level": "free_flow", "color": "rgb(43,200,43)", "road_pixel_count": 24}}, {"type": "Feature", "geometry": {"type": "Polygon", "coordinates": [[[49.85813175416803, 26.523890006640645], [49.85813175416803, 26.526135784578123], [49.85595703125, 26.52725867354686], [49.85378230833197, 26.526135784578123], [49.85378230833197, 26.523890006640645], [49.85595703125, 26.522767117671904], [49.85813175416803, 26.523890006640645]]]}, "properties": {"congestion_score": 1.0, "congestion_level": "free_flow", "color": "rgb(43,200,43)", "road_pixel_count": 85}}, {"type": "Feature", "geometry": {"type": "Polygon", "coordinates": [[[49.91902399587272, 26.523890006640645], [49.91902399587272, 26.526135784578123], [49.9168492729547, 26.52725867354686], [49.91467455003667, 26.526135784578123], [49.91467455003667, 26.523890006640645], [49.9168492729547, 26.522767117671904], [49.91902399587272, 26.523890006640645]]]}, "properties": {"congestion_score": 1.0, "congestion_level": "free_flow", "color": "rgb(43,200,43)", "road_pixel_count": 412}}, {"type": "Feature", "geometry": {"type": "Polygon", "coordinates": [[[49.92337344170877, 26.523890006640645], [49.92337344170877, 26.526135784578123], [49.92119871879075, 26.52725867354686], [49.91902399587272, 26.526135784578123], [49.91902399587272, 26.523890006640645], [49.92119871879075, 26.522767117671904], [49.92337344170877, 26.523890006640645]]]}, "properties": {"congestion_score": 1.0, "congestion_level": "free_flow", "color": "rgb(43,200,43)", "road_pixel_count": 1823}}, {"type": "Feature", "geometry": {"type": "Polygon", "coordinates": [[[49.93207233338087, 26.523890006640645], [49.93207233338087, 26.526135784578123], [49.929897610462845, 26.52725867354686], [49.927722887544824, 26.526135784578123], [49.927722887544824, 26.523890006640645], [49.929897610462845, 26.522767117671904], [49.93207233338087, 26.523890006640645]]]}, "properties": {"congestion_score": 0.784, "congestion_level": "light_congestion", "color": "rgb(255,255,55)", "road_pixel_count": 275}}, {"type": "Feature", "geometry": {"type": "Polygon", "coordinates": [[[49.93642177921692, 26.523890006640645], [49.93642177921692, 26.526135784578123], [49.934247056298894, 26.52725867354686], [49.93207233338087, 26.526135784578123], [49.93207233338087, 26.523890006640645], [49.934247056298894, 26.522767117671904], [49.93642177921692, 26.523890006640645]]]}, "properties": {"congestion_score": 0.761, "congestion_level": "light_congestion", "color": "rgb(255,255,55)", "road_pixel_count": 1320}}, {"type": "Feature", "geometry": {"type": "Polygon", "coordinates": [[[49.95816900839717, 26.523890006640645], [49.95816900839717, 26.526135784578123], [49.95599428547914, 26.52725867354686], [49.95381956256112, 26.526135784578123], [49.95381956256112, 26.523890006640645], [49.95599428547914, 26.522767117671904], [49.95816900839717, 26.523890006640645]]]}, "properties": {"congestion_score": 1.0, "congestion_level": "free_flow", "color": "rgb(43,200,43)", "road_pixel_count": 266}}, {"type": "Feature", "geometry": {"type": "Polygon", "coordinates": [[[49.96251845423322, 26.523890006640645], [49.96251845423322, 26.526135784578123], [49.96034373131519, 26.52725867354686], [49.95816900839717, 26.526135784578123], [49.95816900839717, 26.523890006640645], [49.96034373131519, 26.522767117671904], [49.96251845423322, 26.523890006640645]]]}, "properties": {"congestion_score": 1.0, "congestion_level": "free_flow", "color": "rgb(43,200,43)", "road_pixel_count": 1949}}, {"type": "Feature", "geometry": {"type": "Polygon", "coordinates": [[[49.96686790006927, 26.523890006640645], [49.96686790006927, 26.526135784578123], [49.96469317715125, 26.52725867354686], [49.96251845423322, 26.526135784578123], [49.96251845423322, 26.523890006640645], [49.96469317715125, 26.522767117671904], [49.96686790006927, 26.523890006640645]]]}, "properties": {"congestion_score": 0.988, "congestion_level": "free_flow", "color": "rgb(43,200,43)", "road_pixel_count": 1735}}, {"type": "Feature", "geometry": {"type": "Polygon", "coordinates": [[[49.971217345905316, 26.523890006640645], [49.971217345905316, 26.526135784578123], [49.969042622987295, 26.52725867354686], [49.96686790006927, 26.526135784578123], [49.96686790006927, 26.523890006640645], [49.969042622987295, 26.522767117671904], [49.971217345905316, 26.523890006640645]]]}, "properties": {"congestion_score": 1.0, "congestion_level": "free_flow", "color": "rgb(43,200,43)", "road_pixel_count": 535}}, {"type": "Feature", "geometry": {"type": "Polygon", "coordinates": [[[49.97556679174137, 26.523890006640645], [49.97556679174137, 26.526135784578123], [49.973392068823344, 26.52725867354686], [49.971217345905316, 26.526135784578123], [49.971217345905316, 26.523890006640645], [49.973392068823344, 26.522767117671904], [49.97556679174137, 26.523890006640645]]]}, "properties": {"congestion_score": 1.0, "congestion_level": "free_flow", "color": "rgb(43,200,43)", "road_pixel_count": 1038}}, {"type": "Feature", "geometry": {"type": "Polygon", "coordinates": [[[49.97991623757742, 26.523890006640645], [49.97991623757742, 26.526135784578123], [49.97774151465939, 26.52725867354686], [49.97556679174137, 26.526135784578123], [49.97556679174137, 26.523890006640645], [49.97774151465939, 26.522767117671904], [49.97991623757742, 26.523890006640645]]]}, "properties": {"congestion_score": 1.0, "congestion_level": "free_flow", "color": "rgb(43,200,43)", "road_pixel_count": 1584}}, {"type": "Feature", "geometry": {"type": "Polygon", "coordinates": [[[49.98426568341347, 26.523890006640645], [49.98426568341347, 26.526135784578123], [49.98209096049544, 26.52725867354686], [49.97991623757742, 26.526135784578123], [49.97991623757742, 26.523890006640645], [49.98209096049544, 26.522767117671904], [49.98426568341347, 26.523890006640645]]]}, "properties": {"congestion_score": 1.0, "congestion_level": "free_flow", "color": "rgb(43,200,43)", "road_pixel_count": 993}}, {"type": "Feature", "geometry": {"type": "Polygon", "coordinates": [[[49.98861512924952, 26.523890006640645], [49.98861512924952, 26.526135784578123], [49.986440406331496, 26.52725867354686], [49.98426568341347, 26.526135784578123], [49.98426568341347, 26.523890006640645], [49.986440406331496, 26.522767117671904], [49.98861512924952, 26.523890006640645]]]}, "properties": {"congestion_score": 1.0, "congestion_level": "free_flow", "color": "rgb(43,200,43)", "road_pixel_count": 1136}}, {"type": "Feature", "geometry": {"type": "Polygon", "coordinates": [[[49.992964575085566, 26.523890006640645], [49.992964575085566, 26.526135784578123], [49.990789852167545, 26.52725867354686], [49.98861512924952, 26.526135784578123], [49.98861512924952, 26.523890006640645], [49.990789852167545, 26.522767117671904], [49.992964575085566, 26.523890006640645]]]}, "properties": {"congestion_score": 1.0, "congestion_level": "free_flow", "color": "rgb(43,200,43)", "road_pixel_count": 1555}}, {"type": "Feature", "geometry": {"type": "Polygon", "coordinates": [[[49.99731402092162, 26.523890006640645], [49.99731402092162, 26.526135784578123], [49.99513929800359, 26.52725867354686], [49.992964575085566, 26.526135784578123], [49.992964575085566, 26.523890006640645], [49.99513929800359, 26.522767117671904], [49.99731402092162, 26.523890006640645]]]}, "properties": {"congestion_score": 1.0, "congestion_level": "free_flow", "color": "rgb(43,200,43)", "road_pixel_count": 12}}, {"type": "Feature", "geometry": {"type": "Polygon", "coordinates": [[[50.00166346675767, 26.523890006640645], [50.00166346675767, 26.526135784578123], [49.99948874383964, 26.52725867354686], [49.99731402092162, 26.526135784578123], [49.99731402092162, 26.523890006640645], [49.99948874383964, 26.522767117671904], [50.00166346675767, 26.523890006640645]]]}, "properties": {"congestion_score": 1.0, "congestion_level": "free_flow", "color": "rgb(43,200,43)", "road_pixel_count": 572}}, {"type": "Feature", "geometry": {"type": "Polygon", "coordinates": [[[50.014711804265815, 26.523890006640645], [50.014711804265815, 26.526135784578123], [50.012537081347794, 26.52725867354686], [50.01036235842977, 26.526135784578123], [50.01036235842977, 26.523890006640645], [50.012537081347794, 26.522767117671904], [50.014711804265815, 26.523890006640645]]]}, "properties": {"congestion_score": 1.0, "congestion_level": "free_flow", "color": "rgb(43,200,43)", "road_pixel_count": 6}}, {"type": "Feature", "geometry": {"type": "Polygon", "coordinates": [[[50.01906125010187, 26.523890006640645], [50.01906125010187, 26.526135784578123], [50.01688652718384, 26.52725867354686], [50.014711804265815, 26.526135784578123], [50.014711804265815, 26.523890006640645], [50.01688652718384, 26.522767117671904], [50.01906125010187, 26.523890006640645]]]}, "properties": {"congestion_score": 0.998, "congestion_level": "free_flow", "color": "rgb(43,200,43)", "road_pixel_count": 2002}}, {"type": "Feature", "geometry": {"type": "Polygon", "coordinates": [[[50.02341069593792, 26.523890006640645], [50.02341069593792, 26.526135784578123], [50.02123597301989, 26.52725867354686], [50.01906125010187, 26.526135784578123], [50.01906125010187, 26.523890006640645], [50.02123597301989, 26.522767117671904], [50.02341069593792, 26.523890006640645]]]}, "properties": {"congestion_score": 1.0, "congestion_level": "free_flow", "color": "rgb(43,200,43)", "road_pixel_count": 3}}, {"type": "Feature", "geometry": {"type": "Polygon", "coordinates": [[[50.02776014177397, 26.523890006640645], [50.02776014177397, 26.526135784578123], [50.02558541885594, 26.52725867354686], [50.02341069593792, 26.526135784578123], [50.02341069593792, 26.523890006640645], [50.02558541885594, 26.522767117671904], [50.02776014177397, 26.523890006640645]]]}, "properties": {"congestion_score": 0.987, "congestion_level": "free_flow", "color": "rgb(43,200,43)", "road_pixel_count": 236}}, {"type": "Feature", "geometry": {"type": "Polygon", "coordinates": [[[50.032109587610016, 26.523890006640645], [50.032109587610016, 26.526135784578123], [50.02993486469199, 26.52725867354686], [50.02776014177397, 26.526135784578123], [50.02776014177397, 26.523890006640645], [50.02993486469199, 26.522767117671904], [50.032109587610016, 26.523890006640645]]]}, "properties": {"congestion_score": 0.896, "congestion_level": "light_congestion", "color": "rgb(255,255,55)", "road_pixel_count": 697}}, {"type": "Feature", "geometry": {"type": "Polygon", "coordinates": [[[50.036459033446064, 26.523890006640645], [50.036459033446064, 26.526135784578123], [50.034284310528044, 26.52725867354686], [50.032109587610016, 26.526135784578123], [50.032109587610016, 26.523890006640645], [50.034284310528044, 26.522767117671904], [50.036459033446064, 26.523890006640645]]]}, "properties": {"congestion_score": 0.982, "congestion_level": "free_flow", "color": "rgb(43,200,43)", "road_pixel_count": 855}}, {"type": "Feature", "geometry": {"type": "Polygon", "coordinates": [[[49.86030647708605, 26.52725867354686], [49.86030647708605, 26.52950445148434], [49.85813175416803, 26.530627340453076], [49.85595703125, 26.52950445148434], [49.85595703125, 26.52725867354686], [49.85813175416803, 26.526135784578123], [49.86030647708605, 26.52725867354686]]]}, "properties": {"congestion_score": 1.0, "congestion_level": "free_flow", "color": "rgb(43,200,43)", "road_pixel_count": 1818}}, {"type": "Feature", "geometry": {"type": "Polygon", "coordinates": [[[49.8646559229221, 26.52725867354686], [49.8646559229221, 26.52950445148434], [49.862481200004076, 26.530627340453076], [49.86030647708605, 26.52950445148434], [49.86030647708605, 26.52725867354686], [49.862481200004076, 26.526135784578123], [49.8646559229221, 26.52725867354686]]]}, "properties": {"congestion_score": 1.0, "congestion_level": "free_flow", "color": "rgb(43,200,43)", "road_pixel_count": 578}}, {"type": "Feature", "geometry": {"type": "Polygon", "coordinates": [[[49.9168492729547, 26.52725867354686], [49.9168492729547, 26.52950445148434], [49.91467455003667, 26.530627340453076], [49.912499827118644, 26.52950445148434], [49.912499827118644, 26.52725867354686], [49.91467455003667, 26.526135784578123], [49.9168492729547, 26.52725867354686]]]}, "properties": {"congestion_score": 1.0, "congestion_level": "free_flow", "color": "rgb(43,200,43)", "road_pixel_count": 1731}}, {"type": "Feature", "geometry": {"type": "Polygon", "coordinates": [[[49.92119871879075, 26.52725867354686], [49.92119871879075, 26.52950445148434], [49.91902399587272, 26.530627340453076], [49.9168492729547, 26.52950445148434], [49.9168492729547, 26.52725867354686], [49.91902399587272, 26.526135784578123], [49.92119871879075, 26.52725867354686]]]}, "properties": {"congestion_score": 1.0, "congestion_level": "free_flow", "color": "rgb(43,200,43)", "road_pixel_count": 990}}, {"type": "Feature", "geometry": {"type": "Polygon", "coordinates": [[[49.929897610462845, 26.52725867354686], [49.929897610462845, 26.52950445148434], [49.927722887544824, 26.530627340453076], [49.9255481646268, 26.52950445148434], [49.9255481646268, 26.52725867354686], [49.927722887544824, 26.526135784578123], [49.929897610462845, 26.52725867354686]]]}, "properties": {"congestion_score": 0.759, "congestion_level": "light_congestion", "color": "rgb(255,255,55)", "road_pixel_count": 1187}}, {"type": "Feature", "geometry": {"type": "Polygon", "coordinates": [[[49.934247056298894, 26.52725867354686], [49.934247056298894, 26.52950445148434], [49.93207233338087, 26.530627340453076], [49.929897610462845, 26.52950445148434], [49.929897610462845, 26.52725867354686], [49.93207233338087, 26.526135784578123], [49.934247056298894, 26.52725867354686]]]}, "properties": {"congestion_score": 0.749, "congestion_level": "light_congestion", "color": "rgb(255,255,55)", "road_pixel_count": 688}}, {"type": "Feature", "geometry": {"type": "Polygon", "coordinates": [[[49.947295393807046, 26.52725867354686], [49.947295393807046, 26.52950445148434], [49.94512067088902, 26.530627340453076], [49.942945947971, 26.52950445148434], [49.942945947971, 26.52725867354686], [49.94512067088902, 26.526135784578123], [49.947295393807046, 26.52725867354686]]]}, "properties": {"congestion_score": 1.0, "congestion_level": "free_flow", "color": "rgb(43,200,43)", "road_pixel_count": 104}}, {"type": "Feature", "geometry": {"type": "Polygon", "coordinates": [[[49.96034373131519, 26.52725867354686], [49.96034373131519, 26.52950445148434], [49.95816900839717, 26.530627340453076], [49.95599428547914, 26.52950445148434], [49.95599428547914, 26.52725867354686], [49.95816900839717, 26.526135784578123], [49.96034373131519, 26.52725867354686]]]}, "properties": {"congestion_score": 1.0, "congestion_level": "free_flow", "color": "rgb(43,200,43)", "road_pixel_count": 2271}}, {"type": "Feature", "geometry": {"type": "Polygon", "coordinates": [[[49.96469317715125, 26.52725867354686], [49.96469317715125, 26.52950445148434], [49.96251845423322, 26.530627340453076], [49.96034373131519, 26.52950445148434], [49.96034373131519, 26.52725867354686], [49.96251845423322, 26.526135784578123], [49.96469317715125, 26.52725867354686]]]}, "properties": {"congestion_score": 1.0, "congestion_level": "free_flow", "color": "rgb(43,200,43)", "road_pixel_count": 1402}}, {"type": "Feature", "geometry": {"type": "Polygon", "coordinates": [[[49.969042622987295, 26.52725867354686], [49.969042622987295, 26.52950445148434], [49.96686790006927, 26.530627340453076], [49.96469317715125, 26.52950445148434], [49.96469317715125, 26.52725867354686], [49.96686790006927, 26.526135784578123], [49.969042622987295, 26.52725867354686]]]}, "properties": {"congestion_score": 1.0, "congestion_level": "free_flow", "color": "rgb(43,200,43)", "road_pixel_count": 969}}, {"type": "Feature", "geometry": {"type": "Polygon", "coordinates": [[[49.973392068823344, 26.52725867354686], [49.973392068823344, 26.52950445148434], [49.971217345905316, 26.530627340453076], [49.969042622987295, 26.52950445148434], [49.969042622987295, 26.52725867354686], [49.971217345905316, 26.526135784578123], [49.973392068823344, 26.52725867354686]]]}, "properties": {"congestion_score": 1.0, "congestion_level": "free_flow", "color": "rgb(43,200,43)", "road_pixel_count": 988}}, {"type": "Feature", "geometry": {"type": "Polygon", "coordinates": [[[49.97774151465939, 26.52725867354686], [49.97774151465939, 26.52950445148434], [49.97556679174137, 26.530627340453076], [49.973392068823344, 26.52950445148434], [49.973392068823344, 26.52725867354686], [49.97556679174137, 26.526135784578123], [49.97774151465939, 26.52725867354686]]]}, "properties": {"congestion_score": 1.0, "congestion_level": "free_flow", "color": "rgb(43,200,43)", "road_pixel_count": 135}}, {"type": "Feature", "geometry": {"type": "Polygon", "coordinates": [[[49.98209096049544, 26.52725867354686], [49.98209096049544, 26.52950445148434], [49.97991623757742, 26.530627340453076], [49.97774151465939, 26.52950445148434], [49.97774151465939, 26.52725867354686], [49.97991623757742, 26.526135784578123], [49.98209096049544, 26.52725867354686]]]}, "properties": {"congestion_score": 1.0, "congestion_level": "free_flow", "color": "rgb(43,200,43)", "road_pixel_count": 1014}}, {"type": "Feature", "geometry": {"type": "Polygon", "coordinates": [[[49.99513929800359, 26.52725867354686], [49.99513929800359, 26.52950445148434], [49.992964575085566, 26.530627340453076], [49.990789852167545, 26.52950445148434], [49.990789852167545, 26.52725867354686], [49.992964575085566, 26.526135784578123], [49.99513929800359, 26.52725867354686]]]}, "properties": {"congestion_score": 0.998, "congestion_level": "free_flow", "color": "rgb(43,200,43)", "road_pixel_count": 1624}}, {"type": "Feature", "geometry": {"type": "Polygon", "coordinates": [[[49.99948874383964, 26.52725867354686], [49.99948874383964, 26.52950445148434], [49.99731402092162, 26.530627340453076], [49.99513929800359, 26.52950445148434], [49.99513929800359, 26.52725867354686], [49.99731402092162, 26.526135784578123], [49.99948874383964, 26.52725867354686]]]}, "properties": {"congestion_score": 1.0, "congestion_level": "free_flow", "color": "rgb(43,200,43)", "road_pixel_count": 1361}}, {"type": "Feature", "geometry": {"type": "Polygon", "coordinates": [[[50.00383818967569, 26.52725867354686], [50.00383818967569, 26.52950445148434], [50.00166346675767, 26.530627340453076], [49.99948874383964, 26.52950445148434], [49.99948874383964, 26.52725867354686], [50.00166346675767, 26.526135784578123], [50.00383818967569, 26.52725867354686]]]}, "properties": {"congestion_score": 1.0, "congestion_level": "free_flow", "color": "rgb(43,200,43)", "road_pixel_count": 867}}, {"type": "Feature", "geometry": {"type": "Polygon", "coordinates": [[[50.01688652718384, 26.52725867354686], [50.01688652718384, 26.52950445148434], [50.014711804265815, 26.530627340453076], [50.012537081347794, 26.52950445148434], [50.012537081347794, 26.52725867354686], [50.014711804265815, 26.526135784578123], [50.01688652718384, 26.52725867354686]]]}, "properties": {"congestion_score": 0.988, "congestion_level": "free_flow", "color": "rgb(43,200,43)", "road_pixel_count": 1297}}, {"type": "Feature", "geometry": {"type": "Polygon", "coordinates": [[[50.02123597301989, 26.52725867354686], [50.02123597301989, 26.52950445148434], [50.01906125010187, 26.530627340453076], [50.01688652718384, 26.52950445148434], [50.01688652718384, 26.52725867354686], [50.01906125010187, 26.526135784578123], [50.02123597301989, 26.52725867354686]]]}, "properties": {"congestion_score": 1.0, "congestion_level": "free_flow", "color": "rgb(43,200,43)", "road_pixel_count": 591}}, {"type": "Feature", "geometry": {"type": "Polygon", "coordinates": [[[50.02558541885594, 26.52725867354686], [50.02558541885594, 26.52950445148434], [50.02341069593792, 26.530627340453076], [50.02123597301989, 26.52950445148434], [50.02123597301989, 26.52725867354686], [50.02341069593792, 26.526135784578123], [50.02558541885594, 26.52725867354686]]]}, "properties": {"congestion_score": 0.981, "congestion_level": "free_flow", "color": "rgb(43,200,43)", "road_pixel_count": 769}}, {"type": "Feature", "geometry": {"type": "Polygon", "coordinates": [[[50.02993486469199, 26.52725867354686], [50.02993486469199, 26.52950445148434], [50.02776014177397, 26.530627340453076], [50.02558541885594, 26.52950445148434], [50.02558541885594, 26.52725867354686], [50.02776014177397, 26.526135784578123], [50.02993486469199, 26.52725867354686]]]}, "properties": {"congestion_score": 1.0, "congestion_level": "free_flow", "color": "rgb(43,200,43)", "road_pixel_count": 517}}, {"type": "Feature", "geometry": {"type": "Polygon", "coordinates": [[[50.034284310528044, 26.52725867354686], [50.034284310528044, 26.52950445148434], [50.032109587610016, 26.530627340453076], [50.02993486469199, 26.52950445148434], [50.02993486469199, 26.52725867354686], [50.032109587610016, 26.526135784578123], [50.034284310528044, 26.52725867354686]]]}, "properties": {"congestion_score": 0.916, "congestion_level": "light_congestion", "color": "rgb(255,255,55)", "road_pixel_count": 1464}}, {"type": "Feature", "geometry": {"type": "Polygon", "coordinates": [[[49.85813175416803, 26.530627340453076], [49.85813175416803, 26.532873118390555], [49.85595703125, 26.533996007359292], [49.85378230833197, 26.532873118390555], [49.85378230833197, 26.530627340453076], [49.85595703125, 26.52950445148434], [49.85813175416803, 26.530627340453076]]]}, "properties": {"congestion_score": 1.0, "congestion_level": "free_flow", "color": "rgb(43,200,43)", "road_pixel_count": 20}}, {"type": "Feature", "geometry": {"type": "Polygon", "coordinates": [[[49.862481200004076, 26.530627340453076], [49.862481200004076, 26.532873118390555], [49.86030647708605, 26.533996007359292], [49.85813175416803, 26.532873118390555], [49.85813175416803, 26.530627340453076], [49.86030647708605, 26.52950445148434], [49.862481200004076, 26.530627340453076]]]}, "properties": {"congestion_score": 1.0, "congestion_level": "free_flow", "color": "rgb(43,200,43)", "road_pixel_count": 662}}, {"type": "Feature", "geometry": {"type": "Polygon", "coordinates": [[[49.866830645840125, 26.530627340453076], [49.866830645840125, 26.532873118390555], [49.8646559229221, 26.533996007359292], [49.862481200004076, 26.532873118390555], [49.862481200004076, 26.530627340453076], [49.8646559229221, 26.52950445148434], [49.866830645840125, 26.530627340453076]]]}, "properties": {"congestion_score": 1.0, "congestion_level": "free_flow", "color": "rgb(43,200,43)", "road_pixel_count": 1569}}, {"type": "Feature", "geometry": {"type": "Polygon", "coordinates": [[[49.87118009167617, 26.530627340453076], [49.87118009167617, 26.532873118390555], [49.86900536875815, 26.533996007359292], [49.866830645840125, 26.532873118390555], [49.866830645840125, 26.530627340453076], [49.86900536875815, 26.52950445148434], [49.87118009167617, 26.530627340453076]]]}, "properties": {"congestion_score": 1.0, "congestion_level": "free_flow", "color": "rgb(43,200,43)", "road_pixel_count": 11}}, {"type": "Feature", "geometry": {"type": "Polygon", "coordinates": [[[49.91032510420062, 26.530627340453076], [49.91032510420062, 26.532873118390555], [49.908150381282596, 26.533996007359292], [49.905975658364575, 26.532873118390555], [49.905975658364575, 26.530627340453076], [49.908150381282596, 26.52950445148434], [49.91032510420062, 26.530627340453076]]]}, "properties": {"congestion_score": 1.0, "congestion_level": "free_flow", "color": "rgb(43,200,43)", "road_pixel_count": 1582}}, {"type": "Feature", "geometry": {"type": "Polygon", "coordinates": [[[49.91467455003667, 26.530627340453076], [49.91467455003667, 26.532873118390555], [49.912499827118644, 26.533996007359292], [49.91032510420062, 26.532873118390555], [49.91032510420062, 26.530627340453076], [49.912499827118644, 26.52950445148434], [49.91467455003667, 26.530627340453076]]]}, "properties": {"congestion_score": 1.0, "congestion_level": "free_flow", "color": "rgb(43,200,43)", "road_pixel_count": 1597}}, {"type": "Feature", "geometry": {"type": "Polygon", "coordinates": [[[49.92337344170877, 26.530627340453076], [49.92337344170877, 26.532873118390555], [49.92119871879075, 26.533996007359292], [49.91902399587272, 26.532873118390555], [49.91902399587272, 26.530627340453076], [49.92119871879075, 26.52950445148434], [49.92337344170877, 26.530627340453076]]]}, "properties": {"congestion_score": 0.681, "congestion_level": "light_congestion", "color": "rgb(255,255,55)", "road_pixel_count": 88}}, {"type": "Feature", "geometry": {"type": "Polygon", "coordinates": [[[49.927722887544824, 26.530627340453076], [49.927722887544824, 26.532873118390555], [49.9255481646268, 26.533996007359292], [49.92337344170877, 26.532873118390555], [49.92337344170877, 26.530627340453076], [49.9255481646268, 26.52950445148434], [49.927722887544824, 26.530627340453076]]]}, "properties": {"congestion_score": 0.753, "congestion_level": "light_congestion", "color": "rgb(255,255,55)", "road_pixel_count": 1367}}, {"type": "Feature", "geometry": {"type": "Polygon", "coordinates": [[[49.949470116725074, 26.530627340453076], [49.949470116725074, 26.532873118390555], [49.947295393807046, 26.533996007359292], [49.94512067088902, 26.532873118390555], [49.94512067088902, 26.530627340453076], [49.947295393807046, 26.52950445148434], [49.949470116725074, 26.530627340453076]]]}, "properties": {"congestion_score": 1.0, "congestion_level": "free_flow", "color": "rgb(43,200,43)", "road_pixel_count": 493}}, {"type": "Feature", "geometry": {"type": "Polygon", "coordinates": [[[49.95381956256112, 26.530627340453076], [49.95381956256112, 26.532873118390555], [49.951644839643095, 26.533996007359292], [49.949470116725074, 26.532873118390555], [49.949470116725074, 26.530627340453076], [49.951644839643095, 26.52950445148434], [49.95381956256112, 26.530627340453076]]]}, "properties": {"congestion_score": 1.0, "congestion_level": "free_flow", "color": "rgb(43,200,43)", "road_pixel_count": 552}}, {"type": "Feature", "geometry": {"type": "Polygon", "coordinates": [[[49.95816900839717, 26.530627340453076], [49.95816900839717, 26.532873118390555], [49.95599428547914, 26.533996007359292], [49.95381956256112, 26.532873118390555], [49.95381956256112, 26.530627340453076], [49.95599428547914, 26.52950445148434], [49.95816900839717, 26.530627340453076]]]}, "properties": {"congestion_score": 1.0, "congestion_level": "free_flow", "color": "rgb(43,200,43)", "road_pixel_count": 2341}}, {"type": "Feature", "geometry": {"type": "Polygon", "coordinates": [[[49.96251845423322, 26.530627340453076], [49.96251845423322, 26.532873118390555], [49.96034373131519, 26.533996007359292], [49.95816900839717, 26.532873118390555], [49.95816900839717, 26.530627340453076], [49.96034373131519, 26.52950445148434], [49.96251845423322, 26.530627340453076]]]}, "properties": {"congestion_score": 1.0, "congestion_level": "free_flow", "color": "rgb(43,200,43)", "road_pixel_count": 1317}}, {"type": "Feature", "geometry": {"type": "Polygon", "coordinates": [[[49.96686790006927, 26.530627340453076], [49.96686790006927, 26.532873118390555], [49.96469317715125, 26.533996007359292], [49.96251845423322, 26.532873118390555], [49.96251845423322, 26.530627340453076], [49.96469317715125, 26.52950445148434], [49.96686790006927, 26.530627340453076]]]}, "properties": {"congestion_score": 1.0, "congestion_level": "free_flow", "color": "rgb(43,200,43)", "road_pixel_count": 726}}, {"type": "Feature", "geometry": {"type": "Polygon", "coordinates": [[[49.971217345905316, 26.530627340453076], [49.971217345905316, 26.532873118390555], [49.969042622987295, 26.533996007359292], [49.96686790006927, 26.532873118390555], [49.96686790006927, 26.530627340453076], [49.969042622987295, 26.52950445148434], [49.971217345905316, 26.530627340453076]]]}, "properties": {"congestion_score": 1.0, "congestion_level": "free_flow", "color": "rgb(43,200,43)", "road_pixel_count": 935}}, {"type": "Feature", "geometry": {"type": "Polygon", "coordinates": [[[49.97556679174137, 26.530627340453076], [49.97556679174137, 26.532873118390555], [49.973392068823344, 26.533996007359292], [49.971217345905316, 26.532873118390555], [49.971217345905316, 26.530627340453076], [49.973392068823344, 26.52950445148434], [49.97556679174137, 26.530627340453076]]]}, "properties": {"congestion_score": 1.0, "congestion_level": "free_flow", "color": "rgb(43,200,43)", "road_pixel_count": 554}}, {"type": "Feature", "geometry": {"type": "Polygon", "coordinates": [[[49.97991623757742, 26.530627340453076], [49.97991623757742, 26.532873118390555], [49.97774151465939, 26.533996007359292], [49.97556679174137, 26.532873118390555], [49.97556679174137, 26.530627340453076], [49.97774151465939, 26.52950445148434], [49.97991623757742, 26.530627340453076]]]}, "properties": {"congestion_score": 1.0, "congestion_level": "free_flow", "color": "rgb(43,200,43)", "road_pixel_count": 1088}}, {"type": "Feature", "geometry": {"type": "Polygon", "coordinates": [[[49.992964575085566, 26.530627340453076], [49.992964575085566, 26.532873118390555], [49.990789852167545, 26.533996007359292], [49.98861512924952, 26.532873118390555], [49.98861512924952, 26.530627340453076], [49.990789852167545, 26.52950445148434], [49.992964575085566, 26.530627340453076]]]}, "properties": {"congestion_score": 1.0, "congestion_level": "free_flow", "color": "rgb(43,200,43)", "road_pixel_count": 12}}, {"type": "Feature", "geometry": {"type": "Polygon", "coordinates": [[[49.99731402092162, 26.530627340453076], [49.99731402092162, 26.532873118390555], [49.99513929800359, 26.533996007359292], [49.992964575085566, 26.532873118390555], [49.992964575085566, 26.530627340453076], [49.99513929800359, 26.52950445148434], [49.99731402092162, 26.530627340453076]]]}, "properties": {"congestion_score": 1.0, "congestion_level": "free_flow", "color": "rgb(43,200,43)", "road_pixel_count": 977}}, {"type": "Feature", "geometry": {"type": "Polygon", "coordinates": [[[50.00166346675767, 26.530627340453076], [50.00166346675767, 26.532873118390555], [49.99948874383964, 26.533996007359292], [49.99731402092162, 26.532873118390555], [49.99731402092162, 26.530627340453076], [49.99948874383964, 26.52950445148434], [50.00166346675767, 26.530627340453076]]]}, "properties": {"congestion_score": 1.0, "congestion_level": "free_flow", "color": "rgb(43,200,43)", "road_pixel_count": 236}}, {"type": "Feature", "geometry": {"type": "Polygon", "coordinates": [[[50.00601291259372, 26.530627340453076], [50.00601291259372, 26.532873118390555], [50.00383818967569, 26.533996007359292], [50.00166346675767, 26.532873118390555], [50.00166346675767, 26.530627340453076], [50.00383818967569, 26.52950445148434], [50.00601291259372, 26.530627340453076]]]}, "properties": {"congestion_score": 0.999, "congestion_level": "free_flow", "color": "rgb(43,200,43)", "road_pixel_count": 1607}}, {"type": "Feature", "geometry": {"type": "Polygon", "coordinates": [[[50.01036235842977, 26.530627340453076], [50.01036235842977, 26.532873118390555], [50.008187635511746, 26.533996007359292], [50.00601291259372, 26.532873118390555], [50.00601291259372, 26.530627340453076], [50.008187635511746, 26.52950445148434], [50.01036235842977, 26.530627340453076]]]}, "properties": {"congestion_score": 1.0, "congestion_level": "free_flow", "color": "rgb(43,200,43)", "road_pixel_count": 1196}}, {"type": "Feature", "geometry": {"type": "Polygon", "coordinates": [[[50.014711804265815, 26.530627340453076], [50.014711804265815, 26.532873118390555], [50.012537081347794, 26.533996007359292], [50.01036235842977, 26.532873118390555], [50.01036235842977, 26.530627340453076], [50.012537081347794, 26.52950445148434], [50.014711804265815, 26.530627340453076]]]}, "properties": {"congestion_score": 0.969, "congestion_level": "free_flow", "color": "rgb(43,200,43)", "road_pixel_count": 2076}}, {"type": "Feature", "geometry": {"type": "Polygon", "coordinates": [[[50.01906125010187, 26.530627340453076], [50.01906125010187, 26.532873118390555], [50.01688652718384, 26.533996007359292], [50.014711804265815, 26.532873118390555], [50.014711804265815, 26.530627340453076], [50.01688652718384, 26.52950445148434], [50.01906125010187, 26.530627340453076]]]}, "properties": {"congestion_score": 0.995, "congestion_level": "free_flow", "color": "rgb(43,200,43)", "road_pixel_count": 1139}}, {"type": "Feature", "geometry": {"type": "Polygon", "coordinates": [[[50.02341069593792, 26.530627340453076], [50.02341069593792, 26.532873118390555], [50.02123597301989, 26.533996007359292], [50.01906125010187, 26.532873118390555], [50.01906125010187, 26.530627340453076], [50.02123597301989, 26.52950445148434], [50.02341069593792, 26.530627340453076]]]}, "properties": {"congestion_score": 1.0, "congestion_level": "free_flow", "color": "rgb(43,200,43)", "road_pixel_count": 933}}, {"type": "Feature", "geometry": {"type": "Polygon", "coordinates": [[[50.02776014177397, 26.530627340453076], [50.02776014177397, 26.532873118390555], [50.02558541885594, 26.533996007359292], [50.02341069593792, 26.532873118390555], [50.02341069593792, 26.530627340453076], [50.02558541885594, 26.52950445148434], [50.02776014177397, 26.530627340453076]]]}, "properties": {"congestion_score": 0.977, "congestion_level": "free_flow", "color": "rgb(43,200,43)", "road_pixel_count": 1259}}, {"type": "Feature", "geometry": {"type": "Polygon", "coordinates": [[[50.032109587610016, 26.530627340453076], [50.032109587610016, 26.532873118390555], [50.02993486469199, 26.533996007359292], [50.02776014177397, 26.532873118390555], [50.02776014177397, 26.530627340453076], [50.02993486469199, 26.52950445148434], [50.032109587610016, 26.530627340453076]]]}, "properties": {"congestion_score": 0.973, "congestion_level": "free_flow", "color": "rgb(43,200,43)", "road_pixel_count": 2310}}, {"type": "Feature", "geometry": {"type": "Polygon", "coordinates": [[[50.036459033446064, 26.530627340453076], [50.036459033446064, 26.532873118390555], [50.034284310528044, 26.533996007359292], [50.032109587610016, 26.532873118390555], [50.032109587610016, 26.530627340453076], [50.034284310528044, 26.52950445148434], [50.036459033446064, 26.530627340453076]]]}, "properties": {"congestion_score": 1.0, "congestion_level": "free_flow", "color": "rgb(43,200,43)", "road_pixel_count": 107}}, {"type": "Feature", "geometry": {"type": "Polygon", "coordinates": [[[49.86900536875815, 26.533996007359292], [49.86900536875815, 26.53624178529677], [49.866830645840125, 26.53736467426551], [49.8646559229221, 26.53624178529677], [49.8646559229221, 26.533996007359292], [49.866830645840125, 26.532873118390555], [49.86900536875815, 26.533996007359292]]]}, "properties": {"congestion_score": 1.0, "congestion_level": "free_flow", "color": "rgb(43,200,43)", "road_pixel_count": 1431}}, {"type": "Feature", "geometry": {"type": "Polygon", "coordinates": [[[49.8733548145942, 26.533996007359292], [49.8733548145942, 26.53624178529677], [49.87118009167617, 26.53736467426551], [49.86900536875815, 26.53624178529677], [49.86900536875815, 26.533996007359292], [49.87118009167617, 26.532873118390555], [49.8733548145942, 26.533996007359292]]]}, "properties": {"congestion_score": 1.0, "congestion_level": "free_flow", "color": "rgb(43,200,43)", "road_pixel_count": 966}}, {"type": "Feature", "geometry": {"type": "Polygon", "coordinates": [[[49.90380093544655, 26.533996007359292], [49.90380093544655, 26.53624178529677], [49.90162621252852, 26.53736467426551], [49.8994514896105, 26.53624178529677], [49.8994514896105, 26.533996007359292], [49.90162621252852, 26.532873118390555], [49.90380093544655, 26.533996007359292]]]}, "properties": {"congestion_score": 1.0, "congestion_level": "free_flow", "color": "rgb(43,200,43)", "road_pixel_count": 1547}}, {"type": "Feature", "geometry": {"type": "Polygon", "coordinates": [[[49.908150381282596, 26.533996007359292], [49.908150381282596, 26.53624178529677], [49.905975658364575, 26.53736467426551], [49.90380093544655, 26.53624178529677], [49.90380093544655, 26.533996007359292], [49.905975658364575, 26.532873118390555], [49.908150381282596, 26.533996007359292]]]}, "properties": {"congestion_score": 1.0, "congestion_level": "free_flow", "color": "rgb(43,200,43)", "road_pixel_count": 1659}}, {"type": "Feature", "geometry": {"type": "Polygon", "coordinates": [[[49.92119871879075, 26.533996007359292], [49.92119871879075, 26.53624178529677], [49.91902399587272, 26.53736467426551], [49.9168492729547, 26.53624178529677], [49.9168492729547, 26.533996007359292], [49.91902399587272, 26.532873118390555], [49.92119871879075, 26.533996007359292]]]}, "properties": {"congestion_score": 0.858, "congestion_level": "light_congestion", "color": "rgb(255,255,55)", "road_pixel_count": 1055}}, {"type": "Feature", "geometry": {"type": "Polygon", "coordinates": [[[49.9255481646268, 26.533996007359292], [49.9255481646268, 26.53624178529677], [49.92337344170877, 26.53736467426551], [49.92119871879075, 26.53624178529677], [49.92119871879075, 26.533996007359292], [49.92337344170877, 26.532873118390555], [49.9255481646268, 26.533996007359292]]]}, "properties": {"congestion_score": 0.806, "congestion_level": "light_congestion", "color": "rgb(255,255,55)", "road_pixel_count": 951}}, {"type": "Feature", "geometry": {"type": "Polygon", "coordinates": [[[49.95599428547914, 26.533996007359292], [49.95599428547914, 26.53624178529677], [49.95381956256112, 26.53736467426551], [49.951644839643095, 26.53624178529677], [49.951644839643095, 26.533996007359292], [49.95381956256112, 26.532873118390555], [49.95599428547914, 26.533996007359292]]]}, "properties": {"congestion_score": 1.0, "congestion_level": "free_flow", "color": "rgb(43,200,43)", "road_pixel_count": 818}}, {"type": "Feature", "geometry": {"type": "Polygon", "coordinates": [[[49.96034373131519, 26.533996007359292], [49.96034373131519, 26.53624178529677], [49.95816900839717, 26.53736467426551], [49.95599428547914, 26.53624178529677], [49.95599428547914, 26.533996007359292], [49.95816900839717, 26.532873118390555], [49.96034373131519, 26.533996007359292]]]}, "properties": {"congestion_score": 1.0, "congestion_level": "free_flow", "color": "rgb(43,200,43)", "road_pixel_count": 1152}}, {"type": "Feature", "geometry": {"type": "Polygon", "coordinates": [[[49.96469317715125, 26.533996007359292], [49.96469317715125, 26.53624178529677], [49.96251845423322, 26.53736467426551], [49.96034373131519, 26.53624178529677], [49.96034373131519, 26.533996007359292], [49.96251845423322, 26.532873118390555], [49.96469317715125, 26.533996007359292]]]}, "properties": {"congestion_score": 1.0, "congestion_level": "free_flow", "color": "rgb(43,200,43)", "road_pixel_count": 110}}, {"type": "Feature", "geometry": {"type": "Polygon", "coordinates": [[[49.973392068823344, 26.533996007359292], [49.973392068823344, 26.53624178529677], [49.971217345905316, 26.53736467426551], [49.969042622987295, 26.53624178529677], [49.969042622987295, 26.533996007359292], [49.971217345905316, 26.532873118390555], [49.973392068823344, 26.533996007359292]]]}, "properties": {"congestion_score": 1.0, "congestion_level": "free_flow", "color": "rgb(43,200,43)", "road_pixel_count": 857}}, {"type": "Feature", "geometry": {"type": "Polygon", "coordinates": [[[49.97774151465939, 26.533996007359292], [49.97774151465939, 26.53624178529677], [49.97556679174137, 26.53736467426551], [49.973392068823344, 26.53624178529677], [49.973392068823344, 26.533996007359292], [49.97556679174137, 26.532873118390555], [49.97774151465939, 26.533996007359292]]]}, "properties": {"congestion_score": 1.0, "congestion_level": "free_flow", "color": "rgb(43,200,43)", "road_pixel_count": 1610}}, {"type": "Feature", "geometry": {"type": "Polygon", "coordinates": [[[49.98209096049544, 26.533996007359292], [49.98209096049544, 26.53624178529677], [49.97991623757742, 26.53736467426551], [49.97774151465939, 26.53624178529677], [49.97774151465939, 26.533996007359292], [49.97991623757742, 26.532873118390555], [49.98209096049544, 26.533996007359292]]]}, "properties": {"congestion_score": 1.0, "congestion_level": "free_flow", "color": "rgb(43,200,43)", "road_pixel_count": 1369}}, {"type": "Feature", "geometry": {"type": "Polygon", "coordinates": [[[49.986440406331496, 26.533996007359292], [49.986440406331496, 26.53624178529677], [49.98426568341347, 26.53736467426551], [49.98209096049544, 26.53624178529677], [49.98209096049544, 26.533996007359292], [49.98426568341347, 26.532873118390555], [49.986440406331496, 26.533996007359292]]]}, "properties": {"congestion_score": 1.0, "congestion_level": "free_flow", "color": "rgb(43,200,43)", "road_pixel_count": 108}}, {"type": "Feature", "geometry": {"type": "Polygon", "coordinates": [[[49.99513929800359, 26.533996007359292], [49.99513929800359, 26.53624178529677], [49.992964575085566, 26.53736467426551], [49.990789852167545, 26.53624178529677], [49.990789852167545, 26.533996007359292], [49.992964575085566, 26.532873118390555], [49.99513929800359, 26.533996007359292]]]}, "properties": {"congestion_score": 1.0, "congestion_level": "free_flow", "color": "rgb(43,200,43)", "road_pixel_count": 1205}}, {"type": "Feature", "geometry": {"type": "Polygon", "coordinates": [[[50.00383818967569, 26.533996007359292], [50.00383818967569, 26.53624178529677], [50.00166346675767, 26.53736467426551], [49.99948874383964, 26.53624178529677], [49.99948874383964, 26.533996007359292], [50.00166346675767, 26.532873118390555], [50.00383818967569, 26.533996007359292]]]}, "properties": {"congestion_score": 1.0, "congestion_level": "free_flow", "color": "rgb(43,200,43)", "road_pixel_count": 712}}, {"type": "Feature", "geometry": {"type": "Polygon", "coordinates": [[[50.008187635511746, 26.533996007359292], [50.008187635511746, 26.53624178529677], [50.00601291259372, 26.53736467426551], [50.00383818967569, 26.53624178529677], [50.00383818967569, 26.533996007359292], [50.00601291259372, 26.532873118390555], [50.008187635511746, 26.533996007359292]]]}, "properties": {"congestion_score": 1.0, "congestion_level": "free_flow", "color": "rgb(43,200,43)", "road_pixel_count": 273}}, {"type": "Feature", "geometry": {"type": "Polygon", "coordinates": [[[50.012537081347794, 26.533996007359292], [50.012537081347794, 26.53624178529677], [50.01036235842977, 26.53736467426551], [50.008187635511746, 26.53624178529677], [50.008187635511746, 26.533996007359292], [50.01036235842977, 26.532873118390555], [50.012537081347794, 26.533996007359292]]]}, "properties": {"congestion_score": 0.968, "congestion_level": "free_flow", "color": "rgb(43,200,43)", "road_pixel_count": 1286}}, {"type": "Feature", "geometry": {"type": "Polygon", "coordinates": [[[50.01688652718384, 26.533996007359292], [50.01688652718384, 26.53624178529677], [50.014711804265815, 26.53736467426551], [50.012537081347794, 26.53624178529677], [50.012537081347794, 26.533996007359292], [50.014711804265815, 26.532873118390555], [50.01688652718384, 26.533996007359292]]]}, "properties": {"congestion_score": 1.0, "congestion_level": "free_flow", "color": "rgb(43,200,43)", "road_pixel_count": 72}}, {"type": "Feature", "geometry": {"type": "Polygon", "coordinates": [[[50.02123597301989, 26.533996007359292], [50.02123597301989, 26.53624178529677], [50.01906125010187, 26.53736467426551], [50.01688652718384, 26.53624178529677], [50.01688652718384, 26.533996007359292], [50.01906125010187, 26.532873118390555], [50.02123597301989, 26.533996007359292]]]}, "properties": {"congestion_score": 1.0, "congestion_level": "free_flow", "color": "rgb(43,200,43)", "road_pixel_count": 205}}, {"type": "Feature", "geometry": {"type": "Polygon", "coordinates": [[[50.02558541885594, 26.533996007359292], [50.02558541885594, 26.53624178529677], [50.02341069593792, 26.53736467426551], [50.02123597301989, 26.53624178529677], [50.02123597301989, 26.533996007359292], [50.02341069593792, 26.532873118390555], [50.02558541885594, 26.533996007359292]]]}, "properties": {"congestion_score": 1.0, "congestion_level": "free_flow", "color": "rgb(43,200,43)", "road_pixel_count": 802}}, {"type": "Feature", "geometry": {"type": "Polygon", "coordinates": [[[50.02993486469199, 26.533996007359292], [50.02993486469199, 26.53624178529677], [50.02776014177397, 26.53736467426551], [50.02558541885594, 26.53624178529677], [50.02558541885594, 26.533996007359292], [50.02776014177397, 26.532873118390555], [50.02993486469199, 26.533996007359292]]]}, "properties": {"congestion_score": 0.954, "congestion_level": "free_flow", "color": "rgb(43,200,43)", "road_pixel_count": 1889}}, {"type": "Feature", "geometry": {"type": "Polygon", "coordinates": [[[50.034284310528044, 26.533996007359292], [50.034284310528044, 26.53624178529677], [50.032109587610016, 26.53736467426551], [50.02993486469199, 26.53624178529677], [50.02993486469199, 26.533996007359292], [50.032109587610016, 26.532873118390555], [50.034284310528044, 26.533996007359292]]]}, "properties": {"congestion_score": 0.95, "congestion_level": "free_flow", "color": "rgb(43,200,43)", "road_pixel_count": 1578}}, {"type": "Feature", "geometry": {"type": "Polygon", "coordinates": [[[49.87118009167617, 26.53736467426551], [49.87118009167617, 26.539610452202986], [49.86900536875815, 26.540733341171727], [49.866830645840125, 26.539610452202986], [49.866830645840125, 26.53736467426551], [49.86900536875815, 26.53624178529677], [49.87118009167617, 26.53736467426551]]]}, "properties": {"congestion_score": 1.0, "congestion_level": "free_flow", "color": "rgb(43,200,43)", "road_pixel_count": 331}}, {"type": "Feature", "geometry": {"type": "Polygon", "coordinates": [[[49.87552953751222, 26.53736467426551], [49.87552953751222, 26.539610452202986], [49.8733548145942, 26.540733341171727], [49.87118009167617, 26.539610452202986], [49.87118009167617, 26.53736467426551], [49.8733548145942, 26.53624178529677], [49.87552953751222, 26.53736467426551]]]}, "properties": {"congestion_score": 1.0, "congestion_level": "free_flow", "color": "rgb(43,200,43)", "road_pixel_count": 1648}}, {"type": "Feature", "geometry": {"type": "Polygon", "coordinates": [[[49.87987898334828, 26.53736467426551], [49.87987898334828, 26.539610452202986], [49.87770426043025, 26.540733341171727], [49.87552953751222, 26.539610452202986], [49.87552953751222, 26.53736467426551], [49.87770426043025, 26.53624178529677], [49.87987898334828, 26.53736467426551]]]}, "properties": {"congestion_score": 1.0, "congestion_level": "free_flow", "color": "rgb(43,200,43)", "road_pixel_count": 334}}, {"type": "Feature", "geometry": {"type": "Polygon", "coordinates": [[[49.89727676669247, 26.53736467426551], [49.89727676669247, 26.539610452202986], [49.89510204377445, 26.540733341171727], [49.89292732085642, 26.539610452202986], [49.89292732085642, 26.53736467426551], [49.89510204377445, 26.53624178529677], [49.89727676669247, 26.53736467426551]]]}, "properties": {"congestion_score": 1.0, "congestion_level": "free_flow", "color": "rgb(43,200,43)", "road_pixel_count": 1106}}, {"type": "Feature", "geometry": {"type": "Polygon", "coordinates": [[[49.90162621252852, 26.53736467426551], [49.90162621252852, 26.539610452202986], [49.8994514896105, 26.540733341171727], [49.89727676669247, 26.539610452202986], [49.89727676669247, 26.53736467426551], [49.8994514896105, 26.53624178529677], [49.90162621252852, 26.53736467426551]]]}, "properties": {"congestion_score": 1.0, "congestion_level": "free_flow", "color": "rgb(43,200,43)", "road_pixel_count": 1716}}, {"type": "Feature", "geometry": {"type": "Polygon", "coordinates": [[[49.91467455003667, 26.53736467426551], [49.91467455003667, 26.539610452202986], [49.912499827118644, 26.540733341171727], [49.91032510420062, 26.539610452202986], [49.91032510420062, 26.53736467426551], [49.912499827118644, 26.53624178529677], [49.91467455003667, 26.53736467426551]]]}, "properties": {"congestion_score": 0.147, "congestion_level": "complete_congestion", "color": "rgb(119,119,119)", "road_pixel_count": 7}}, {"type": "Feature", "geometry": {"type": "Polygon", "coordinates": [[[49.91902399587272, 26.53736467426551], [49.91902399587272, 26.539610452202986], [49.9168492729547, 26.540733341171727], [49.91467455003667, 26.539610452202986], [49.91467455003667, 26.53736467426551], [49.9168492729547, 26.53624178529677], [49.91902399587272, 26.53736467426551]]]}, "properties": {"congestion_score": 0.861, "congestion_level": "light_congestion", "color": "rgb(255,255,55)", "road_pixel_count": 1360}}, {"type": "Feature", "geometry": {"type": "Polygon", "coordinates": [[[49.92337344170877, 26.53736467426551], [49.92337344170877, 26.539610452202986], [49.92119871879075, 26.540733341171727], [49.91902399587272, 26.539610452202986], [49.91902399587272, 26.53736467426551], [49.92119871879075, 26.53624178529677], [49.92337344170877, 26.53736467426551]]]}, "properties": {"congestion_score": 0.459, "congestion_level": "heavy_traffic", "color": "rgb(255,35,35)", "road_pixel_count": 18}}, {"type": "Feature", "geometry": {"type": "Polygon", "coordinates": [[[49.95816900839717, 26.53736467426551], [49.95816900839717, 26.539610452202986], [49.95599428547914, 26.540733341171727], [49.95381956256112, 26.539610452202986], [49.95381956256112, 26.53736467426551], [49.95599428547914, 26.53624178529677], [49.95816900839717, 26.53736467426551]]]}, "properties": {"congestion_score": 1.0, "congestion_level": "free_flow", "color": "rgb(43,200,43)", "road_pixel_count": 2323}}, {"type": "Feature", "geometry": {"type": "Polygon", "coordinates": [[[49.971217345905316, 26.53736467426551], [49.971217345905316, 26.539610452202986], [49.969042622987295, 26.540733341171727], [49.96686790006927, 26.539610452202986], [49.96686790006927, 26.53736467426551], [49.969042622987295, 26.53624178529677], [49.971217345905316, 26.53736467426551]]]}, "properties": {"congestion_score": 1.0, "congestion_level": "free_flow", "color": "rgb(43,200,43)", "road_pixel_count": 515}}, {"type": "Feature", "geometry": {"type": "Polygon", "coordinates": [[[49.97556679174137, 26.53736467426551], [49.97556679174137, 26.539610452202986], [49.973392068823344, 26.540733341171727], [49.971217345905316, 26.539610452202986], [49.971217345905316, 26.53736467426551], [49.973392068823344, 26.53624178529677], [49.97556679174137, 26.53736467426551]]]}, "properties": {"congestion_score": 1.0, "congestion_level": "free_flow", "color": "rgb(43,200,43)", "road_pixel_count": 37}}, {"type": "Feature", "geometry": {"type": "Polygon", "coordinates": [[[49.97991623757742, 26.53736467426551], [49.97991623757742, 26.539610452202986], [49.97774151465939, 26.540733341171727], [49.97556679174137, 26.539610452202986], [49.97556679174137, 26.53736467426551], [49.97774151465939, 26.53624178529677], [49.97991623757742, 26.53736467426551]]]}, "properties": {"congestion_score": 1.0, "congestion_level": "free_flow", "color": "rgb(43,200,43)", "road_pixel_count": 1174}}, {"type": "Feature", "geometry": {"type": "Polygon", "coordinates": [[[49.98426568341347, 26.53736467426551], [49.98426568341347, 26.539610452202986], [49.98209096049544, 26.540733341171727], [49.97991623757742, 26.539610452202986], [49.97991623757742, 26.53736467426551], [49.98209096049544, 26.53624178529677], [49.98426568341347, 26.53736467426551]]]}, "properties": {"congestion_score": 1.0, "congestion_level": "free_flow", "color": "rgb(43,200,43)", "road_pixel_count": 773}}, {"type": "Feature", "geometry": {"type": "Polygon", "coordinates": [[[49.98861512924952, 26.53736467426551], [49.98861512924952, 26.539610452202986], [49.986440406331496, 26.540733341171727], [49.98426568341347, 26.539610452202986], [49.98426568341347, 26.53736467426551], [49.986440406331496, 26.53624178529677], [49.98861512924952, 26.53736467426551]]]}, "properties": {"congestion_score": 1.0, "congestion_level": "free_flow", "color": "rgb(43,200,43)", "road_pixel_count": 1371}}, {"type": "Feature", "geometry": {"type": "Polygon", "coordinates": [[[49.992964575085566, 26.53736467426551], [49.992964575085566, 26.539610452202986], [49.990789852167545, 26.540733341171727], [49.98861512924952, 26.539610452202986], [49.98861512924952, 26.53736467426551], [49.990789852167545, 26.53624178529677], [49.992964575085566, 26.53736467426551]]]}, "properties": {"congestion_score": 1.0, "congestion_level": "free_flow", "color": "rgb(43,200,43)", "road_pixel_count": 1382}}, {"type": "Feature", "geometry": {"type": "Polygon", "coordinates": [[[49.99731402092162, 26.53736467426551], [49.99731402092162, 26.539610452202986], [49.99513929800359, 26.540733341171727], [49.992964575085566, 26.539610452202986], [49.992964575085566, 26.53736467426551], [49.99513929800359, 26.53624178529677], [49.99731402092162, 26.53736467426551]]]}, "properties": {"congestion_score": 1.0, "congestion_level": "free_flow", "color": "rgb(43,200,43)", "road_pixel_count": 6}}, {"type": "Feature", "geometry": {"type": "Polygon", "coordinates": [[[50.00166346675767, 26.53736467426551], [50.00166346675767, 26.539610452202986], [49.99948874383964, 26.540733341171727], [49.99731402092162, 26.539610452202986], [49.99731402092162, 26.53736467426551], [49.99948874383964, 26.53624178529677], [50.00166346675767, 26.53736467426551]]]}, "properties": {"congestion_score": 0.998, "congestion_level": "free_flow", "color": "rgb(43,200,43)", "road_pixel_count": 578}}, {"type": "Feature", "geometry": {"type": "Polygon", "coordinates": [[[50.00601291259372, 26.53736467426551], [50.00601291259372, 26.539610452202986], [50.00383818967569, 26.540733341171727], [50.00166346675767, 26.539610452202986], [50.00166346675767, 26.53736467426551], [50.00383818967569, 26.53624178529677], [50.00601291259372, 26.53736467426551]]]}, "properties": {"congestion_score": 1.0, "congestion_level": "free_flow", "color": "rgb(43,200,43)", "road_pixel_count": 210}}, {"type": "Feature", "geometry": {"type": "Polygon", "coordinates": [[[50.01036235842977, 26.53736467426551], [50.01036235842977, 26.539610452202986], [50.008187635511746, 26.540733341171727], [50.00601291259372, 26.539610452202986], [50.00601291259372, 26.53736467426551], [50.008187635511746, 26.53624178529677], [50.01036235842977, 26.53736467426551]]]}, "properties": {"congestion_score": 1.0, "congestion_level": "free_flow", "color": "rgb(43,200,43)", "road_pixel_count": 1500}}, {"type": "Feature", "geometry": {"type": "Polygon", "coordinates": [[[50.014711804265815, 26.53736467426551], [50.014711804265815, 26.539610452202986], [50.012537081347794, 26.540733341171727], [50.01036235842977, 26.539610452202986], [50.01036235842977, 26.53736467426551], [50.012537081347794, 26.53624178529677], [50.014711804265815, 26.53736467426551]]]}, "properties": {"congestion_score": 1.0, "congestion_level": "free_flow", "color": "rgb(43,200,43)", "road_pixel_count": 60}}, {"type": "Feature", "geometry": {"type": "Polygon", "coordinates": [[[50.02341069593792, 26.53736467426551], [50.02341069593792, 26.539610452202986], [50.02123597301989, 26.540733341171727], [50.01906125010187, 26.539610452202986], [50.01906125010187, 26.53736467426551], [50.02123597301989, 26.53624178529677], [50.02341069593792, 26.53736467426551]]]}, "properties": {"congestion_score": 1.0, "congestion_level": "free_flow", "color": "rgb(43,200,43)", "road_pixel_count": 373}}, {"type": "Feature", "geometry": {"type": "Polygon", "coordinates": [[[50.02776014177397, 26.53736467426551], [50.02776014177397, 26.539610452202986], [50.02558541885594, 26.540733341171727], [50.02341069593792, 26.539610452202986], [50.02341069593792, 26.53736467426551], [50.02558541885594, 26.53624178529677], [50.02776014177397, 26.53736467426551]]]}, "properties": {"congestion_score": 1.0, "congestion_level": "free_flow", "color": "rgb(43,200,43)", "road_pixel_count": 1595}}, {"type": "Feature", "geometry": {"type": "Polygon", "coordinates": [[[50.032109587610016, 26.53736467426551], [50.032109587610016, 26.539610452202986], [50.02993486469199, 26.540733341171727], [50.02776014177397, 26.539610452202986], [50.02776014177397, 26.53736467426551], [50.02993486469199, 26.53624178529677], [50.032109587610016, 26.53736467426551]]]}, "properties": {"congestion_score": 0.941, "congestion_level": "light_congestion", "color": "rgb(255,255,55)", "road_pixel_count": 1817}}, {"type": "Feature", "geometry": {"type": "Polygon", "coordinates": [[[49.87770426043025, 26.540733341171727], [49.87770426043025, 26.542979119109205], [49.87552953751222, 26.544102008077942], [49.8733548145942, 26.542979119109205], [49.8733548145942, 26.540733341171727], [49.87552953751222, 26.539610452202986], [49.87770426043025, 26.540733341171727]]]}, "properties": {"congestion_score": 1.0, "congestion_level": "free_flow", "color": "rgb(43,200,43)", "road_pixel_count": 929}}, {"type": "Feature", "geometry": {"type": "Polygon", "coordinates": [[[49.8820537062663, 26.540733341171727], [49.8820537062663, 26.542979119109205], [49.87987898334828, 26.544102008077942], [49.87770426043025, 26.542979119109205], [49.87770426043025, 26.540733341171727], [49.87987898334828, 26.539610452202986], [49.8820537062663, 26.540733341171727]]]}, "properties": {"congestion_score": 1.0, "congestion_level": "free_flow", "color": "rgb(43,200,43)", "road_pixel_count": 1477}}, {"type": "Feature", "geometry": {"type": "Polygon", "coordinates": [[[49.89510204377445, 26.540733341171727], [49.89510204377445, 26.542979119109205], [49.89292732085642, 26.544102008077942], [49.890752597938395, 26.542979119109205], [49.890752597938395, 26.540733341171727], [49.89292732085642, 26.539610452202986], [49.89510204377445, 26.540733341171727]]]}, "properties": {"congestion_score": 1.0, "congestion_level": "free_flow", "color": "rgb(43,200,43)", "road_pixel_count": 1858}}, {"type": "Feature", "geometry": {"type": "Polygon", "coordinates": [[[49.8994514896105, 26.540733341171727], [49.8994514896105, 26.542979119109205], [49.89727676669247, 26.544102008077942], [49.89510204377445, 26.542979119109205], [49.89510204377445, 26.540733341171727], [49.89727676669247, 26.539610452202986], [49.8994514896105, 26.540733341171727]]]}, "properties": {"congestion_score": 1.0, "congestion_level": "free_flow", "color": "rgb(43,200,43)", "road_pixel_count": 306}}, {"type": "Feature", "geometry": {"type": "Polygon", "coordinates": [[[49.912499827118644, 26.540733341171727], [49.912499827118644, 26.542979119109205], [49.91032510420062, 26.544102008077942], [49.908150381282596, 26.542979119109205], [49.908150381282596, 26.540733341171727], [49.91032510420062, 26.539610452202986], [49.912499827118644, 26.540733341171727]]]}, "properties": {"congestion_score": 0.811, "congestion_level": "light_congestion", "color": "rgb(255,255,55)", "road_pixel_count": 875}}, {"type": "Feature", "geometry": {"type": "Polygon", "coordinates": [[[49.9168492729547, 26.540733341171727], [49.9168492729547, 26.542979119109205], [49.91467455003667, 26.544102008077942], [49.912499827118644, 26.542979119109205], [49.912499827118644, 26.540733341171727], [49.91467455003667, 26.539610452202986], [49.9168492729547, 26.540733341171727]]]}, "properties": {"congestion_score": 0.683, "congestion_level": "light_congestion", "color": "rgb(255,255,55)", "road_pixel_count": 1103}}, {"type": "Feature", "geometry": {"type": "Polygon", "coordinates": [[[49.95599428547914, 26.540733341171727], [49.95599428547914, 26.542979119109205], [49.95381956256112, 26.544102008077942], [49.951644839643095, 26.542979119109205], [49.951644839643095, 26.540733341171727], [49.95381956256112, 26.539610452202986], [49.95599428547914, 26.540733341171727]]]}, "properties": {"congestion_score": 0.997, "congestion_level": "free_flow", "color": "rgb(43,200,43)", "road_pixel_count": 2348}}, {"type": "Feature", "geometry": {"type": "Polygon", "coordinates": [[[49.96034373131519, 26.540733341171727], [49.96034373131519, 26.542979119109205], [49.95816900839717, 26.544102008077942], [49.95599428547914, 26.542979119109205], [49.95599428547914, 26.540733341171727], [49.95816900839717, 26.539610452202986], [49.96034373131519, 26.540733341171727]]]}, "properties": {"congestion_score": 1.0, "congestion_level": "free_flow", "color": "rgb(43,200,43)", "road_pixel_count": 342}}, {"type": "Feature", "geometry": {"type": "Polygon", "coordinates": [[[49.97774151465939, 26.540733341171727], [49.97774151465939, 26.542979119109205], [49.97556679174137, 26.544102008077942], [49.973392068823344, 26.542979119109205], [49.973392068823344, 26.540733341171727], [49.97556679174137, 26.539610452202986], [49.97774151465939, 26.540733341171727]]]}, "properties": {"congestion_score": 1.0, "congestion_level": "free_flow", "color": "rgb(43,200,43)", "road_pixel_count": 1239}}, {"type": "Feature", "geometry": {"type": "Polygon", "coordinates": [[[49.990789852167545, 26.540733341171727], [49.990789852167545, 26.542979119109205], [49.98861512924952, 26.544102008077942], [49.986440406331496, 26.542979119109205], [49.986440406331496, 26.540733341171727], [49.98861512924952, 26.539610452202986], [49.990789852167545, 26.540733341171727]]]}, "properties": {"congestion_score": 1.0, "congestion_level": "free_flow", "color": "rgb(43,200,43)", "road_pixel_count": 2237}}, {"type": "Feature", "geometry": {"type": "Polygon", "coordinates": [[[49.99513929800359, 26.540733341171727], [49.99513929800359, 26.542979119109205], [49.992964575085566, 26.544102008077942], [49.990789852167545, 26.542979119109205], [49.990789852167545, 26.540733341171727], [49.992964575085566, 26.539610452202986], [49.99513929800359, 26.540733341171727]]]}, "properties": {"congestion_score": 1.0, "congestion_level": "free_flow", "color": "rgb(43,200,43)", "road_pixel_count": 30}}, {"type": "Feature", "geometry": {"type": "Polygon", "coordinates": [[[49.99948874383964, 26.540733341171727], [49.99948874383964, 26.542979119109205], [49.99731402092162, 26.544102008077942], [49.99513929800359, 26.542979119109205], [49.99513929800359, 26.540733341171727], [49.99731402092162, 26.539610452202986], [49.99948874383964, 26.540733341171727]]]}, "properties": {"congestion_score": 0.998, "congestion_level": "free_flow", "color": "rgb(43,200,43)", "road_pixel_count": 904}}, {"type": "Feature", "geometry": {"type": "Polygon", "coordinates": [[[50.008187635511746, 26.540733341171727], [50.008187635511746, 26.542979119109205], [50.00601291259372, 26.544102008077942], [50.00383818967569, 26.542979119109205], [50.00383818967569, 26.540733341171727], [50.00601291259372, 26.539610452202986], [50.008187635511746, 26.540733341171727]]]}, "properties": {"congestion_score": 1.0, "congestion_level": "free_flow", "color": "rgb(43,200,43)", "road_pixel_count": 1449}}, {"type": "Feature", "geometry": {"type": "Polygon", "coordinates": [[[50.012537081347794, 26.540733341171727], [50.012537081347794, 26.542979119109205], [50.01036235842977, 26.544102008077942], [50.008187635511746, 26.542979119109205], [50.008187635511746, 26.540733341171727], [50.01036235842977, 26.539610452202986], [50.012537081347794, 26.540733341171727]]]}, "properties": {"congestion_score": 1.0, "congestion_level": "free_flow", "color": "rgb(43,200,43)", "road_pixel_count": 100}}, {"type": "Feature", "geometry": {"type": "Polygon", "coordinates": [[[50.02123597301989, 26.540733341171727], [50.02123597301989, 26.542979119109205], [50.01906125010187, 26.544102008077942], [50.01688652718384, 26.542979119109205], [50.01688652718384, 26.540733341171727], [50.01906125010187, 26.539610452202986], [50.02123597301989, 26.540733341171727]]]}, "properties": {"congestion_score": 0.865, "congestion_level": "light_congestion", "color": "rgb(255,255,55)", "road_pixel_count": 627}}, {"type": "Feature", "geometry": {"type": "Polygon", "coordinates": [[[50.02558541885594, 26.540733341171727], [50.02558541885594, 26.542979119109205], [50.02341069593792, 26.544102008077942], [50.02123597301989, 26.542979119109205], [50.02123597301989, 26.540733341171727], [50.02341069593792, 26.539610452202986], [50.02558541885594, 26.540733341171727]]]}, "properties": {"congestion_score": 0.999, "congestion_level": "free_flow", "color": "rgb(43,200,43)", "road_pixel_count": 1467}}, {"type": "Feature", "geometry": {"type": "Polygon", "coordinates": [[[50.02993486469199, 26.540733341171727], [50.02993486469199, 26.542979119109205], [50.02776014177397, 26.544102008077942], [50.02558541885594, 26.542979119109205], [50.02558541885594, 26.540733341171727], [50.02776014177397, 26.539610452202986], [50.02993486469199, 26.540733341171727]]]}, "properties": {"congestion_score": 0.988, "congestion_level": "free_flow", "color": "rgb(43,200,43)", "road_pixel_count": 1954}}, {"type": "Feature", "geometry": {"type": "Polygon", "coordinates": [[[50.07342932305249, 26.540733341171727], [50.07342932305249, 26.542979119109205], [50.071254600134466, 26.544102008077942], [50.06907987721644, 26.542979119109205], [50.06907987721644, 26.540733341171727], [50.071254600134466, 26.539610452202986], [50.07342932305249, 26.540733341171727]]]}, "properties": {"congestion_score": 0.998, "congestion_level": "free_flow", "color": "rgb(43,200,43)", "road_pixel_count": 1277}}, {"type": "Feature", "geometry": {"type": "Polygon", "coordinates": [[[50.07777876888854, 26.540733341171727], [50.07777876888854, 26.542979119109205], [50.075604045970515, 26.544102008077942], [50.07342932305249, 26.542979119109205], [50.07342932305249, 26.540733341171727], [50.075604045970515, 26.539610452202986], [50.07777876888854, 26.540733341171727]]]}, "properties": {"congestion_score": 0.97, "congestion_level": "free_flow", "color": "rgb(43,200,43)", "road_pixel_count": 1643}}, {"type": "Feature", "geometry": {"type": "Polygon", "coordinates": [[[50.08212821472459, 26.540733341171727], [50.08212821472459, 26.542979119109205], [50.07995349180656, 26.544102008077942], [50.07777876888854, 26.542979119109205], [50.07777876888854, 26.540733341171727], [50.07995349180656, 26.539610452202986], [50.08212821472459, 26.540733341171727]]]}, "properties": {"congestion_score": 1.0, "congestion_level": "free_flow", "color": "rgb(43,200,43)", "road_pixel_count": 495}}, {"type": "Feature", "geometry": {"type": "Polygon", "coordinates": [[[49.884228429184326, 26.544102008077942], [49.884228429184326, 26.54634778601542], [49.8820537062663, 26.547470674984158], [49.87987898334828, 26.54634778601542], [49.87987898334828, 26.544102008077942], [49.8820537062663, 26.542979119109205], [49.884228429184326, 26.544102008077942]]]}, "properties": {"congestion_score": 0.995, "congestion_level": "free_flow", "color": "rgb(43,200,43)", "road_pixel_count": 1536}}, {"type": "Feature", "geometry": {"type": "Polygon", "coordinates": [[[49.888577875020374, 26.544102008077942], [49.888577875020374, 26.54634778601542], [49.886403152102346, 26.547470674984158], [49.884228429184326, 26.54634778601542], [49.884228429184326, 26.544102008077942], [49.886403152102346, 26.542979119109205], [49.888577875020374, 26.544102008077942]]]}, "properties": {"congestion_score": 0.985, "congestion_level": "free_flow", "color": "rgb(43,200,43)", "road_pixel_count": 1805}}, {"type": "Feature", "geometry": {"type": "Polygon", "coordinates": [[[49.89292732085642, 26.544102008077942], [49.89292732085642, 26.54634778601542], [49.890752597938395, 26.547470674984158], [49.888577875020374, 26.54634778601542], [49.888577875020374, 26.544102008077942], [49.890752597938395, 26.542979119109205], [49.89292732085642, 26.544102008077942]]]}, "properties": {"congestion_score": 1.0, "congestion_level": "free_flow", "color": "rgb(43,200,43)", "road_pixel_count": 1939}}, {"type": "Feature", "geometry": {"type": "Polygon", "coordinates": [[[49.91032510420062, 26.544102008077942], [49.91032510420062, 26.54634778601542], [49.908150381282596, 26.547470674984158], [49.905975658364575, 26.54634778601542], [49.905975658364575, 26.544102008077942], [49.908150381282596, 26.542979119109205], [49.91032510420062, 26.544102008077942]]]}, "properties": {"congestion_score": 0.886, "congestion_level": "light_congestion", "color": "rgb(255,255,55)", "road_pixel_count": 1335}}, {"type": "Feature", "geometry": {"type": "Polygon", "coordinates": [[[49.91467455003667, 26.544102008077942], [49.91467455003667, 26.54634778601542], [49.912499827118644, 26.547470674984158], [49.91032510420062, 26.54634778601542], [49.91032510420062, 26.544102008077942], [49.912499827118644, 26.542979119109205], [49.91467455003667, 26.544102008077942]]]}, "properties": {"congestion_score": 0.976, "congestion_level": "free_flow", "color": "rgb(43,200,43)", "road_pixel_count": 122}}, {"type": "Feature", "geometry": {"type": "Polygon", "coordinates": [[[49.95381956256112, 26.544102008077942], [49.95381956256112, 26.54634778601542], [49.951644839643095, 26.547470674984158], [49.949470116725074, 26.54634778601542], [49.949470116725074, 26.544102008077942], [49.951644839643095, 26.542979119109205], [49.95381956256112, 26.544102008077942]]]}, "properties": {"congestion_score": 1.0, "congestion_level": "free_flow", "color": "rgb(43,200,43)", "road_pixel_count": 792}}, {"type": "Feature", "geometry": {"type": "Polygon", "coordinates": [[[49.95816900839717, 26.544102008077942], [49.95816900839717, 26.54634778601542], [49.95599428547914, 26.547470674984158], [49.95381956256112, 26.54634778601542], [49.95381956256112, 26.544102008077942], [49.95599428547914, 26.542979119109205], [49.95816900839717, 26.544102008077942]]]}, "properties": {"congestion_score": 1.0, "congestion_level": "free_flow", "color": "rgb(43,200,43)", "road_pixel_count": 2161}}, {"type": "Feature", "geometry": {"type": "Polygon", "coordinates": [[[49.97556679174137, 26.544102008077942], [49.97556679174137, 26.54634778601542], [49.973392068823344, 26.547470674984158], [49.971217345905316, 26.54634778601542], [49.971217345905316, 26.544102008077942], [49.973392068823344, 26.542979119109205], [49.97556679174137, 26.544102008077942]]]}, "properties": {"congestion_score": 1.0, "congestion_level": "free_flow", "color": "rgb(43,200,43)", "road_pixel_count": 1075}}, {"type": "Feature", "geometry": {"type": "Polygon", "coordinates": [[[49.98861512924952, 26.544102008077942], [49.98861512924952, 26.54634778601542], [49.986440406331496, 26.547470674984158], [49.98426568341347, 26.54634778601542], [49.98426568341347, 26.544102008077942], [49.986440406331496, 26.542979119109205], [49.98861512924952, 26.544102008077942]]]}, "properties": {"congestion_score": 1.0, "congestion_level": "free_flow", "color": "rgb(43,200,43)", "road_pixel_count": 540}}, {"type": "Feature", "geometry": {"type": "Polygon", "coordinates": [[[49.992964575085566, 26.544102008077942], [49.992964575085566, 26.54634778601542], [49.990789852167545, 26.547470674984158], [49.98861512924952, 26.54634778601542], [49.98861512924952, 26.544102008077942], [49.990789852167545, 26.542979119109205], [49.992964575085566, 26.544102008077942]]]}, "properties": {"congestion_score": 1.0, "congestion_level": "free_flow", "color": "rgb(43,200,43)", "road_pixel_count": 1888}}, {"type": "Feature", "geometry": {"type": "Polygon", "coordinates": [[[49.99731402092162, 26.544102008077942], [49.99731402092162, 26.54634778601542], [49.99513929800359, 26.547470674984158], [49.992964575085566, 26.54634778601542], [49.992964575085566, 26.544102008077942], [49.99513929800359, 26.542979119109205], [49.99731402092162, 26.544102008077942]]]}, "properties": {"congestion_score": 0.992, "congestion_level": "free_flow", "color": "rgb(43,200,43)", "road_pixel_count": 1794}}, {"type": "Feature", "geometry": {"type": "Polygon", "coordinates": [[[50.00166346675767, 26.544102008077942], [50.00166346675767, 26.54634778601542], [49.99948874383964, 26.547470674984158], [49.99731402092162, 26.54634778601542], [49.99731402092162, 26.544102008077942], [49.99948874383964, 26.542979119109205], [50.00166346675767, 26.544102008077942]]]}, "properties": {"congestion_score": 1.0, "congestion_level": "free_flow", "color": "rgb(43,200,43)", "road_pixel_count": 1607}}, {"type": "Feature", "geometry": {"type": "Polygon", "coordinates": [[[50.00601291259372, 26.544102008077942], [50.00601291259372, 26.54634778601542], [50.00383818967569, 26.547470674984158], [50.00166346675767, 26.54634778601542], [50.00166346675767, 26.544102008077942], [50.00383818967569, 26.542979119109205], [50.00601291259372, 26.544102008077942]]]}, "properties": {"congestion_score": 0.903, "congestion_level": "light_congestion", "color": "rgb(255,255,55)", "road_pixel_count": 2762}}, {"type": "Feature", "geometry": {"type": "Polygon", "coordinates": [[[50.01036235842977, 26.544102008077942], [50.01036235842977, 26.54634778601542], [50.008187635511746, 26.547470674984158], [50.00601291259372, 26.54634778601542], [50.00601291259372, 26.544102008077942], [50.008187635511746, 26.542979119109205], [50.01036235842977, 26.544102008077942]]]}, "properties": {"congestion_score": 0.951, "congestion_level": "free_flow", "color": "rgb(43,200,43)", "road_pixel_count": 1124}}, {"type": "Feature", "geometry": {"type": "Polygon", "coordinates": [[[50.01906125010187, 26.544102008077942], [50.01906125010187, 26.54634778601542], [50.01688652718384, 26.547470674984158], [50.014711804265815, 26.54634778601542], [50.014711804265815, 26.544102008077942], [50.01688652718384, 26.542979119109205], [50.01906125010187, 26.544102008077942]]]}, "properties": {"congestion_score": 0.974, "congestion_level": "free_flow", "color": "rgb(43,200,43)", "road_pixel_count": 1102}}, {"type": "Feature", "geometry": {"type": "Polygon", "coordinates": [[[50.02341069593792, 26.544102008077942], [50.02341069593792, 26.54634778601542], [50.02123597301989, 26.547470674984158], [50.01906125010187, 26.54634778601542], [50.01906125010187, 26.544102008077942], [50.02123597301989, 26.542979119109205], [50.02341069593792, 26.544102008077942]]]}, "properties": {"congestion_score": 0.988, "congestion_level": "free_flow", "color": "rgb(43,200,43)", "road_pixel_count": 1572}}, {"type": "Feature", "geometry": {"type": "Polygon", "coordinates": [[[50.02776014177397, 26.544102008077942], [50.02776014177397, 26.54634778601542], [50.02558541885594, 26.547470674984158], [50.02341069593792, 26.54634778601542], [50.02341069593792, 26.544102008077942], [50.02558541885594, 26.542979119109205], [50.02776014177397, 26.544102008077942]]]}, "properties": {"congestion_score": 0.994, "congestion_level": "free_flow", "color": "rgb(43,200,43)", "road_pixel_count": 2071}}, {"type": "Feature", "geometry": {"type": "Polygon", "coordinates": [[[50.058206262626314, 26.544102008077942], [50.058206262626314, 26.54634778601542], [50.05603153970829, 26.547470674984158], [50.053856816790265, 26.54634778601542], [50.053856816790265, 26.544102008077942], [50.05603153970829, 26.542979119109205], [50.058206262626314, 26.544102008077942]]]}, "properties": {"congestion_score": 1.0, "congestion_level": "free_flow", "color": "rgb(43,200,43)", "road_pixel_count": 929}}, {"type": "Feature", "geometry": {"type": "Polygon", "coordinates": [[[50.06255570846236, 26.544102008077942], [50.06255570846236, 26.54634778601542], [50.06038098554434, 26.547470674984158], [50.058206262626314, 26.54634778601542], [50.058206262626314, 26.544102008077942], [50.06038098554434, 26.542979119109205], [50.06255570846236, 26.544102008077942]]]}, "properties": {"congestion_score": 1.0, "congestion_level": "free_flow", "color": "rgb(43,200,43)", "road_pixel_count": 824}}, {"type": "Feature", "geometry": {"type": "Polygon", "coordinates": [[[50.06690515429842, 26.544102008077942], [50.06690515429842, 26.54634778601542], [50.06473043138039, 26.547470674984158], [50.06255570846236, 26.54634778601542], [50.06255570846236, 26.544102008077942], [50.06473043138039, 26.542979119109205], [50.06690515429842, 26.544102008077942]]]}, "properties": {"congestion_score": 1.0, "congestion_level": "free_flow", "color": "rgb(43,200,43)", "road_pixel_count": 703}}, {"type": "Feature", "geometry": {"type": "Polygon", "coordinates": [[[50.071254600134466, 26.544102008077942], [50.071254600134466, 26.54634778601542], [50.06907987721644, 26.547470674984158], [50.06690515429842, 26.54634778601542], [50.06690515429842, 26.544102008077942], [50.06907987721644, 26.542979119109205], [50.071254600134466, 26.544102008077942]]]}, "properties": {"congestion_score": 1.0, "congestion_level": "free_flow", "color": "rgb(43,200,43)", "road_pixel_count": 885}}, {"type": "Feature", "geometry": {"type": "Polygon", "coordinates": [[[50.075604045970515, 26.544102008077942], [50.075604045970515, 26.54634778601542], [50.07342932305249, 26.547470674984158], [50.071254600134466, 26.54634778601542], [50.071254600134466, 26.544102008077942], [50.07342932305249, 26.542979119109205], [50.075604045970515, 26.544102008077942]]]}, "properties": {"congestion_score": 0.962, "congestion_level": "free_flow", "color": "rgb(43,200,43)", "road_pixel_count": 2182}}, {"type": "Feature", "geometry": {"type": "Polygon", "coordinates": [[[50.07995349180656, 26.544102008077942], [50.07995349180656, 26.54634778601542], [50.07777876888854, 26.547470674984158], [50.075604045970515, 26.54634778601542], [50.075604045970515, 26.544102008077942], [50.07777876888854, 26.542979119109205], [50.07995349180656, 26.544102008077942]]]}, "properties": {"congestion_score": 0.927, "congestion_level": "light_congestion", "color": "rgb(255,255,55)", "road_pixel_count": 1081}}, {"type": "Feature", "geometry": {"type": "Polygon", "coordinates": [[[50.08430293764261, 26.544102008077942], [50.08430293764261, 26.54634778601542], [50.08212821472459, 26.547470674984158], [50.07995349180656, 26.54634778601542], [50.07995349180656, 26.544102008077942], [50.08212821472459, 26.542979119109205], [50.08430293764261, 26.544102008077942]]]}, "properties": {"congestion_score": 1.0, "congestion_level": "free_flow", "color": "rgb(43,200,43)", "road_pixel_count": 432}}, {"type": "Feature", "geometry": {"type": "Polygon", "coordinates": [[[49.886403152102346, 26.547470674984158], [49.886403152102346, 26.549716452921636], [49.884228429184326, 26.550839341890374], [49.8820537062663, 26.549716452921636], [49.8820537062663, 26.547470674984158], [49.884228429184326, 26.54634778601542], [49.886403152102346, 26.547470674984158]]]}, "properties": {"congestion_score": 0.915, "congestion_level": "light_congestion", "color": "rgb(255,255,55)", "road_pixel_count": 1955}}, {"type": "Feature", "geometry": {"type": "Polygon", "coordinates": [[[49.890752597938395, 26.547470674984158], [49.890752597938395, 26.549716452921636], [49.888577875020374, 26.550839341890374], [49.886403152102346, 26.549716452921636], [49.886403152102346, 26.547470674984158], [49.888577875020374, 26.54634778601542], [49.890752597938395, 26.547470674984158]]]}, "properties": {"congestion_score": 1.0, "congestion_level": "free_flow", "color": "rgb(43,200,43)", "road_pixel_count": 3519}}, {"type": "Feature", "geometry": {"type": "Polygon", "coordinates": [[[49.89510204377445, 26.547470674984158], [49.89510204377445, 26.549716452921636], [49.89292732085642, 26.550839341890374], [49.890752597938395, 26.549716452921636], [49.890752597938395, 26.547470674984158], [49.89292732085642, 26.54634778601542], [49.89510204377445, 26.547470674984158]]]}, "properties": {"congestion_score": 1.0, "congestion_level": "free_flow", "color": "rgb(43,200,43)", "road_pixel_count": 42}}, {"type": "Feature", "geometry": {"type": "Polygon", "coordinates": [[[49.90380093544655, 26.547470674984158], [49.90380093544655, 26.549716452921636], [49.90162621252852, 26.550839341890374], [49.8994514896105, 26.549716452921636], [49.8994514896105, 26.547470674984158], [49.90162621252852, 26.54634778601542], [49.90380093544655, 26.547470674984158]]]}, "properties": {"congestion_score": 0.801, "congestion_level": "light_congestion", "color": "rgb(255,255,55)", "road_pixel_count": 655}}, {"type": "Feature", "geometry": {"type": "Polygon", "coordinates": [[[49.908150381282596, 26.547470674984158], [49.908150381282596, 26.549716452921636], [49.905975658364575, 26.550839341890374], [49.90380093544655, 26.549716452921636], [49.90380093544655, 26.547470674984158], [49.905975658364575, 26.54634778601542], [49.908150381282596, 26.547470674984158]]]}, "properties": {"congestion_score": 0.9, "congestion_level": "light_congestion", "color": "rgb(255,255,55)", "road_pixel_count": 1186}}, {"type": "Feature", "geometry": {"type": "Polygon", "coordinates": [[[49.95599428547914, 26.547470674984158], [49.95599428547914, 26.549716452921636], [49.95381956256112, 26.550839341890374], [49.951644839643095, 26.549716452921636], [49.951644839643095, 26.547470674984158], [49.95381956256112, 26.54634778601542], [49.95599428547914, 26.547470674984158]]]}, "properties": {"congestion_score": 1.0, "congestion_level": "free_flow", "color": "rgb(43,200,43)", "road_pixel_count": 1922}}, {"type": "Feature", "geometry": {"type": "Polygon", "coordinates": [[[49.96034373131519, 26.547470674984158], [49.96034373131519, 26.549716452921636], [49.95816900839717, 26.550839341890374], [49.95599428547914, 26.549716452921636], [49.95599428547914, 26.547470674984158], [49.95816900839717, 26.54634778601542], [49.96034373131519, 26.547470674984158]]]}, "properties": {"congestion_score": 1.0, "congestion_level": "free_flow", "color": "rgb(43,200,43)", "road_pixel_count": 555}}, {"type": "Feature", "geometry": {"type": "Polygon", "coordinates": [[[49.97774151465939, 26.547470674984158], [49.97774151465939, 26.549716452921636], [49.97556679174137, 26.550839341890374], [49.973392068823344, 26.549716452921636], [49.973392068823344, 26.547470674984158], [49.97556679174137, 26.54634778601542], [49.97774151465939, 26.547470674984158]]]}, "properties": {"congestion_score": 1.0, "congestion_level": "free_flow", "color": "rgb(43,200,43)", "road_pixel_count": 1684}}, {"type": "Feature", "geometry": {"type": "Polygon", "coordinates": [[[49.98209096049544, 26.547470674984158], [49.98209096049544, 26.549716452921636], [49.97991623757742, 26.550839341890374], [49.97774151465939, 26.549716452921636], [49.97774151465939, 26.547470674984158], [49.97991623757742, 26.54634778601542], [49.98209096049544, 26.547470674984158]]]}, "properties": {"congestion_score": 1.0, "congestion_level": "free_flow", "color": "rgb(43,200,43)", "road_pixel_count": 1167}}, {"type": "Feature", "geometry": {"type": "Polygon", "coordinates": [[[49.986440406331496, 26.547470674984158], [49.986440406331496, 26.549716452921636], [49.98426568341347, 26.550839341890374], [49.98209096049544, 26.549716452921636], [49.98209096049544, 26.547470674984158], [49.98426568341347, 26.54634778601542], [49.986440406331496, 26.547470674984158]]]}, "properties": {"congestion_score": 1.0, "congestion_level": "free_flow", "color": "rgb(43,200,43)", "road_pixel_count": 1450}}, {"type": "Feature", "geometry": {"type": "Polygon", "coordinates": [[[49.990789852167545, 26.547470674984158], [49.990789852167545, 26.549716452921636], [49.98861512924952, 26.550839341890374], [49.986440406331496, 26.549716452921636], [49.986440406331496, 26.547470674984158], [49.98861512924952, 26.54634778601542], [49.990789852167545, 26.547470674984158]]]}, "properties": {"congestion_score": 1.0, "congestion_level": "free_flow", "color": "rgb(43,200,43)", "road_pixel_count": 2060}}, {"type": "Feature", "geometry": {"type": "Polygon", "coordinates": [[[49.99513929800359, 26.547470674984158], [49.99513929800359, 26.549716452921636], [49.992964575085566, 26.550839341890374], [49.990789852167545, 26.549716452921636], [49.990789852167545, 26.547470674984158], [49.992964575085566, 26.54634778601542], [49.99513929800359, 26.547470674984158]]]}, "properties": {"congestion_score": 1.0, "congestion_level": "free_flow", "color": "rgb(43,200,43)", "road_pixel_count": 2537}}, {"type": "Feature", "geometry": {"type": "Polygon", "coordinates": [[[49.99948874383964, 26.547470674984158], [49.99948874383964, 26.549716452921636], [49.99731402092162, 26.550839341890374], [49.99513929800359, 26.549716452921636], [49.99513929800359, 26.547470674984158], [49.99731402092162, 26.54634778601542], [49.99948874383964, 26.547470674984158]]]}, "properties": {"congestion_score": 1.0, "congestion_level": "free_flow", "color": "rgb(43,200,43)", "road_pixel_count": 939}}, {"type": "Feature", "geometry": {"type": "Polygon", "coordinates": [[[50.00383818967569, 26.547470674984158], [50.00383818967569, 26.549716452921636], [50.00166346675767, 26.550839341890374], [49.99948874383964, 26.549716452921636], [49.99948874383964, 26.547470674984158], [50.00166346675767, 26.54634778601542], [50.00383818967569, 26.547470674984158]]]}, "properties": {"congestion_score": 0.926, "congestion_level": "light_congestion", "color": "rgb(255,255,55)", "road_pixel_count": 1648}}, {"type": "Feature", "geometry": {"type": "Polygon", "coordinates": [[[50.008187635511746, 26.547470674984158], [50.008187635511746, 26.549716452921636], [50.00601291259372, 26.550839341890374], [50.00383818967569, 26.549716452921636], [50.00383818967569, 26.547470674984158], [50.00601291259372, 26.54634778601542], [50.008187635511746, 26.547470674984158]]]}, "properties": {"congestion_score": 0.344, "congestion_level": "heavy_traffic", "color": "rgb(255,35,35)", "road_pixel_count": 1084}}, {"type": "Feature", "geometry": {"type": "Polygon", "coordinates": [[[50.012537081347794, 26.547470674984158], [50.012537081347794, 26.549716452921636], [50.01036235842977, 26.550839341890374], [50.008187635511746, 26.549716452921636], [50.008187635511746, 26.547470674984158], [50.01036235842977, 26.54634778601542], [50.012537081347794, 26.547470674984158]]]}, "properties": {"congestion_score": 0.995, "congestion_level": "free_flow", "color": "rgb(43,200,43)", "road_pixel_count": 1488}}, {"type": "Feature", "geometry": {"type": "Polygon", "coordinates": [[[50.01688652718384, 26.547470674984158], [50.01688652718384, 26.549716452921636], [50.014711804265815, 26.550839341890374], [50.012537081347794, 26.549716452921636], [50.012537081347794, 26.547470674984158], [50.014711804265815, 26.54634778601542], [50.01688652718384, 26.547470674984158]]]}, "properties": {"congestion_score": 0.842, "congestion_level": "light_congestion", "color": "rgb(255,255,55)", "road_pixel_count": 1999}}, {"type": "Feature", "geometry": {"type": "Polygon", "coordinates": [[[50.02123597301989, 26.547470674984158], [50.02123597301989, 26.549716452921636], [50.01906125010187, 26.550839341890374], [50.01688652718384, 26.549716452921636], [50.01688652718384, 26.547470674984158], [50.01906125010187, 26.54634778601542], [50.02123597301989, 26.547470674984158]]]}, "properties": {"congestion_score": 0.964, "congestion_level": "free_flow", "color": "rgb(43,200,43)", "road_pixel_count": 1423}}, {"type": "Feature", "geometry": {"type": "Polygon", "coordinates": [[[50.02558541885594, 26.547470674984158], [50.02558541885594, 26.549716452921636], [50.02341069593792, 26.550839341890374], [50.02123597301989, 26.549716452921636], [50.02123597301989, 26.547470674984158], [50.02341069593792, 26.54634778601542], [50.02558541885594, 26.547470674984158]]]}, "properties": {"congestion_score": 0.989, "congestion_level": "free_flow", "color": "rgb(43,200,43)", "road_pixel_count": 1454}}, {"type": "Feature", "geometry": {"type": "Polygon", "coordinates": [[[50.02993486469199, 26.547470674984158], [50.02993486469199, 26.549716452921636], [50.02776014177397, 26.550839341890374], [50.02558541885594, 26.549716452921636], [50.02558541885594, 26.547470674984158], [50.02776014177397, 26.54634778601542], [50.02993486469199, 26.547470674984158]]]}, "properties": {"congestion_score": 1.0, "congestion_level": "free_flow", "color": "rgb(43,200,43)", "road_pixel_count": 38}}, {"type": "Feature", "geometry": {"type": "Polygon", "coordinates": [[[50.05603153970829, 26.547470674984158], [50.05603153970829, 26.549716452921636], [50.053856816790265, 26.550839341890374], [50.05168209387224, 26.549716452921636], [50.05168209387224, 26.547470674984158], [50.053856816790265, 26.54634778601542], [50.05603153970829, 26.547470674984158]]]}, "properties": {"congestion_score": 1.0, "congestion_level": "free_flow", "color": "rgb(43,200,43)", "road_pixel_count": 689}}, {"type": "Feature", "geometry": {"type": "Polygon", "coordinates": [[[50.07777876888854, 26.547470674984158], [50.07777876888854, 26.549716452921636], [50.075604045970515, 26.550839341890374], [50.07342932305249, 26.549716452921636], [50.07342932305249, 26.547470674984158], [50.075604045970515, 26.54634778601542], [50.07777876888854, 26.547470674984158]]]}, "properties": {"congestion_score": 0.984, "congestion_level": "free_flow", "color": "rgb(43,200,43)", "road_pixel_count": 2323}}, {"type": "Feature", "geometry": {"type": "Polygon", "coordinates": [[[50.08212821472459, 26.547470674984158], [50.08212821472459, 26.549716452921636], [50.07995349180656, 26.550839341890374], [50.07777876888854, 26.549716452921636], [50.07777876888854, 26.547470674984158], [50.07995349180656, 26.54634778601542], [50.08212821472459, 26.547470674984158]]]}, "properties": {"congestion_score": 1.0, "congestion_level": "free_flow", "color": "rgb(43,200,43)", "road_pixel_count": 1371}}, {"type": "Feature", "geometry": {"type": "Polygon", "coordinates": [[[49.884228429184326, 26.550839341890374], [49.884228429184326, 26.553085119827852], [49.8820537062663, 26.554208008796593], [49.87987898334828, 26.553085119827852], [49.87987898334828, 26.550839341890374], [49.8820537062663, 26.549716452921636], [49.884228429184326, 26.550839341890374]]]}, "properties": {"congestion_score": 1.0, "congestion_level": "free_flow", "color": "rgb(43,200,43)", "road_pixel_count": 1172}}, {"type": "Feature", "geometry": {"type": "Polygon", "coordinates": [[[49.888577875020374, 26.550839341890374], [49.888577875020374, 26.553085119827852], [49.886403152102346, 26.554208008796593], [49.884228429184326, 26.553085119827852], [49.884228429184326, 26.550839341890374], [49.886403152102346, 26.549716452921636], [49.888577875020374, 26.550839341890374]]]}, "properties": {"congestion_score": 1.0, "congestion_level": "free_flow", "color": "rgb(43,200,43)", "road_pixel_count": 1254}}, {"type": "Feature", "geometry": {"type": "Polygon", "coordinates": [[[49.89292732085642, 26.550839341890374], [49.89292732085642, 26.553085119827852], [49.890752597938395, 26.554208008796593], [49.888577875020374, 26.553085119827852], [49.888577875020374, 26.550839341890374], [49.890752597938395, 26.549716452921636], [49.89292732085642, 26.550839341890374]]]}, "properties": {"congestion_score": 1.0, "congestion_level": "free_flow", "color": "rgb(43,200,43)", "road_pixel_count": 1312}}, {"type": "Feature", "geometry": {"type": "Polygon", "coordinates": [[[49.89727676669247, 26.550839341890374], [49.89727676669247, 26.553085119827852], [49.89510204377445, 26.554208008796593], [49.89292732085642, 26.553085119827852], [49.89292732085642, 26.550839341890374], [49.89510204377445, 26.549716452921636], [49.89727676669247, 26.550839341890374]]]}, "properties": {"congestion_score": 0.995, "congestion_level": "free_flow", "color": "rgb(43,200,43)", "road_pixel_count": 1728}}, {"type": "Feature", "geometry": {"type": "Polygon", "coordinates": [[[49.90162621252852, 26.550839341890374], [49.90162621252852, 26.553085119827852], [49.8994514896105, 26.554208008796593], [49.89727676669247, 26.553085119827852], [49.89727676669247, 26.550839341890374], [49.8994514896105, 26.549716452921636], [49.90162621252852, 26.550839341890374]]]}, "properties": {"congestion_score": 0.881, "congestion_level": "light_congestion", "color": "rgb(255,255,55)", "road_pixel_count": 1623}}, {"type": "Feature", "geometry": {"type": "Polygon", "coordinates": [[[49.905975658364575, 26.550839341890374], [49.905975658364575, 26.553085119827852], [49.90380093544655, 26.554208008796593], [49.90162621252852, 26.553085119827852], [49.90162621252852, 26.550839341890374], [49.90380093544655, 26.549716452921636], [49.905975658364575, 26.550839341890374]]]}, "properties": {"congestion_score": 0.901, "congestion_level": "light_congestion", "color": "rgb(255,255,55)", "road_pixel_count": 300}}, {"type": "Feature", "geometry": {"type": "Polygon", "coordinates": [[[49.95381956256112, 26.550839341890374], [49.95381956256112, 26.553085119827852], [49.951644839643095, 26.554208008796593], [49.949470116725074, 26.553085119827852], [49.949470116725074, 26.550839341890374], [49.951644839643095, 26.549716452921636], [49.95381956256112, 26.550839341890374]]]}, "properties": {"congestion_score": 0.998, "congestion_level": "free_flow", "color": "rgb(43,200,43)", "road_pixel_count": 1226}}, {"type": "Feature", "geometry": {"type": "Polygon", "coordinates": [[[49.95816900839717, 26.550839341890374], [49.95816900839717, 26.553085119827852], [49.95599428547914, 26.554208008796593], [49.95381956256112, 26.553085119827852], [49.95381956256112, 26.550839341890374], [49.95599428547914, 26.549716452921636], [49.95816900839717, 26.550839341890374]]]}, "properties": {"congestion_score": 1.0, "congestion_level": "free_flow", "color": "rgb(43,200,43)", "road_pixel_count": 2096}}, {"type": "Feature", "geometry": {"type": "Polygon", "coordinates": [[[49.97556679174137, 26.550839341890374], [49.97556679174137, 26.553085119827852], [49.973392068823344, 26.554208008796593], [49.971217345905316, 26.553085119827852], [49.971217345905316, 26.550839341890374], [49.973392068823344, 26.549716452921636], [49.97556679174137, 26.550839341890374]]]}, "properties": {"congestion_score": 1.0, "congestion_level": "free_flow", "color": "rgb(43,200,43)", "road_pixel_count": 1136}}, {"type": "Feature", "geometry": {"type": "Polygon", "coordinates": [[[49.98426568341347, 26.550839341890374], [49.98426568341347, 26.553085119827852], [49.98209096049544, 26.554208008796593], [49.97991623757742, 26.553085119827852], [49.97991623757742, 26.550839341890374], [49.98209096049544, 26.549716452921636], [49.98426568341347, 26.550839341890374]]]}, "properties": {"congestion_score": 1.0, "congestion_level": "free_flow", "color": "rgb(43,200,43)", "road_pixel_count": 372}}, {"type": "Feature", "geometry": {"type": "Polygon", "coordinates": [[[49.98861512924952, 26.550839341890374], [49.98861512924952, 26.553085119827852], [49.986440406331496, 26.554208008796593], [49.98426568341347, 26.553085119827852], [49.98426568341347, 26.550839341890374], [49.986440406331496, 26.549716452921636], [49.98861512924952, 26.550839341890374]]]}, "properties": {"congestion_score": 1.0, "congestion_level": "free_flow", "color": "rgb(43,200,43)", "road_pixel_count": 769}}, {"type": "Feature", "geometry": {"type": "Polygon", "coordinates": [[[49.992964575085566, 26.550839341890374], [49.992964575085566, 26.553085119827852], [49.990789852167545, 26.554208008796593], [49.98861512924952, 26.553085119827852], [49.98861512924952, 26.550839341890374], [49.990789852167545, 26.549716452921636], [49.992964575085566, 26.550839341890374]]]}, "properties": {"congestion_score": 1.0, "congestion_level": "free_flow", "color": "rgb(43,200,43)", "road_pixel_count": 211}}, {"type": "Feature", "geometry": {"type": "Polygon", "coordinates": [[[49.99731402092162, 26.550839341890374], [49.99731402092162, 26.553085119827852], [49.99513929800359, 26.554208008796593], [49.992964575085566, 26.553085119827852], [49.992964575085566, 26.550839341890374], [49.99513929800359, 26.549716452921636], [49.99731402092162, 26.550839341890374]]]}, "properties": {"congestion_score": 1.0, "congestion_level": "free_flow", "color": "rgb(43,200,43)", "road_pixel_count": 1202}}, {"type": "Feature", "geometry": {"type": "Polygon", "coordinates": [[[50.00166346675767, 26.550839341890374], [50.00166346675767, 26.553085119827852], [49.99948874383964, 26.554208008796593], [49.99731402092162, 26.553085119827852], [49.99731402092162, 26.550839341890374], [49.99948874383964, 26.549716452921636], [50.00166346675767, 26.550839341890374]]]}, "properties": {"congestion_score": 0.987, "congestion_level": "free_flow", "color": "rgb(43,200,43)", "road_pixel_count": 2523}}, {"type": "Feature", "geometry": {"type": "Polygon", "coordinates": [[[50.00601291259372, 26.550839341890374], [50.00601291259372, 26.553085119827852], [50.00383818967569, 26.554208008796593], [50.00166346675767, 26.553085119827852], [50.00166346675767, 26.550839341890374], [50.00383818967569, 26.549716452921636], [50.00601291259372, 26.550839341890374]]]}, "properties": {"congestion_score": 0.797, "congestion_level": "light_congestion", "color": "rgb(255,255,55)", "road_pixel_count": 1202}}, {"type": "Feature", "geometry": {"type": "Polygon", "coordinates": [[[50.014711804265815, 26.550839341890374], [50.014711804265815, 26.553085119827852], [50.012537081347794, 26.554208008796593], [50.01036235842977, 26.553085119827852], [50.01036235842977, 26.550839341890374], [50.012537081347794, 26.549716452921636], [50.014711804265815, 26.550839341890374]]]}, "properties": {"congestion_score": 0.991, "congestion_level": "free_flow", "color": "rgb(43,200,43)", "road_pixel_count": 1198}}, {"type": "Feature", "geometry": {"type": "Polygon", "coordinates": [[[50.01906125010187, 26.550839341890374], [50.01906125010187, 26.553085119827852], [50.01688652718384, 26.554208008796593], [50.014711804265815, 26.553085119827852], [50.014711804265815, 26.550839341890374], [50.01688652718384, 26.549716452921636], [50.01906125010187, 26.550839341890374]]]}, "properties": {"congestion_score": 0.908, "congestion_level": "light_congestion", "color": "rgb(255,255,55)", "road_pixel_count": 2094}}, {"type": "Feature", "geometry": {"type": "Polygon", "coordinates": [[[50.02341069593792, 26.550839341890374], [50.02341069593792, 26.553085119827852], [50.02123597301989, 26.554208008796593], [50.01906125010187, 26.553085119827852], [50.01906125010187, 26.550839341890374], [50.02123597301989, 26.549716452921636], [50.02341069593792, 26.550839341890374]]]}, "properties": {"congestion_score": 0.884, "congestion_level": "light_congestion", "color": "rgb(255,255,55)", "road_pixel_count": 2266}}, {"type": "Feature", "geometry": {"type": "Polygon", "coordinates": [[[50.02776014177397, 26.550839341890374], [50.02776014177397, 26.553085119827852], [50.02558541885594, 26.554208008796593], [50.02341069593792, 26.553085119827852], [50.02341069593792, 26.550839341890374], [50.02558541885594, 26.549716452921636], [50.02776014177397, 26.550839341890374]]]}, "properties": {"congestion_score": 1.0, "congestion_level": "free_flow", "color": "rgb(43,200,43)", "road_pixel_count": 244}}, {"type": "Feature", "geometry": {"type": "Polygon", "coordinates": [[[50.058206262626314, 26.550839341890374], [50.058206262626314, 26.553085119827852], [50.05603153970829, 26.554208008796593], [50.053856816790265, 26.553085119827852], [50.053856816790265, 26.550839341890374], [50.05603153970829, 26.549716452921636], [50.058206262626314, 26.550839341890374]]]}, "properties": {"congestion_score": 1.0, "congestion_level": "free_flow", "color": "rgb(43,200,43)", "road_pixel_count": 550}}, {"type": "Feature", "geometry": {"type": "Polygon", "coordinates": [[[50.075604045970515, 26.550839341890374], [50.075604045970515, 26.553085119827852], [50.07342932305249, 26.554208008796593], [50.071254600134466, 26.553085119827852], [50.071254600134466, 26.550839341890374], [50.07342932305249, 26.549716452921636], [50.075604045970515, 26.550839341890374]]]}, "properties": {"congestion_score": 0.993, "congestion_level": "free_flow", "color": "rgb(43,200,43)", "road_pixel_count": 1174}}, {"type": "Feature", "geometry": {"type": "Polygon", "coordinates": [[[50.07995349180656, 26.550839341890374], [50.07995349180656, 26.553085119827852], [50.07777876888854, 26.554208008796593], [50.075604045970515, 26.553085119827852], [50.075604045970515, 26.550839341890374], [50.07777876888854, 26.549716452921636], [50.07995349180656, 26.550839341890374]]]}, "properties": {"congestion_score": 1.0, "congestion_level": "free_flow", "color": "rgb(43,200,43)", "road_pixel_count": 1047}}, {"type": "Feature", "geometry": {"type": "Polygon", "coordinates": [[[50.08430293764261, 26.550839341890374], [50.08430293764261, 26.553085119827852], [50.08212821472459, 26.554208008796593], [50.07995349180656, 26.553085119827852], [50.07995349180656, 26.550839341890374], [50.08212821472459, 26.549716452921636], [50.08430293764261, 26.550839341890374]]]}, "properties": {"congestion_score": 1.0, "congestion_level": "free_flow", "color": "rgb(43,200,43)", "road_pixel_count": 111}}, {"type": "Feature", "geometry": {"type": "Polygon", "coordinates": [[[49.8820537062663, 26.554208008796593], [49.8820537062663, 26.556453786734068], [49.87987898334828, 26.55757667570281], [49.87770426043025, 26.556453786734068], [49.87770426043025, 26.554208008796593], [49.87987898334828, 26.553085119827852], [49.8820537062663, 26.554208008796593]]]}, "properties": {"congestion_score": 1.0, "congestion_level": "free_flow", "color": "rgb(43,200,43)", "road_pixel_count": 1642}}, {"type": "Feature", "geometry": {"type": "Polygon", "coordinates": [[[49.886403152102346, 26.554208008796593], [49.886403152102346, 26.556453786734068], [49.884228429184326, 26.55757667570281], [49.8820537062663, 26.556453786734068], [49.8820537062663, 26.554208008796593], [49.884228429184326, 26.553085119827852], [49.886403152102346, 26.554208008796593]]]}, "properties": {"congestion_score": 1.0, "congestion_level": "free_flow", "color": "rgb(43,200,43)", "road_pixel_count": 466}}, {"type": "Feature", "geometry": {"type": "Polygon", "coordinates": [[[49.89510204377445, 26.554208008796593], [49.89510204377445, 26.556453786734068], [49.89292732085642, 26.55757667570281], [49.890752597938395, 26.556453786734068], [49.890752597938395, 26.554208008796593], [49.89292732085642, 26.553085119827852], [49.89510204377445, 26.554208008796593]]]}, "properties": {"congestion_score": 0.275, "congestion_level": "heavy_traffic", "color": "rgb(255,35,35)", "road_pixel_count": 1216}}, {"type": "Feature", "geometry": {"type": "Polygon", "coordinates": [[[49.8994514896105, 26.554208008796593], [49.8994514896105, 26.556453786734068], [49.89727676669247, 26.55757667570281], [49.89510204377445, 26.556453786734068], [49.89510204377445, 26.554208008796593], [49.89727676669247, 26.553085119827852], [49.8994514896105, 26.554208008796593]]]}, "properties": {"congestion_score": 0.747, "congestion_level": "light_congestion", "color": "rgb(255,255,55)", "road_pixel_count": 2454}}, {"type": "Feature", "geometry": {"type": "Polygon", "coordinates": [[[49.90380093544655, 26.554208008796593], [49.90380093544655, 26.556453786734068], [49.90162621252852, 26.55757667570281], [49.8994514896105, 26.556453786734068], [49.8994514896105, 26.554208008796593], [49.90162621252852, 26.553085119827852], [49.90380093544655, 26.554208008796593]]]}, "properties": {"congestion_score": 1.0, "congestion_level": "free_flow", "color": "rgb(43,200,43)", "road_pixel_count": 541}}, {"type": "Feature", "geometry": {"type": "Polygon", "coordinates": [[[49.947295393807046, 26.554208008796593], [49.947295393807046, 26.556453786734068], [49.94512067088902, 26.55757667570281], [49.942945947971, 26.556453786734068], [49.942945947971, 26.554208008796593], [49.94512067088902, 26.553085119827852], [49.947295393807046, 26.554208008796593]]]}, "properties": {"congestion_score": 1.0, "congestion_level": "free_flow", "color": "rgb(43,200,43)", "road_pixel_count": 577}}, {"type": "Feature", "geometry": {"type": "Polygon", "coordinates": [[[49.951644839643095, 26.554208008796593], [49.951644839643095, 26.556453786734068], [49.949470116725074, 26.55757667570281], [49.947295393807046, 26.556453786734068], [49.947295393807046, 26.554208008796593], [49.949470116725074, 26.553085119827852], [49.951644839643095, 26.554208008796593]]]}, "properties": {"congestion_score": 0.994, "congestion_level": "free_flow", "color": "rgb(43,200,43)", "road_pixel_count": 1318}}, {"type": "Feature", "geometry": {"type": "Polygon", "coordinates": [[[49.95599428547914, 26.554208008796593], [49.95599428547914, 26.556453786734068], [49.95381956256112, 26.55757667570281], [49.951644839643095, 26.556453786734068], [49.951644839643095, 26.554208008796593], [49.95381956256112, 26.553085119827852], [49.95599428547914, 26.554208008796593]]]}, "properties": {"congestion_score": 0.997, "congestion_level": "free_flow", "color": "rgb(43,200,43)", "road_pixel_count": 2174}}, {"type": "Feature", "geometry": {"type": "Polygon", "coordinates": [[[49.96034373131519, 26.554208008796593], [49.96034373131519, 26.556453786734068], [49.95816900839717, 26.55757667570281], [49.95599428547914, 26.556453786734068], [49.95599428547914, 26.554208008796593], [49.95816900839717, 26.553085119827852], [49.96034373131519, 26.554208008796593]]]}, "properties": {"congestion_score": 1.0, "congestion_level": "free_flow", "color": "rgb(43,200,43)", "road_pixel_count": 522}}, {"type": "Feature", "geometry": {"type": "Polygon", "coordinates": [[[49.973392068823344, 26.554208008796593], [49.973392068823344, 26.556453786734068], [49.971217345905316, 26.55757667570281], [49.969042622987295, 26.556453786734068], [49.969042622987295, 26.554208008796593], [49.971217345905316, 26.553085119827852], [49.973392068823344, 26.554208008796593]]]}, "properties": {"congestion_score": 1.0, "congestion_level": "free_flow", "color": "rgb(43,200,43)", "road_pixel_count": 59}}, {"type": "Feature", "geometry": {"type": "Polygon", "coordinates": [[[49.97774151465939, 26.554208008796593], [49.97774151465939, 26.556453786734068], [49.97556679174137, 26.55757667570281], [49.973392068823344, 26.556453786734068], [49.973392068823344, 26.554208008796593], [49.97556679174137, 26.553085119827852], [49.97774151465939, 26.554208008796593]]]}, "properties": {"congestion_score": 1.0, "congestion_level": "free_flow", "color": "rgb(43,200,43)", "road_pixel_count": 867}}, {"type": "Feature", "geometry": {"type": "Polygon", "coordinates": [[[49.986440406331496, 26.554208008796593], [49.986440406331496, 26.556453786734068], [49.98426568341347, 26.55757667570281], [49.98209096049544, 26.556453786734068], [49.98209096049544, 26.554208008796593], [49.98426568341347, 26.553085119827852], [49.986440406331496, 26.554208008796593]]]}, "properties": {"congestion_score": 1.0, "congestion_level": "free_flow", "color": "rgb(43,200,43)", "road_pixel_count": 1122}}, {"type": "Feature", "geometry": {"type": "Polygon", "coordinates": [[[49.990789852167545, 26.554208008796593], [49.990789852167545, 26.556453786734068], [49.98861512924952, 26.55757667570281], [49.986440406331496, 26.556453786734068], [49.986440406331496, 26.554208008796593], [49.98861512924952, 26.553085119827852], [49.990789852167545, 26.554208008796593]]]}, "properties": {"congestion_score": 1.0, "congestion_level": "free_flow", "color": "rgb(43,200,43)", "road_pixel_count": 3}}, {"type": "Feature", "geometry": {"type": "Polygon", "coordinates": [[[49.99513929800359, 26.554208008796593], [49.99513929800359, 26.556453786734068], [49.992964575085566, 26.55757667570281], [49.990789852167545, 26.556453786734068], [49.990789852167545, 26.554208008796593], [49.992964575085566, 26.553085119827852], [49.99513929800359, 26.554208008796593]]]}, "properties": {"congestion_score": 1.0, "congestion_level": "free_flow", "color": "rgb(43,200,43)", "road_pixel_count": 1203}}, {"type": "Feature", "geometry": {"type": "Polygon", "coordinates": [[[49.99948874383964, 26.554208008796593], [49.99948874383964, 26.556453786734068], [49.99731402092162, 26.55757667570281], [49.99513929800359, 26.556453786734068], [49.99513929800359, 26.554208008796593], [49.99731402092162, 26.553085119827852], [49.99948874383964, 26.554208008796593]]]}, "properties": {"congestion_score": 0.978, "congestion_level": "free_flow", "color": "rgb(43,200,43)", "road_pixel_count": 1294}}, {"type": "Feature", "geometry": {"type": "Polygon", "coordinates": [[[50.00383818967569, 26.554208008796593], [50.00383818967569, 26.556453786734068], [50.00166346675767, 26.55757667570281], [49.99948874383964, 26.556453786734068], [49.99948874383964, 26.554208008796593], [50.00166346675767, 26.553085119827852], [50.00383818967569, 26.554208008796593]]]}, "properties": {"congestion_score": 0.989, "congestion_level": "free_flow", "color": "rgb(43,200,43)", "road_pixel_count": 1272}}, {"type": "Feature", "geometry": {"type": "Polygon", "coordinates": [[[50.008187635511746, 26.554208008796593], [50.008187635511746, 26.556453786734068], [50.00601291259372, 26.55757667570281], [50.00383818967569, 26.556453786734068], [50.00383818967569, 26.554208008796593], [50.00601291259372, 26.553085119827852], [50.008187635511746, 26.554208008796593]]]}, "properties": {"congestion_score": 0.937, "congestion_level": "light_congestion", "color": "rgb(255,255,55)", "road_pixel_count": 1550}}, {"type": "Feature", "geometry": {"type": "Polygon", "coordinates": [[[50.012537081347794, 26.554208008796593], [50.012537081347794, 26.556453786734068], [50.01036235842977, 26.55757667570281], [50.008187635511746, 26.556453786734068], [50.008187635511746, 26.554208008796593], [50.01036235842977, 26.553085119827852], [50.012537081347794, 26.554208008796593]]]}, "properties": {"congestion_score": 0.978, "congestion_level": "free_flow", "color": "rgb(43,200,43)", "road_pixel_count": 1905}}, {"type": "Feature", "geometry": {"type": "Polygon", "coordinates": [[[50.01688652718384, 26.554208008796593], [50.01688652718384, 26.556453786734068], [50.014711804265815, 26.55757667570281], [50.012537081347794, 26.556453786734068], [50.012537081347794, 26.554208008796593], [50.014711804265815, 26.553085119827852], [50.01688652718384, 26.554208008796593]]]}, "properties": {"congestion_score": 0.886, "congestion_level": "light_congestion", "color": "rgb(255,255,55)", "road_pixel_count": 1413}}, {"type": "Feature", "geometry": {"type": "Polygon", "coordinates": [[[50.02123597301989, 26.554208008796593], [50.02123597301989, 26.556453786734068], [50.01906125010187, 26.55757667570281], [50.01688652718384, 26.556453786734068], [50.01688652718384, 26.554208008796593], [50.01906125010187, 26.553085119827852], [50.02123597301989, 26.554208008796593]]]}, "properties": {"congestion_score": 0.534, "congestion_level": "heavy_traffic", "color": "rgb(255,35,35)", "road_pixel_count": 757}}, {"type": "Feature", "geometry": {"type": "Polygon", "coordinates": [[[50.02558541885594, 26.554208008796593], [50.02558541885594, 26.556453786734068], [50.02341069593792, 26.55757667570281], [50.02123597301989, 26.556453786734068], [50.02123597301989, 26.554208008796593], [50.02341069593792, 26.553085119827852], [50.02558541885594, 26.554208008796593]]]}, "properties": {"congestion_score": 0.791, "congestion_level": "light_congestion", "color": "rgb(255,255,55)", "road_pixel_count": 1460}}, {"type": "Feature", "geometry": {"type": "Polygon", "coordinates": [[[50.02993486469199, 26.554208008796593], [50.02993486469199, 26.556453786734068], [50.02776014177397, 26.55757667570281], [50.02558541885594, 26.556453786734068], [50.02558541885594, 26.554208008796593], [50.02776014177397, 26.553085119827852], [50.02993486469199, 26.554208008796593]]]}, "properties": {"congestion_score": 0.837, "congestion_level": "light_congestion", "color": "rgb(255,255,55)", "road_pixel_count": 1286}}, {"type": "Feature", "geometry": {"type": "Polygon", "coordinates": [[[50.034284310528044, 26.554208008796593], [50.034284310528044, 26.556453786734068], [50.032109587610016, 26.55757667570281], [50.02993486469199, 26.556453786734068], [50.02993486469199, 26.554208008796593], [50.032109587610016, 26.553085119827852], [50.034284310528044, 26.554208008796593]]]}, "properties": {"congestion_score": 0.991, "congestion_level": "free_flow", "color": "rgb(43,200,43)", "road_pixel_count": 1283}}, {"type": "Feature", "geometry": {"type": "Polygon", "coordinates": [[[50.03863375636409, 26.554208008796593], [50.03863375636409, 26.556453786734068], [50.036459033446064, 26.55757667570281], [50.034284310528044, 26.556453786734068], [50.034284310528044, 26.554208008796593], [50.036459033446064, 26.553085119827852], [50.03863375636409, 26.554208008796593]]]}, "properties": {"congestion_score": 0.995, "congestion_level": "free_flow", "color": "rgb(43,200,43)", "road_pixel_count": 1563}}, {"type": "Feature", "geometry": {"type": "Polygon", "coordinates": [[[50.04298320220014, 26.554208008796593], [50.04298320220014, 26.556453786734068], [50.04080847928211, 26.55757667570281], [50.03863375636409, 26.556453786734068], [50.03863375636409, 26.554208008796593], [50.04080847928211, 26.553085119827852], [50.04298320220014, 26.554208008796593]]]}, "properties": {"congestion_score": 0.989, "congestion_level": "free_flow", "color": "rgb(43,200,43)", "road_pixel_count": 837}}, {"type": "Feature", "geometry": {"type": "Polygon", "coordinates": [[[50.04733264803619, 26.554208008796593], [50.04733264803619, 26.556453786734068], [50.04515792511817, 26.55757667570281], [50.04298320220014, 26.556453786734068], [50.04298320220014, 26.554208008796593], [50.04515792511817, 26.553085119827852], [50.04733264803619, 26.554208008796593]]]}, "properties": {"congestion_score": 0.98, "congestion_level": "free_flow", "color": "rgb(43,200,43)", "road_pixel_count": 487}}, {"type": "Feature", "geometry": {"type": "Polygon", "coordinates": [[[50.05168209387224, 26.554208008796593], [50.05168209387224, 26.556453786734068], [50.04950737095422, 26.55757667570281], [50.04733264803619, 26.556453786734068], [50.04733264803619, 26.554208008796593], [50.04950737095422, 26.553085119827852], [50.05168209387224, 26.554208008796593]]]}, "properties": {"congestion_score": 1.0, "congestion_level": "free_flow", "color": "rgb(43,200,43)", "road_pixel_count": 115}}, {"type": "Feature", "geometry": {"type": "Polygon", "coordinates": [[[50.05603153970829, 26.554208008796593], [50.05603153970829, 26.556453786734068], [50.053856816790265, 26.55757667570281], [50.05168209387224, 26.556453786734068], [50.05168209387224, 26.554208008796593], [50.053856816790265, 26.553085119827852], [50.05603153970829, 26.554208008796593]]]}, "properties": {"congestion_score": 1.0, "congestion_level": "free_flow", "color": "rgb(43,200,43)", "road_pixel_count": 757}}, {"type": "Feature", "geometry": {"type": "Polygon", "coordinates": [[[50.06907987721644, 26.554208008796593], [50.06907987721644, 26.556453786734068], [50.06690515429842, 26.55757667570281], [50.06473043138039, 26.556453786734068], [50.06473043138039, 26.554208008796593], [50.06690515429842, 26.553085119827852], [50.06907987721644, 26.554208008796593]]]}, "properties": {"congestion_score": 1.0, "congestion_level": "free_flow", "color": "rgb(43,200,43)", "road_pixel_count": 855}}, {"type": "Feature", "geometry": {"type": "Polygon", "coordinates": [[[50.07342932305249, 26.554208008796593], [50.07342932305249, 26.556453786734068], [50.071254600134466, 26.55757667570281], [50.06907987721644, 26.556453786734068], [50.06907987721644, 26.554208008796593], [50.071254600134466, 26.553085119827852], [50.07342932305249, 26.554208008796593]]]}, "properties": {"congestion_score": 1.0, "congestion_level": "free_flow", "color": "rgb(43,200,43)", "road_pixel_count": 1469}}, {"type": "Feature", "geometry": {"type": "Polygon", "coordinates": [[[50.07777876888854, 26.554208008796593], [50.07777876888854, 26.556453786734068], [50.075604045970515, 26.55757667570281], [50.07342932305249, 26.556453786734068], [50.07342932305249, 26.554208008796593], [50.075604045970515, 26.553085119827852], [50.07777876888854, 26.554208008796593]]]}, "properties": {"congestion_score": 1.0, "congestion_level": "free_flow", "color": "rgb(43,200,43)", "road_pixel_count": 35}}, {"type": "Feature", "geometry": {"type": "Polygon", "coordinates": [[[50.08212821472459, 26.554208008796593], [50.08212821472459, 26.556453786734068], [50.07995349180656, 26.55757667570281], [50.07777876888854, 26.556453786734068], [50.07777876888854, 26.554208008796593], [50.07995349180656, 26.553085119827852], [50.08212821472459, 26.554208008796593]]]}, "properties": {"congestion_score": 1.0, "congestion_level": "free_flow", "color": "rgb(43,200,43)", "road_pixel_count": 1074}}, {"type": "Feature", "geometry": {"type": "Polygon", "coordinates": [[[50.08647766056064, 26.554208008796593], [50.08647766056064, 26.556453786734068], [50.08430293764261, 26.55757667570281], [50.08212821472459, 26.556453786734068], [50.08212821472459, 26.554208008796593], [50.08430293764261, 26.553085119827852], [50.08647766056064, 26.554208008796593]]]}, "properties": {"congestion_score": 1.0, "congestion_level": "free_flow", "color": "rgb(43,200,43)", "road_pixel_count": 68}}, {"type": "Feature", "geometry": {"type": "Polygon", "coordinates": [[[49.87987898334828, 26.55757667570281], [49.87987898334828, 26.559822453640287], [49.87770426043025, 26.560945342609024], [49.87552953751222, 26.559822453640287], [49.87552953751222, 26.55757667570281], [49.87770426043025, 26.556453786734068], [49.87987898334828, 26.55757667570281]]]}, "properties": {"congestion_score": 1.0, "congestion_level": "free_flow", "color": "rgb(43,200,43)", "road_pixel_count": 1843}}, {"type": "Feature", "geometry": {"type": "Polygon", "coordinates": [[[49.884228429184326, 26.55757667570281], [49.884228429184326, 26.559822453640287], [49.8820537062663, 26.560945342609024], [49.87987898334828, 26.559822453640287], [49.87987898334828, 26.55757667570281], [49.8820537062663, 26.556453786734068], [49.884228429184326, 26.55757667570281]]]}, "properties": {"congestion_score": 1.0, "congestion_level": "free_flow", "color": "rgb(43,200,43)", "road_pixel_count": 86}}, {"type": "Feature", "geometry": {"type": "Polygon", "coordinates": [[[49.89292732085642, 26.55757667570281], [49.89292732085642, 26.559822453640287], [49.890752597938395, 26.560945342609024], [49.888577875020374, 26.559822453640287], [49.888577875020374, 26.55757667570281], [49.890752597938395, 26.556453786734068], [49.89292732085642, 26.55757667570281]]]}, "properties": {"congestion_score": 0.005, "congestion_level": "complete_congestion", "color": "rgb(119,119,119)", "road_pixel_count": 1227}}, {"type": "Feature", "geometry": {"type": "Polygon", "coordinates": [[[49.89727676669247, 26.55757667570281], [49.89727676669247, 26.559822453640287], [49.89510204377445, 26.560945342609024], [49.89292732085642, 26.559822453640287], [49.89292732085642, 26.55757667570281], [49.89510204377445, 26.556453786734068], [49.89727676669247, 26.55757667570281]]]}, "properties": {"congestion_score": 0.005, "congestion_level": "complete_congestion", "color": "rgb(119,119,119)", "road_pixel_count": 507}}, {"type": "Feature", "geometry": {"type": "Polygon", "coordinates": [[[49.90162621252852, 26.55757667570281], [49.90162621252852, 26.559822453640287], [49.8994514896105, 26.560945342609024], [49.89727676669247, 26.559822453640287], [49.89727676669247, 26.55757667570281], [49.8994514896105, 26.556453786734068], [49.90162621252852, 26.55757667570281]]]}, "properties": {"congestion_score": 1.0, "congestion_level": "free_flow", "color": "rgb(43,200,43)", "road_pixel_count": 494}}, {"type": "Feature", "geometry": {"type": "Polygon", "coordinates": [[[49.905975658364575, 26.55757667570281], [49.905975658364575, 26.559822453640287], [49.90380093544655, 26.560945342609024], [49.90162621252852, 26.559822453640287], [49.90162621252852, 26.55757667570281], [49.90380093544655, 26.556453786734068], [49.905975658364575, 26.55757667570281]]]}, "properties": {"congestion_score": 1.0, "congestion_level": "free_flow", "color": "rgb(43,200,43)", "road_pixel_count": 1509}}, {"type": "Feature", "geometry": {"type": "Polygon", "coordinates": [[[49.91032510420062, 26.55757667570281], [49.91032510420062, 26.559822453640287], [49.908150381282596, 26.560945342609024], [49.905975658364575, 26.559822453640287], [49.905975658364575, 26.55757667570281], [49.908150381282596, 26.556453786734068], [49.91032510420062, 26.55757667570281]]]}, "properties": {"congestion_score": 1.0, "congestion_level": "free_flow", "color": "rgb(43,200,43)", "road_pixel_count": 1392}}, {"type": "Feature", "geometry": {"type": "Polygon", "coordinates": [[[49.91467455003667, 26.55757667570281], [49.91467455003667, 26.559822453640287], [49.912499827118644, 26.560945342609024], [49.91032510420062, 26.559822453640287], [49.91032510420062, 26.55757667570281], [49.912499827118644, 26.556453786734068], [49.91467455003667, 26.55757667570281]]]}, "properties": {"congestion_score": 1.0, "congestion_level": "free_flow", "color": "rgb(43,200,43)", "road_pixel_count": 365}}, {"type": "Feature", "geometry": {"type": "Polygon", "coordinates": [[[49.95381956256112, 26.55757667570281], [49.95381956256112, 26.559822453640287], [49.951644839643095, 26.560945342609024], [49.949470116725074, 26.559822453640287], [49.949470116725074, 26.55757667570281], [49.951644839643095, 26.556453786734068], [49.95381956256112, 26.55757667570281]]]}, "properties": {"congestion_score": 0.964, "congestion_level": "free_flow", "color": "rgb(43,200,43)", "road_pixel_count": 2651}}, {"type": "Feature", "geometry": {"type": "Polygon", "coordinates": [[[49.95816900839717, 26.55757667570281], [49.95816900839717, 26.559822453640287], [49.95599428547914, 26.560945342609024], [49.95381956256112, 26.559822453640287], [49.95381956256112, 26.55757667570281], [49.95599428547914, 26.556453786734068], [49.95816900839717, 26.55757667570281]]]}, "properties": {"congestion_score": 0.992, "congestion_level": "free_flow", "color": "rgb(43,200,43)", "road_pixel_count": 2894}}, {"type": "Feature", "geometry": {"type": "Polygon", "coordinates": [[[49.96251845423322, 26.55757667570281], [49.96251845423322, 26.559822453640287], [49.96034373131519, 26.560945342609024], [49.95816900839717, 26.559822453640287], [49.95816900839717, 26.55757667570281], [49.96034373131519, 26.556453786734068], [49.96251845423322, 26.55757667570281]]]}, "properties": {"congestion_score": 1.0, "congestion_level": "free_flow", "color": "rgb(43,200,43)", "road_pixel_count": 1445}}, {"type": "Feature", "geometry": {"type": "Polygon", "coordinates": [[[49.96686790006927, 26.55757667570281], [49.96686790006927, 26.559822453640287], [49.96469317715125, 26.560945342609024], [49.96251845423322, 26.559822453640287], [49.96251845423322, 26.55757667570281], [49.96469317715125, 26.556453786734068], [49.96686790006927, 26.55757667570281]]]}, "properties": {"congestion_score": 1.0, "congestion_level": "free_flow", "color": "rgb(43,200,43)", "road_pixel_count": 1185}}, {"type": "Feature", "geometry": {"type": "Polygon", "coordinates": [[[49.97556679174137, 26.55757667570281], [49.97556679174137, 26.559822453640287], [49.973392068823344, 26.560945342609024], [49.971217345905316, 26.559822453640287], [49.971217345905316, 26.55757667570281], [49.973392068823344, 26.556453786734068], [49.97556679174137, 26.55757667570281]]]}, "properties": {"congestion_score": 1.0, "congestion_level": "free_flow", "color": "rgb(43,200,43)", "road_pixel_count": 1204}}, {"type": "Feature", "geometry": {"type": "Polygon", "coordinates": [[[49.97991623757742, 26.55757667570281], [49.97991623757742, 26.559822453640287], [49.97774151465939, 26.560945342609024], [49.97556679174137, 26.559822453640287], [49.97556679174137, 26.55757667570281], [49.97774151465939, 26.556453786734068], [49.97991623757742, 26.55757667570281]]]}, "properties": {"congestion_score": 1.0, "congestion_level": "free_flow", "color": "rgb(43,200,43)", "road_pixel_count": 243}}, {"type": "Feature", "geometry": {"type": "Polygon", "coordinates": [[[49.98426568341347, 26.55757667570281], [49.98426568341347, 26.559822453640287], [49.98209096049544, 26.560945342609024], [49.97991623757742, 26.559822453640287], [49.97991623757742, 26.55757667570281], [49.98209096049544, 26.556453786734068], [49.98426568341347, 26.55757667570281]]]}, "properties": {"congestion_score": 1.0, "congestion_level": "free_flow", "color": "rgb(43,200,43)", "road_pixel_count": 1119}}, {"type": "Feature", "geometry": {"type": "Polygon", "coordinates": [[[49.992964575085566, 26.55757667570281], [49.992964575085566, 26.559822453640287], [49.990789852167545, 26.560945342609024], [49.98861512924952, 26.559822453640287], [49.98861512924952, 26.55757667570281], [49.990789852167545, 26.556453786734068], [49.992964575085566, 26.55757667570281]]]}, "properties": {"congestion_score": 1.0, "congestion_level": "free_flow", "color": "rgb(43,200,43)", "road_pixel_count": 1166}}, {"type": "Feature", "geometry": {"type": "Polygon", "coordinates": [[[50.00166346675767, 26.55757667570281], [50.00166346675767, 26.559822453640287], [49.99948874383964, 26.560945342609024], [49.99731402092162, 26.559822453640287], [49.99731402092162, 26.55757667570281], [49.99948874383964, 26.556453786734068], [50.00166346675767, 26.55757667570281]]]}, "properties": {"congestion_score": 0.962, "congestion_level": "free_flow", "color": "rgb(43,200,43)", "road_pixel_count": 1786}}, {"type": "Feature", "geometry": {"type": "Polygon", "coordinates": [[[50.00601291259372, 26.55757667570281], [50.00601291259372, 26.559822453640287], [50.00383818967569, 26.560945342609024], [50.00166346675767, 26.559822453640287], [50.00166346675767, 26.55757667570281], [50.00383818967569, 26.556453786734068], [50.00601291259372, 26.55757667570281]]]}, "properties": {"congestion_score": 0.907, "congestion_level": "light_congestion", "color": "rgb(255,255,55)", "road_pixel_count": 1865}}, {"type": "Feature", "geometry": {"type": "Polygon", "coordinates": [[[50.01036235842977, 26.55757667570281], [50.01036235842977, 26.559822453640287], [50.008187635511746, 26.560945342609024], [50.00601291259372, 26.559822453640287], [50.00601291259372, 26.55757667570281], [50.008187635511746, 26.556453786734068], [50.01036235842977, 26.55757667570281]]]}, "properties": {"congestion_score": 1.0, "congestion_level": "free_flow", "color": "rgb(43,200,43)", "road_pixel_count": 2151}}, {"type": "Feature", "geometry": {"type": "Polygon", "coordinates": [[[50.014711804265815, 26.55757667570281], [50.014711804265815, 26.559822453640287], [50.012537081347794, 26.560945342609024], [50.01036235842977, 26.559822453640287], [50.01036235842977, 26.55757667570281], [50.012537081347794, 26.556453786734068], [50.014711804265815, 26.55757667570281]]]}, "properties": {"congestion_score": 0.891, "congestion_level": "light_congestion", "color": "rgb(255,255,55)", "road_pixel_count": 1265}}, {"type": "Feature", "geometry": {"type": "Polygon", "coordinates": [[[50.01906125010187, 26.55757667570281], [50.01906125010187, 26.559822453640287], [50.01688652718384, 26.560945342609024], [50.014711804265815, 26.559822453640287], [50.014711804265815, 26.55757667570281], [50.01688652718384, 26.556453786734068], [50.01906125010187, 26.55757667570281]]]}, "properties": {"congestion_score": 0.649, "congestion_level": "heavy_traffic", "color": "rgb(255,35,35)", "road_pixel_count": 435}}, {"type": "Feature", "geometry": {"type": "Polygon", "coordinates": [[[50.02341069593792, 26.55757667570281], [50.02341069593792, 26.559822453640287], [50.02123597301989, 26.560945342609024], [50.01906125010187, 26.559822453640287], [50.01906125010187, 26.55757667570281], [50.02123597301989, 26.556453786734068], [50.02341069593792, 26.55757667570281]]]}, "properties": {"congestion_score": 0.926, "congestion_level": "light_congestion", "color": "rgb(255,255,55)", "road_pixel_count": 2158}}, {"type": "Feature", "geometry": {"type": "Polygon", "coordinates": [[[50.036459033446064, 26.55757667570281], [50.036459033446064, 26.559822453640287], [50.034284310528044, 26.560945342609024], [50.032109587610016, 26.559822453640287], [50.032109587610016, 26.55757667570281], [50.034284310528044, 26.556453786734068], [50.036459033446064, 26.55757667570281]]]}, "properties": {"congestion_score": 0.991, "congestion_level": "free_flow", "color": "rgb(43,200,43)", "road_pixel_count": 227}}, {"type": "Feature", "geometry": {"type": "Polygon", "coordinates": [[[50.04080847928211, 26.55757667570281], [50.04080847928211, 26.559822453640287], [50.03863375636409, 26.560945342609024], [50.036459033446064, 26.559822453640287], [50.036459033446064, 26.55757667570281], [50.03863375636409, 26.556453786734068], [50.04080847928211, 26.55757667570281]]]}, "properties": {"congestion_score": 0.997, "congestion_level": "free_flow", "color": "rgb(43,200,43)", "road_pixel_count": 1154}}, {"type": "Feature", "geometry": {"type": "Polygon", "coordinates": [[[50.04515792511817, 26.55757667570281], [50.04515792511817, 26.559822453640287], [50.04298320220014, 26.560945342609024], [50.04080847928211, 26.559822453640287], [50.04080847928211, 26.55757667570281], [50.04298320220014, 26.556453786734068], [50.04515792511817, 26.55757667570281]]]}, "properties": {"congestion_score": 0.987, "congestion_level": "free_flow", "color": "rgb(43,200,43)", "road_pixel_count": 811}}, {"type": "Feature", "geometry": {"type": "Polygon", "coordinates": [[[50.04950737095422, 26.55757667570281], [50.04950737095422, 26.559822453640287], [50.04733264803619, 26.560945342609024], [50.04515792511817, 26.559822453640287], [50.04515792511817, 26.55757667570281], [50.04733264803619, 26.556453786734068], [50.04950737095422, 26.55757667570281]]]}, "properties": {"congestion_score": 0.99, "congestion_level": "free_flow", "color": "rgb(43,200,43)", "road_pixel_count": 1605}}, {"type": "Feature", "geometry": {"type": "Polygon", "coordinates": [[[50.053856816790265, 26.55757667570281], [50.053856816790265, 26.559822453640287], [50.05168209387224, 26.560945342609024], [50.04950737095422, 26.559822453640287], [50.04950737095422, 26.55757667570281], [50.05168209387224, 26.556453786734068], [50.053856816790265, 26.55757667570281]]]}, "properties": {"congestion_score": 0.988, "congestion_level": "free_flow", "color": "rgb(43,200,43)", "road_pixel_count": 1476}}, {"type": "Feature", "geometry": {"type": "Polygon", "coordinates": [[[50.058206262626314, 26.55757667570281], [50.058206262626314, 26.559822453640287], [50.05603153970829, 26.560945342609024], [50.053856816790265, 26.559822453640287], [50.053856816790265, 26.55757667570281], [50.05603153970829, 26.556453786734068], [50.058206262626314, 26.55757667570281]]]}, "properties": {"congestion_score": 0.999, "congestion_level": "free_flow", "color": "rgb(43,200,43)", "road_pixel_count": 1571}}, {"type": "Feature", "geometry": {"type": "Polygon", "coordinates": [[[50.06255570846236, 26.55757667570281], [50.06255570846236, 26.559822453640287], [50.06038098554434, 26.560945342609024], [50.058206262626314, 26.559822453640287], [50.058206262626314, 26.55757667570281], [50.06038098554434, 26.556453786734068], [50.06255570846236, 26.55757667570281]]]}, "properties": {"congestion_score": 1.0, "congestion_level": "free_flow", "color": "rgb(43,200,43)", "road_pixel_count": 1368}}, {"type": "Feature", "geometry": {"type": "Polygon", "coordinates": [[[50.06690515429842, 26.55757667570281], [50.06690515429842, 26.559822453640287], [50.06473043138039, 26.560945342609024], [50.06255570846236, 26.559822453640287], [50.06255570846236, 26.55757667570281], [50.06473043138039, 26.556453786734068], [50.06690515429842, 26.55757667570281]]]}, "properties": {"congestion_score": 1.0, "congestion_level": "free_flow", "color": "rgb(43,200,43)", "road_pixel_count": 1151}}, {"type": "Feature", "geometry": {"type": "Polygon", "coordinates": [[[50.071254600134466, 26.55757667570281], [50.071254600134466, 26.559822453640287], [50.06907987721644, 26.560945342609024], [50.06690515429842, 26.559822453640287], [50.06690515429842, 26.55757667570281], [50.06907987721644, 26.556453786734068], [50.071254600134466, 26.55757667570281]]]}, "properties": {"congestion_score": 1.0, "congestion_level": "free_flow", "color": "rgb(43,200,43)", "road_pixel_count": 997}}, {"type": "Feature", "geometry": {"type": "Polygon", "coordinates": [[[50.075604045970515, 26.55757667570281], [50.075604045970515, 26.559822453640287], [50.07342932305249, 26.560945342609024], [50.071254600134466, 26.559822453640287], [50.071254600134466, 26.55757667570281], [50.07342932305249, 26.556453786734068], [50.075604045970515, 26.55757667570281]]]}, "properties": {"congestion_score": 0.995, "congestion_level": "free_flow", "color": "rgb(43,200,43)", "road_pixel_count": 1424}}, {"type": "Feature", "geometry": {"type": "Polygon", "coordinates": [[[50.07995349180656, 26.55757667570281], [50.07995349180656, 26.559822453640287], [50.07777876888854, 26.560945342609024], [50.075604045970515, 26.559822453640287], [50.075604045970515, 26.55757667570281], [50.07777876888854, 26.556453786734068], [50.07995349180656, 26.55757667570281]]]}, "properties": {"congestion_score": 0.964, "congestion_level": "free_flow", "color": "rgb(43,200,43)", "road_pixel_count": 1265}}, {"type": "Feature", "geometry": {"type": "Polygon", "coordinates": [[[50.08430293764261, 26.55757667570281], [50.08430293764261, 26.559822453640287], [50.08212821472459, 26.560945342609024], [50.07995349180656, 26.559822453640287], [50.07995349180656, 26.55757667570281], [50.08212821472459, 26.556453786734068], [50.08430293764261, 26.55757667570281]]]}, "properties": {"congestion_score": 1.0, "congestion_level": "free_flow", "color": "rgb(43,200,43)", "road_pixel_count": 1391}}, {"type": "Feature", "geometry": {"type": "Polygon", "coordinates": [[[50.08865238347867, 26.55757667570281], [50.08865238347867, 26.559822453640287], [50.08647766056064, 26.560945342609024], [50.08430293764261, 26.559822453640287], [50.08430293764261, 26.55757667570281], [50.08647766056064, 26.556453786734068], [50.08865238347867, 26.55757667570281]]]}, "properties": {"congestion_score": 1.0, "congestion_level": "free_flow", "color": "rgb(43,200,43)", "road_pixel_count": 6}}, {"type": "Feature", "geometry": {"type": "Polygon", "coordinates": [[[49.8733548145942, 26.560945342609024], [49.8733548145942, 26.563191120546502], [49.87118009167617, 26.56431400951524], [49.86900536875815, 26.563191120546502], [49.86900536875815, 26.560945342609024], [49.87118009167617, 26.559822453640287], [49.8733548145942, 26.560945342609024]]]}, "properties": {"congestion_score": 1.0, "congestion_level": "free_flow", "color": "rgb(43,200,43)", "road_pixel_count": 215}}, {"type": "Feature", "geometry": {"type": "Polygon", "coordinates": [[[49.87770426043025, 26.560945342609024], [49.87770426043025, 26.563191120546502], [49.87552953751222, 26.56431400951524], [49.8733548145942, 26.563191120546502], [49.8733548145942, 26.560945342609024], [49.87552953751222, 26.559822453640287], [49.87770426043025, 26.560945342609024]]]}, "properties": {"congestion_score": 1.0, "congestion_level": "free_flow", "color": "rgb(43,200,43)", "road_pixel_count": 1830}}, {"type": "Feature", "geometry": {"type": "Polygon", "coordinates": [[[49.886403152102346, 26.560945342609024], [49.886403152102346, 26.563191120546502], [49.884228429184326, 26.56431400951524], [49.8820537062663, 26.563191120546502], [49.8820537062663, 26.560945342609024], [49.884228429184326, 26.559822453640287], [49.886403152102346, 26.560945342609024]]]}, "properties": {"congestion_score": 0.005, "congestion_level": "complete_congestion", "color": "rgb(119,119,119)", "road_pixel_count": 234}}, {"type": "Feature", "geometry": {"type": "Polygon", "coordinates": [[[49.890752597938395, 26.560945342609024], [49.890752597938395, 26.563191120546502], [49.888577875020374, 26.56431400951524], [49.886403152102346, 26.563191120546502], [49.886403152102346, 26.560945342609024], [49.888577875020374, 26.559822453640287], [49.890752597938395, 26.560945342609024]]]}, "properties": {"congestion_score": 0.005, "congestion_level": "complete_congestion", "color": "rgb(119,119,119)", "road_pixel_count": 1304}}, {"type": "Feature", "geometry": {"type": "Polygon", "coordinates": [[[49.912499827118644, 26.560945342609024], [49.912499827118644, 26.563191120546502], [49.91032510420062, 26.56431400951524], [49.908150381282596, 26.563191120546502], [49.908150381282596, 26.560945342609024], [49.91032510420062, 26.559822453640287], [49.912499827118644, 26.560945342609024]]]}, "properties": {"congestion_score": 1.0, "congestion_level": "free_flow", "color": "rgb(43,200,43)", "road_pixel_count": 705}}, {"type": "Feature", "geometry": {"type": "Polygon", "coordinates": [[[49.9168492729547, 26.560945342609024], [49.9168492729547, 26.563191120546502], [49.91467455003667, 26.56431400951524], [49.912499827118644, 26.563191120546502], [49.912499827118644, 26.560945342609024], [49.91467455003667, 26.559822453640287], [49.9168492729547, 26.560945342609024]]]}, "properties": {"congestion_score": 1.0, "congestion_level": "free_flow", "color": "rgb(43,200,43)", "road_pixel_count": 1571}}, {"type": "Feature", "geometry": {"type": "Polygon", "coordinates": [[[49.92119871879075, 26.560945342609024], [49.92119871879075, 26.563191120546502], [49.91902399587272, 26.56431400951524], [49.9168492729547, 26.563191120546502], [49.9168492729547, 26.560945342609024], [49.91902399587272, 26.559822453640287], [49.92119871879075, 26.560945342609024]]]}, "properties": {"congestion_score": 1.0, "congestion_level": "free_flow", "color": "rgb(43,200,43)", "road_pixel_count": 295}}, {"type": "Feature", "geometry": {"type": "Polygon", "coordinates": [[[49.951644839643095, 26.560945342609024], [49.951644839643095, 26.563191120546502], [49.949470116725074, 26.56431400951524], [49.947295393807046, 26.563191120546502], [49.947295393807046, 26.560945342609024], [49.949470116725074, 26.559822453640287], [49.951644839643095, 26.560945342609024]]]}, "properties": {"congestion_score": 0.978, "congestion_level": "free_flow", "color": "rgb(43,200,43)", "road_pixel_count": 1086}}, {"type": "Feature", "geometry": {"type": "Polygon", "coordinates": [[[49.95599428547914, 26.560945342609024], [49.95599428547914, 26.563191120546502], [49.95381956256112, 26.56431400951524], [49.951644839643095, 26.563191120546502], [49.951644839643095, 26.560945342609024], [49.95381956256112, 26.559822453640287], [49.95599428547914, 26.560945342609024]]]}, "properties": {"congestion_score": 0.995, "congestion_level": "free_flow", "color": "rgb(43,200,43)", "road_pixel_count": 2123}}, {"type": "Feature", "geometry": {"type": "Polygon", "coordinates": [[[49.96034373131519, 26.560945342609024], [49.96034373131519, 26.563191120546502], [49.95816900839717, 26.56431400951524], [49.95599428547914, 26.563191120546502], [49.95599428547914, 26.560945342609024], [49.95816900839717, 26.559822453640287], [49.96034373131519, 26.560945342609024]]]}, "properties": {"congestion_score": 1.0, "congestion_level": "free_flow", "color": "rgb(43,200,43)", "road_pixel_count": 11}}, {"type": "Feature", "geometry": {"type": "Polygon", "coordinates": [[[49.969042622987295, 26.560945342609024], [49.969042622987295, 26.563191120546502], [49.96686790006927, 26.56431400951524], [49.96469317715125, 26.563191120546502], [49.96469317715125, 26.560945342609024], [49.96686790006927, 26.559822453640287], [49.969042622987295, 26.560945342609024]]]}, "properties": {"congestion_score": 0.917, "congestion_level": "light_congestion", "color": "rgb(255,255,55)", "road_pixel_count": 1285}}, {"type": "Feature", "geometry": {"type": "Polygon", "coordinates": [[[49.973392068823344, 26.560945342609024], [49.973392068823344, 26.563191120546502], [49.971217345905316, 26.56431400951524], [49.969042622987295, 26.563191120546502], [49.969042622987295, 26.560945342609024], [49.971217345905316, 26.559822453640287], [49.973392068823344, 26.560945342609024]]]}, "properties": {"congestion_score": 0.864, "congestion_level": "light_congestion", "color": "rgb(255,255,55)", "road_pixel_count": 1677}}, {"type": "Feature", "geometry": {"type": "Polygon", "coordinates": [[[49.97774151465939, 26.560945342609024], [49.97774151465939, 26.563191120546502], [49.97556679174137, 26.56431400951524], [49.973392068823344, 26.563191120546502], [49.973392068823344, 26.560945342609024], [49.97556679174137, 26.559822453640287], [49.97774151465939, 26.560945342609024]]]}, "properties": {"congestion_score": 0.95, "congestion_level": "light_congestion", "color": "rgb(255,255,55)", "road_pixel_count": 2062}}, {"type": "Feature", "geometry": {"type": "Polygon", "coordinates": [[[49.98209096049544, 26.560945342609024], [49.98209096049544, 26.563191120546502], [49.97991623757742, 26.56431400951524], [49.97774151465939, 26.563191120546502], [49.97774151465939, 26.560945342609024], [49.97991623757742, 26.559822453640287], [49.98209096049544, 26.560945342609024]]]}, "properties": {"congestion_score": 0.93, "congestion_level": "light_congestion", "color": "rgb(255,255,55)", "road_pixel_count": 1404}}, {"type": "Feature", "geometry": {"type": "Polygon", "coordinates": [[[49.986440406331496, 26.560945342609024], [49.986440406331496, 26.563191120546502], [49.98426568341347, 26.56431400951524], [49.98209096049544, 26.563191120546502], [49.98209096049544, 26.560945342609024], [49.98426568341347, 26.559822453640287], [49.986440406331496, 26.560945342609024]]]}, "properties": {"congestion_score": 0.995, "congestion_level": "free_flow", "color": "rgb(43,200,43)", "road_pixel_count": 1983}}, {"type": "Feature", "geometry": {"type": "Polygon", "coordinates": [[[49.990789852167545, 26.560945342609024], [49.990789852167545, 26.563191120546502], [49.98861512924952, 26.56431400951524], [49.986440406331496, 26.563191120546502], [49.986440406331496, 26.560945342609024], [49.98861512924952, 26.559822453640287], [49.990789852167545, 26.560945342609024]]]}, "properties": {"congestion_score": 0.999, "congestion_level": "free_flow", "color": "rgb(43,200,43)", "road_pixel_count": 2192}}, {"type": "Feature", "geometry": {"type": "Polygon", "coordinates": [[[49.99513929800359, 26.560945342609024], [49.99513929800359, 26.563191120546502], [49.992964575085566, 26.56431400951524], [49.990789852167545, 26.563191120546502], [49.990789852167545, 26.560945342609024], [49.992964575085566, 26.559822453640287], [49.99513929800359, 26.560945342609024]]]}, "properties": {"congestion_score": 0.998, "congestion_level": "free_flow", "color": "rgb(43,200,43)", "road_pixel_count": 1028}}, {"type": "Feature", "geometry": {"type": "Polygon", "coordinates": [[[49.99948874383964, 26.560945342609024], [49.99948874383964, 26.563191120546502], [49.99731402092162, 26.56431400951524], [49.99513929800359, 26.563191120546502], [49.99513929800359, 26.560945342609024], [49.99731402092162, 26.559822453640287], [49.99948874383964, 26.560945342609024]]]}, "properties": {"congestion_score": 0.98, "congestion_level": "free_flow", "color": "rgb(43,200,43)", "road_pixel_count": 2125}}, {"type": "Feature", "geometry": {"type": "Polygon", "coordinates": [[[50.00383818967569, 26.560945342609024], [50.00383818967569, 26.563191120546502], [50.00166346675767, 26.56431400951524], [49.99948874383964, 26.563191120546502], [49.99948874383964, 26.560945342609024], [50.00166346675767, 26.559822453640287], [50.00383818967569, 26.560945342609024]]]}, "properties": {"congestion_score": 0.843, "congestion_level": "light_congestion", "color": "rgb(255,255,55)", "road_pixel_count": 993}}, {"type": "Feature", "geometry": {"type": "Polygon", "coordinates": [[[50.008187635511746, 26.560945342609024], [50.008187635511746, 26.563191120546502], [50.00601291259372, 26.56431400951524], [50.00383818967569, 26.563191120546502], [50.00383818967569, 26.560945342609024], [50.00601291259372, 26.559822453640287], [50.008187635511746, 26.560945342609024]]]}, "properties": {"congestion_score": 0.936, "congestion_level": "light_congestion", "color": "rgb(255,255,55)", "road_pixel_count": 1162}}, {"type": "Feature", "geometry": {"type": "Polygon", "coordinates": [[[50.012537081347794, 26.560945342609024], [50.012537081347794, 26.563191120546502], [50.01036235842977, 26.56431400951524], [50.008187635511746, 26.563191120546502], [50.008187635511746, 26.560945342609024], [50.01036235842977, 26.559822453640287], [50.012537081347794, 26.560945342609024]]]}, "properties": {"congestion_score": 0.983, "congestion_level": "free_flow", "color": "rgb(43,200,43)", "road_pixel_count": 2232}}, {"type": "Feature", "geometry": {"type": "Polygon", "coordinates": [[[50.01688652718384, 26.560945342609024], [50.01688652718384, 26.563191120546502], [50.014711804265815, 26.56431400951524], [50.012537081347794, 26.563191120546502], [50.012537081347794, 26.560945342609024], [50.014711804265815, 26.559822453640287], [50.01688652718384, 26.560945342609024]]]}, "properties": {"congestion_score": 0.854, "congestion_level": "light_congestion", "color": "rgb(255,255,55)", "road_pixel_count": 2154}}, {"type": "Feature", "geometry": {"type": "Polygon", "coordinates": [[[50.02123597301989, 26.560945342609024], [50.02123597301989, 26.563191120546502], [50.01906125010187, 26.56431400951524], [50.01688652718384, 26.563191120546502], [50.01688652718384, 26.560945342609024], [50.01906125010187, 26.559822453640287], [50.02123597301989, 26.560945342609024]]]}, "properties": {"congestion_score": 0.864, "congestion_level": "light_congestion", "color": "rgb(255,255,55)", "road_pixel_count": 1222}}, {"type": "Feature", "geometry": {"type": "Polygon", "coordinates": [[[50.02558541885594, 26.560945342609024], [50.02558541885594, 26.563191120546502], [50.02341069593792, 26.56431400951524], [50.02123597301989, 26.563191120546502], [50.02123597301989, 26.560945342609024], [50.02341069593792, 26.559822453640287], [50.02558541885594, 26.560945342609024]]]}, "properties": {"congestion_score": 0.997, "congestion_level": "free_flow", "color": "rgb(43,200,43)", "road_pixel_count": 1222}}, {"type": "Feature", "geometry": {"type": "Polygon", "coordinates": [[[50.03863375636409, 26.560945342609024], [50.03863375636409, 26.563191120546502], [50.036459033446064, 26.56431400951524], [50.034284310528044, 26.563191120546502], [50.034284310528044, 26.560945342609024], [50.036459033446064, 26.559822453640287], [50.03863375636409, 26.560945342609024]]]}, "properties": {"congestion_score": 1.0, "congestion_level": "free_flow", "color": "rgb(43,200,43)", "road_pixel_count": 1220}}, {"type": "Feature", "geometry": {"type": "Polygon", "coordinates": [[[50.04733264803619, 26.560945342609024], [50.04733264803619, 26.563191120546502], [50.04515792511817, 26.56431400951524], [50.04298320220014, 26.563191120546502], [50.04298320220014, 26.560945342609024], [50.04515792511817, 26.559822453640287], [50.04733264803619, 26.560945342609024]]]}, "properties": {"congestion_score": 1.0, "congestion_level": "free_flow", "color": "rgb(43,200,43)", "road_pixel_count": 1463}}, {"type": "Feature", "geometry": {"type": "Polygon", "coordinates": [[[50.05168209387224, 26.560945342609024], [50.05168209387224, 26.563191120546502], [50.04950737095422, 26.56431400951524], [50.04733264803619, 26.563191120546502], [50.04733264803619, 26.560945342609024], [50.04950737095422, 26.559822453640287], [50.05168209387224, 26.560945342609024]]]}, "properties": {"congestion_score": 1.0, "congestion_level": "free_flow", "color": "rgb(43,200,43)", "road_pixel_count": 525}}, {"type": "Feature", "geometry": {"type": "Polygon", "coordinates": [[[50.05603153970829, 26.560945342609024], [50.05603153970829, 26.563191120546502], [50.053856816790265, 26.56431400951524], [50.05168209387224, 26.563191120546502], [50.05168209387224, 26.560945342609024], [50.053856816790265, 26.559822453640287], [50.05603153970829, 26.560945342609024]]]}, "properties": {"congestion_score": 0.995, "congestion_level": "free_flow", "color": "rgb(43,200,43)", "road_pixel_count": 1561}}, {"type": "Feature", "geometry": {"type": "Polygon", "coordinates": [[[50.06038098554434, 26.560945342609024], [50.06038098554434, 26.563191120546502], [50.058206262626314, 26.56431400951524], [50.05603153970829, 26.563191120546502], [50.05603153970829, 26.560945342609024], [50.058206262626314, 26.559822453640287], [50.06038098554434, 26.560945342609024]]]}, "properties": {"congestion_score": 1.0, "congestion_level": "free_flow", "color": "rgb(43,200,43)", "road_pixel_count": 531}}, {"type": "Feature", "geometry": {"type": "Polygon", "coordinates": [[[50.06907987721644, 26.560945342609024], [50.06907987721644, 26.563191120546502], [50.06690515429842, 26.56431400951524], [50.06473043138039, 26.563191120546502], [50.06473043138039, 26.560945342609024], [50.06690515429842, 26.559822453640287], [50.06907987721644, 26.560945342609024]]]}, "properties": {"congestion_score": 1.0, "congestion_level": "free_flow", "color": "rgb(43,200,43)", "road_pixel_count": 268}}, {"type": "Feature", "geometry": {"type": "Polygon", "coordinates": [[[50.07342932305249, 26.560945342609024], [50.07342932305249, 26.563191120546502], [50.071254600134466, 26.56431400951524], [50.06907987721644, 26.563191120546502], [50.06907987721644, 26.560945342609024], [50.071254600134466, 26.559822453640287], [50.07342932305249, 26.560945342609024]]]}, "properties": {"congestion_score": 1.0, "congestion_level": "free_flow", "color": "rgb(43,200,43)", "road_pixel_count": 735}}, {"type": "Feature", "geometry": {"type": "Polygon", "coordinates": [[[50.08212821472459, 26.560945342609024], [50.08212821472459, 26.563191120546502], [50.07995349180656, 26.56431400951524], [50.07777876888854, 26.563191120546502], [50.07777876888854, 26.560945342609024], [50.07995349180656, 26.559822453640287], [50.08212821472459, 26.560945342609024]]]}, "properties": {"congestion_score": 0.954, "congestion_level": "free_flow", "color": "rgb(43,200,43)", "road_pixel_count": 1609}}, {"type": "Feature", "geometry": {"type": "Polygon", "coordinates": [[[50.08647766056064, 26.560945342609024], [50.08647766056064, 26.563191120546502], [50.08430293764261, 26.56431400951524], [50.08212821472459, 26.563191120546502], [50.08212821472459, 26.560945342609024], [50.08430293764261, 26.559822453640287], [50.08647766056064, 26.560945342609024]]]}, "properties": {"congestion_score": 0.997, "congestion_level": "free_flow", "color": "rgb(43,200,43)", "road_pixel_count": 1704}}, {"type": "Feature", "geometry": {"type": "Polygon", "coordinates": [[[50.09082710639669, 26.560945342609024], [50.09082710639669, 26.563191120546502], [50.08865238347867, 26.56431400951524], [50.08647766056064, 26.563191120546502], [50.08647766056064, 26.560945342609024], [50.08865238347867, 26.559822453640287], [50.09082710639669, 26.560945342609024]]]}, "properties": {"congestion_score": 1.0, "congestion_level": "free_flow", "color": "rgb(43,200,43)", "road_pixel_count": 417}}, {"type": "Feature", "geometry": {"type": "Polygon", "coordinates": [[[49.87118009167617, 26.56431400951524], [49.87118009167617, 26.566559787452718], [49.86900536875815, 26.567682676421455], [49.866830645840125, 26.566559787452718], [49.866830645840125, 26.56431400951524], [49.86900536875815, 26.563191120546502], [49.87118009167617, 26.56431400951524]]]}, "properties": {"congestion_score": 1.0, "congestion_level": "free_flow", "color": "rgb(43,200,43)", "road_pixel_count": 1295}}, {"type": "Feature", "geometry": {"type": "Polygon", "coordinates": [[[49.87552953751222, 26.56431400951524], [49.87552953751222, 26.566559787452718], [49.8733548145942, 26.567682676421455], [49.87118009167617, 26.566559787452718], [49.87118009167617, 26.56431400951524], [49.8733548145942, 26.563191120546502], [49.87552953751222, 26.56431400951524]]]}, "properties": {"congestion_score": 1.0, "congestion_level": "free_flow", "color": "rgb(43,200,43)", "road_pixel_count": 1330}}, {"type": "Feature", "geometry": {"type": "Polygon", "coordinates": [[[49.884228429184326, 26.56431400951524], [49.884228429184326, 26.566559787452718], [49.8820537062663, 26.567682676421455], [49.87987898334828, 26.566559787452718], [49.87987898334828, 26.56431400951524], [49.8820537062663, 26.563191120546502], [49.884228429184326, 26.56431400951524]]]}, "properties": {"congestion_score": 0.005, "congestion_level": "complete_congestion", "color": "rgb(119,119,119)", "road_pixel_count": 1124}}, {"type": "Feature", "geometry": {"type": "Polygon", "coordinates": [[[49.888577875020374, 26.56431400951524], [49.888577875020374, 26.566559787452718], [49.886403152102346, 26.567682676421455], [49.884228429184326, 26.566559787452718], [49.884228429184326, 26.56431400951524], [49.886403152102346, 26.563191120546502], [49.888577875020374, 26.56431400951524]]]}, "properties": {"congestion_score": 0.005, "congestion_level": "complete_congestion", "color": "rgb(119,119,119)", "road_pixel_count": 743}}, {"type": "Feature", "geometry": {"type": "Polygon", "coordinates": [[[49.91902399587272, 26.56431400951524], [49.91902399587272, 26.566559787452718], [49.9168492729547, 26.567682676421455], [49.91467455003667, 26.566559787452718], [49.91467455003667, 26.56431400951524], [49.9168492729547, 26.563191120546502], [49.91902399587272, 26.56431400951524]]]}, "properties": {"congestion_score": 1.0, "congestion_level": "free_flow", "color": "rgb(43,200,43)", "road_pixel_count": 820}}, {"type": "Feature", "geometry": {"type": "Polygon", "coordinates": [[[49.92337344170877, 26.56431400951524], [49.92337344170877, 26.566559787452718], [49.92119871879075, 26.567682676421455], [49.91902399587272, 26.566559787452718], [49.91902399587272, 26.56431400951524], [49.92119871879075, 26.563191120546502], [49.92337344170877, 26.56431400951524]]]}, "properties": {"congestion_score": 1.0, "congestion_level": "free_flow", "color": "rgb(43,200,43)", "road_pixel_count": 1285}}, {"type": "Feature", "geometry": {"type": "Polygon", "coordinates": [[[49.94512067088902, 26.56431400951524], [49.94512067088902, 26.566559787452718], [49.942945947971, 26.567682676421455], [49.94077122505297, 26.566559787452718], [49.94077122505297, 26.56431400951524], [49.942945947971, 26.563191120546502], [49.94512067088902, 26.56431400951524]]]}, "properties": {"congestion_score": 1.0, "congestion_level": "free_flow", "color": "rgb(43,200,43)", "road_pixel_count": 324}}, {"type": "Feature", "geometry": {"type": "Polygon", "coordinates": [[[49.949470116725074, 26.56431400951524], [49.949470116725074, 26.566559787452718], [49.947295393807046, 26.567682676421455], [49.94512067088902, 26.566559787452718], [49.94512067088902, 26.56431400951524], [49.947295393807046, 26.563191120546502], [49.949470116725074, 26.56431400951524]]]}, "properties": {"congestion_score": 0.997, "congestion_level": "free_flow", "color": "rgb(43,200,43)", "road_pixel_count": 1056}}, {"type": "Feature", "geometry": {"type": "Polygon", "coordinates": [[[49.95381956256112, 26.56431400951524], [49.95381956256112, 26.566559787452718], [49.951644839643095, 26.567682676421455], [49.949470116725074, 26.566559787452718], [49.949470116725074, 26.56431400951524], [49.951644839643095, 26.563191120546502], [49.95381956256112, 26.56431400951524]]]}, "properties": {"congestion_score": 0.997, "congestion_level": "free_flow", "color": "rgb(43,200,43)", "road_pixel_count": 1856}}, {"type": "Feature", "geometry": {"type": "Polygon", "coordinates": [[[49.971217345905316, 26.56431400951524], [49.971217345905316, 26.566559787452718], [49.969042622987295, 26.567682676421455], [49.96686790006927, 26.566559787452718], [49.96686790006927, 26.56431400951524], [49.969042622987295, 26.563191120546502], [49.971217345905316, 26.56431400951524]]]}, "properties": {"congestion_score": 1.0, "congestion_level": "free_flow", "color": "rgb(43,200,43)", "road_pixel_count": 603}}, {"type": "Feature", "geometry": {"type": "Polygon", "coordinates": [[[49.97991623757742, 26.56431400951524], [49.97991623757742, 26.566559787452718], [49.97774151465939, 26.567682676421455], [49.97556679174137, 26.566559787452718], [49.97556679174137, 26.56431400951524], [49.97774151465939, 26.563191120546502], [49.97991623757742, 26.56431400951524]]]}, "properties": {"congestion_score": 0.948, "congestion_level": "light_congestion", "color": "rgb(255,255,55)", "road_pixel_count": 602}}, {"type": "Feature", "geometry": {"type": "Polygon", "coordinates": [[[49.98426568341347, 26.56431400951524], [49.98426568341347, 26.566559787452718], [49.98209096049544, 26.567682676421455], [49.97991623757742, 26.566559787452718], [49.97991623757742, 26.56431400951524], [49.98209096049544, 26.563191120546502], [49.98426568341347, 26.56431400951524]]]}, "properties": {"congestion_score": 0.962, "congestion_level": "free_flow", "color": "rgb(43,200,43)", "road_pixel_count": 1366}}, {"type": "Feature", "geometry": {"type": "Polygon", "coordinates": [[[49.98861512924952, 26.56431400951524], [49.98861512924952, 26.566559787452718], [49.986440406331496, 26.567682676421455], [49.98426568341347, 26.566559787452718], [49.98426568341347, 26.56431400951524], [49.986440406331496, 26.563191120546502], [49.98861512924952, 26.56431400951524]]]}, "properties": {"congestion_score": 0.969, "congestion_level": "free_flow", "color": "rgb(43,200,43)", "road_pixel_count": 1471}}, {"type": "Feature", "geometry": {"type": "Polygon", "coordinates": [[[49.992964575085566, 26.56431400951524], [49.992964575085566, 26.566559787452718], [49.990789852167545, 26.567682676421455], [49.98861512924952, 26.566559787452718], [49.98861512924952, 26.56431400951524], [49.990789852167545, 26.563191120546502], [49.992964575085566, 26.56431400951524]]]}, "properties": {"congestion_score": 0.995, "congestion_level": "free_flow", "color": "rgb(43,200,43)", "road_pixel_count": 1932}}, {"type": "Feature", "geometry": {"type": "Polygon", "coordinates": [[[49.99731402092162, 26.56431400951524], [49.99731402092162, 26.566559787452718], [49.99513929800359, 26.567682676421455], [49.992964575085566, 26.566559787452718], [49.992964575085566, 26.56431400951524], [49.99513929800359, 26.563191120546502], [49.99731402092162, 26.56431400951524]]]}, "properties": {"congestion_score": 0.962, "congestion_level": "free_flow", "color": "rgb(43,200,43)", "road_pixel_count": 2447}}, {"type": "Feature", "geometry": {"type": "Polygon", "coordinates": [[[50.00166346675767, 26.56431400951524], [50.00166346675767, 26.566559787452718], [49.99948874383964, 26.567682676421455], [49.99731402092162, 26.566559787452718], [49.99731402092162, 26.56431400951524], [49.99948874383964, 26.563191120546502], [50.00166346675767, 26.56431400951524]]]}, "properties": {"congestion_score": 0.805, "congestion_level": "light_congestion", "color": "rgb(255,255,55)", "road_pixel_count": 1714}}, {"type": "Feature", "geometry": {"type": "Polygon", "coordinates": [[[50.00601291259372, 26.56431400951524], [50.00601291259372, 26.566559787452718], [50.00383818967569, 26.567682676421455], [50.00166346675767, 26.566559787452718], [50.00166346675767, 26.56431400951524], [50.00383818967569, 26.563191120546502], [50.00601291259372, 26.56431400951524]]]}, "properties": {"congestion_score": 0.648, "congestion_level": "heavy_traffic", "color": "rgb(255,35,35)", "road_pixel_count": 1489}}, {"type": "Feature", "geometry": {"type": "Polygon", "coordinates": [[[50.01036235842977, 26.56431400951524], [50.01036235842977, 26.566559787452718], [50.008187635511746, 26.567682676421455], [50.00601291259372, 26.566559787452718], [50.00601291259372, 26.56431400951524], [50.008187635511746, 26.563191120546502], [50.01036235842977, 26.56431400951524]]]}, "properties": {"congestion_score": 0.99, "congestion_level": "free_flow", "color": "rgb(43,200,43)", "road_pixel_count": 562}}, {"type": "Feature", "geometry": {"type": "Polygon", "coordinates": [[[50.014711804265815, 26.56431400951524], [50.014711804265815, 26.566559787452718], [50.012537081347794, 26.567682676421455], [50.01036235842977, 26.566559787452718], [50.01036235842977, 26.56431400951524], [50.012537081347794, 26.563191120546502], [50.014711804265815, 26.56431400951524]]]}, "properties": {"congestion_score": 0.926, "congestion_level": "light_congestion", "color": "rgb(255,255,55)", "road_pixel_count": 2533}}, {"type": "Feature", "geometry": {"type": "Polygon", "coordinates": [[[50.01906125010187, 26.56431400951524], [50.01906125010187, 26.566559787452718], [50.01688652718384, 26.567682676421455], [50.014711804265815, 26.566559787452718], [50.014711804265815, 26.56431400951524], [50.01688652718384, 26.563191120546502], [50.01906125010187, 26.56431400951524]]]}, "properties": {"congestion_score": 1.0, "congestion_level": "free_flow", "color": "rgb(43,200,43)", "road_pixel_count": 1287}}, {"type": "Feature", "geometry": {"type": "Polygon", "coordinates": [[[50.02341069593792, 26.56431400951524], [50.02341069593792, 26.566559787452718], [50.02123597301989, 26.567682676421455], [50.01906125010187, 26.566559787452718], [50.01906125010187, 26.56431400951524], [50.02123597301989, 26.563191120546502], [50.02341069593792, 26.56431400951524]]]}, "properties": {"congestion_score": 1.0, "congestion_level": "free_flow", "color": "rgb(43,200,43)", "road_pixel_count": 1967}}, {"type": "Feature", "geometry": {"type": "Polygon", "coordinates": [[[50.02776014177397, 26.56431400951524], [50.02776014177397, 26.566559787452718], [50.02558541885594, 26.567682676421455], [50.02341069593792, 26.566559787452718], [50.02341069593792, 26.56431400951524], [50.02558541885594, 26.563191120546502], [50.02776014177397, 26.56431400951524]]]}, "properties": {"congestion_score": 1.0, "congestion_level": "free_flow", "color": "rgb(43,200,43)", "road_pixel_count": 463}}, {"type": "Feature", "geometry": {"type": "Polygon", "coordinates": [[[50.032109587610016, 26.56431400951524], [50.032109587610016, 26.566559787452718], [50.02993486469199, 26.567682676421455], [50.02776014177397, 26.566559787452718], [50.02776014177397, 26.56431400951524], [50.02993486469199, 26.563191120546502], [50.032109587610016, 26.56431400951524]]]}, "properties": {"congestion_score": 1.0, "congestion_level": "free_flow", "color": "rgb(43,200,43)", "road_pixel_count": 551}}, {"type": "Feature", "geometry": {"type": "Polygon", "coordinates": [[[50.036459033446064, 26.56431400951524], [50.036459033446064, 26.566559787452718], [50.034284310528044, 26.567682676421455], [50.032109587610016, 26.566559787452718], [50.032109587610016, 26.56431400951524], [50.034284310528044, 26.563191120546502], [50.036459033446064, 26.56431400951524]]]}, "properties": {"congestion_score": 1.0, "congestion_level": "free_flow", "color": "rgb(43,200,43)", "road_pixel_count": 1096}}, {"type": "Feature", "geometry": {"type": "Polygon", "coordinates": [[[50.04080847928211, 26.56431400951524], [50.04080847928211, 26.566559787452718], [50.03863375636409, 26.567682676421455], [50.036459033446064, 26.566559787452718], [50.036459033446064, 26.56431400951524], [50.03863375636409, 26.563191120546502], [50.04080847928211, 26.56431400951524]]]}, "properties": {"congestion_score": 1.0, "congestion_level": "free_flow", "color": "rgb(43,200,43)", "road_pixel_count": 331}}, {"type": "Feature", "geometry": {"type": "Polygon", "coordinates": [[[50.04515792511817, 26.56431400951524], [50.04515792511817, 26.566559787452718], [50.04298320220014, 26.567682676421455], [50.04080847928211, 26.566559787452718], [50.04080847928211, 26.56431400951524], [50.04298320220014, 26.563191120546502], [50.04515792511817, 26.56431400951524]]]}, "properties": {"congestion_score": 1.0, "congestion_level": "free_flow", "color": "rgb(43,200,43)", "road_pixel_count": 770}}, {"type": "Feature", "geometry": {"type": "Polygon", "coordinates": [[[50.04950737095422, 26.56431400951524], [50.04950737095422, 26.566559787452718], [50.04733264803619, 26.567682676421455], [50.04515792511817, 26.566559787452718], [50.04515792511817, 26.56431400951524], [50.04733264803619, 26.563191120546502], [50.04950737095422, 26.56431400951524]]]}, "properties": {"congestion_score": 1.0, "congestion_level": "free_flow", "color": "rgb(43,200,43)", "road_pixel_count": 123}}, {"type": "Feature", "geometry": {"type": "Polygon", "coordinates": [[[50.053856816790265, 26.56431400951524], [50.053856816790265, 26.566559787452718], [50.05168209387224, 26.567682676421455], [50.04950737095422, 26.566559787452718], [50.04950737095422, 26.56431400951524], [50.05168209387224, 26.563191120546502], [50.053856816790265, 26.56431400951524]]]}, "properties": {"congestion_score": 0.994, "congestion_level": "free_flow", "color": "rgb(43,200,43)", "road_pixel_count": 1108}}, {"type": "Feature", "geometry": {"type": "Polygon", "coordinates": [[[50.058206262626314, 26.56431400951524], [50.058206262626314, 26.566559787452718], [50.05603153970829, 26.567682676421455], [50.053856816790265, 26.566559787452718], [50.053856816790265, 26.56431400951524], [50.05603153970829, 26.563191120546502], [50.058206262626314, 26.56431400951524]]]}, "properties": {"congestion_score": 1.0, "congestion_level": "free_flow", "color": "rgb(43,200,43)", "road_pixel_count": 567}}, {"type": "Feature", "geometry": {"type": "Polygon", "coordinates": [[[50.071254600134466, 26.56431400951524], [50.071254600134466, 26.566559787452718], [50.06907987721644, 26.567682676421455], [50.06690515429842, 26.566559787452718], [50.06690515429842, 26.56431400951524], [50.06907987721644, 26.563191120546502], [50.071254600134466, 26.56431400951524]]]}, "properties": {"congestion_score": 0.981, "congestion_level": "free_flow", "color": "rgb(43,200,43)", "road_pixel_count": 2038}}, {"type": "Feature", "geometry": {"type": "Polygon", "coordinates": [[[50.075604045970515, 26.56431400951524], [50.075604045970515, 26.566559787452718], [50.07342932305249, 26.567682676421455], [50.071254600134466, 26.566559787452718], [50.071254600134466, 26.56431400951524], [50.07342932305249, 26.563191120546502], [50.075604045970515, 26.56431400951524]]]}, "properties": {"congestion_score": 1.0, "congestion_level": "free_flow", "color": "rgb(43,200,43)", "road_pixel_count": 1035}}, {"type": "Feature", "geometry": {"type": "Polygon", "coordinates": [[[50.07995349180656, 26.56431400951524], [50.07995349180656, 26.566559787452718], [50.07777876888854, 26.567682676421455], [50.075604045970515, 26.566559787452718], [50.075604045970515, 26.56431400951524], [50.07777876888854, 26.563191120546502], [50.07995349180656, 26.56431400951524]]]}, "properties": {"congestion_score": 1.0, "congestion_level": "free_flow", "color": "rgb(43,200,43)", "road_pixel_count": 979}}, {"type": "Feature", "geometry": {"type": "Polygon", "coordinates": [[[50.08430293764261, 26.56431400951524], [50.08430293764261, 26.566559787452718], [50.08212821472459, 26.567682676421455], [50.07995349180656, 26.566559787452718], [50.07995349180656, 26.56431400951524], [50.08212821472459, 26.563191120546502], [50.08430293764261, 26.56431400951524]]]}, "properties": {"congestion_score": 1.0, "congestion_level": "free_flow", "color": "rgb(43,200,43)", "road_pixel_count": 668}}, {"type": "Feature", "geometry": {"type": "Polygon", "coordinates": [[[50.08865238347867, 26.56431400951524], [50.08865238347867, 26.566559787452718], [50.08647766056064, 26.567682676421455], [50.08430293764261, 26.566559787452718], [50.08430293764261, 26.56431400951524], [50.08647766056064, 26.563191120546502], [50.08865238347867, 26.56431400951524]]]}, "properties": {"congestion_score": 1.0, "congestion_level": "free_flow", "color": "rgb(43,200,43)", "road_pixel_count": 682}}, {"type": "Feature", "geometry": {"type": "Polygon", "coordinates": [[[49.8646559229221, 26.567682676421455], [49.8646559229221, 26.569928454358934], [49.862481200004076, 26.571051343327674], [49.86030647708605, 26.569928454358934], [49.86030647708605, 26.567682676421455], [49.862481200004076, 26.566559787452718], [49.8646559229221, 26.567682676421455]]]}, "properties": {"congestion_score": 1.0, "congestion_level": "free_flow", "color": "rgb(43,200,43)", "road_pixel_count": 331}}, {"type": "Feature", "geometry": {"type": "Polygon", "coordinates": [[[49.86900536875815, 26.567682676421455], [49.86900536875815, 26.569928454358934], [49.866830645840125, 26.571051343327674], [49.8646559229221, 26.569928454358934], [49.8646559229221, 26.567682676421455], [49.866830645840125, 26.566559787452718], [49.86900536875815, 26.567682676421455]]]}, "properties": {"congestion_score": 1.0, "congestion_level": "free_flow", "color": "rgb(43,200,43)", "road_pixel_count": 1902}}, {"type": "Feature", "geometry": {"type": "Polygon", "coordinates": [[[49.8733548145942, 26.567682676421455], [49.8733548145942, 26.569928454358934], [49.87118009167617, 26.571051343327674], [49.86900536875815, 26.569928454358934], [49.86900536875815, 26.567682676421455], [49.87118009167617, 26.566559787452718], [49.8733548145942, 26.567682676421455]]]}, "properties": {"congestion_score": 1.0, "congestion_level": "free_flow", "color": "rgb(43,200,43)", "road_pixel_count": 224}}, {"type": "Feature", "geometry": {"type": "Polygon", "coordinates": [[[49.87770426043025, 26.567682676421455], [49.87770426043025, 26.569928454358934], [49.87552953751222, 26.571051343327674], [49.8733548145942, 26.569928454358934], [49.8733548145942, 26.567682676421455], [49.87552953751222, 26.566559787452718], [49.87770426043025, 26.567682676421455]]]}, "properties": {"congestion_score": 1.0, "congestion_level": "free_flow", "color": "rgb(43,200,43)", "road_pixel_count": 71}}, {"type": "Feature", "geometry": {"type": "Polygon", "coordinates": [[[49.8820537062663, 26.567682676421455], [49.8820537062663, 26.569928454358934], [49.87987898334828, 26.571051343327674], [49.87770426043025, 26.569928454358934], [49.87770426043025, 26.567682676421455], [49.87987898334828, 26.566559787452718], [49.8820537062663, 26.567682676421455]]]}, "properties": {"congestion_score": 0.731, "congestion_level": "light_congestion", "color": "rgb(255,255,55)", "road_pixel_count": 1340}}, {"type": "Feature", "geometry": {"type": "Polygon", "coordinates": [[[49.92119871879075, 26.567682676421455], [49.92119871879075, 26.569928454358934], [49.91902399587272, 26.571051343327674], [49.9168492729547, 26.569928454358934], [49.9168492729547, 26.567682676421455], [49.91902399587272, 26.566559787452718], [49.92119871879075, 26.567682676421455]]]}, "properties": {"congestion_score": 1.0, "congestion_level": "free_flow", "color": "rgb(43,200,43)", "road_pixel_count": 37}}, {"type": "Feature", "geometry": {"type": "Polygon", "coordinates": [[[49.9255481646268, 26.567682676421455], [49.9255481646268, 26.569928454358934], [49.92337344170877, 26.571051343327674], [49.92119871879075, 26.569928454358934], [49.92119871879075, 26.567682676421455], [49.92337344170877, 26.566559787452718], [49.9255481646268, 26.567682676421455]]]}, "properties": {"congestion_score": 1.0, "congestion_level": "free_flow", "color": "rgb(43,200,43)", "road_pixel_count": 1457}}, {"type": "Feature", "geometry": {"type": "Polygon", "coordinates": [[[49.947295393807046, 26.567682676421455], [49.947295393807046, 26.569928454358934], [49.94512067088902, 26.571051343327674], [49.942945947971, 26.569928454358934], [49.942945947971, 26.567682676421455], [49.94512067088902, 26.566559787452718], [49.947295393807046, 26.567682676421455]]]}, "properties": {"congestion_score": 1.0, "congestion_level": "free_flow", "color": "rgb(43,200,43)", "road_pixel_count": 234}}, {"type": "Feature", "geometry": {"type": "Polygon", "coordinates": [[[49.951644839643095, 26.567682676421455], [49.951644839643095, 26.569928454358934], [49.949470116725074, 26.571051343327674], [49.947295393807046, 26.569928454358934], [49.947295393807046, 26.567682676421455], [49.949470116725074, 26.566559787452718], [49.951644839643095, 26.567682676421455]]]}, "properties": {"congestion_score": 1.0, "congestion_level": "free_flow", "color": "rgb(43,200,43)", "road_pixel_count": 2073}}, {"type": "Feature", "geometry": {"type": "Polygon", "coordinates": [[[49.973392068823344, 26.567682676421455], [49.973392068823344, 26.569928454358934], [49.971217345905316, 26.571051343327674], [49.969042622987295, 26.569928454358934], [49.969042622987295, 26.567682676421455], [49.971217345905316, 26.566559787452718], [49.973392068823344, 26.567682676421455]]]}, "properties": {"congestion_score": 1.0, "congestion_level": "free_flow", "color": "rgb(43,200,43)", "road_pixel_count": 496}}, {"type": "Feature", "geometry": {"type": "Polygon", "coordinates": [[[49.98209096049544, 26.567682676421455], [49.98209096049544, 26.569928454358934], [49.97991623757742, 26.571051343327674], [49.97774151465939, 26.569928454358934], [49.97774151465939, 26.567682676421455], [49.97991623757742, 26.566559787452718], [49.98209096049544, 26.567682676421455]]]}, "properties": {"congestion_score": 1.0, "congestion_level": "free_flow", "color": "rgb(43,200,43)", "road_pixel_count": 673}}, {"type": "Feature", "geometry": {"type": "Polygon", "coordinates": [[[49.986440406331496, 26.567682676421455], [49.986440406331496, 26.569928454358934], [49.98426568341347, 26.571051343327674], [49.98209096049544, 26.569928454358934], [49.98209096049544, 26.567682676421455], [49.98426568341347, 26.566559787452718], [49.986440406331496, 26.567682676421455]]]}, "properties": {"congestion_score": 1.0, "congestion_level": "free_flow", "color": "rgb(43,200,43)", "road_pixel_count": 31}}, {"type": "Feature", "geometry": {"type": "Polygon", "coordinates": [[[49.990789852167545, 26.567682676421455], [49.990789852167545, 26.569928454358934], [49.98861512924952, 26.571051343327674], [49.986440406331496, 26.569928454358934], [49.986440406331496, 26.567682676421455], [49.98861512924952, 26.566559787452718], [49.990789852167545, 26.567682676421455]]]}, "properties": {"congestion_score": 1.0, "congestion_level": "free_flow", "color": "rgb(43,200,43)", "road_pixel_count": 323}}, {"type": "Feature", "geometry": {"type": "Polygon", "coordinates": [[[49.99513929800359, 26.567682676421455], [49.99513929800359, 26.569928454358934], [49.992964575085566, 26.571051343327674], [49.990789852167545, 26.569928454358934], [49.990789852167545, 26.567682676421455], [49.992964575085566, 26.566559787452718], [49.99513929800359, 26.567682676421455]]]}, "properties": {"congestion_score": 1.0, "congestion_level": "free_flow", "color": "rgb(43,200,43)", "road_pixel_count": 1145}}, {"type": "Feature", "geometry": {"type": "Polygon", "coordinates": [[[49.99948874383964, 26.567682676421455], [49.99948874383964, 26.569928454358934], [49.99731402092162, 26.571051343327674], [49.99513929800359, 26.569928454358934], [49.99513929800359, 26.567682676421455], [49.99731402092162, 26.566559787452718], [49.99948874383964, 26.567682676421455]]]}, "properties": {"congestion_score": 1.0, "congestion_level": "free_flow", "color": "rgb(43,200,43)", "road_pixel_count": 781}}, {"type": "Feature", "geometry": {"type": "Polygon", "coordinates": [[[50.00383818967569, 26.567682676421455], [50.00383818967569, 26.569928454358934], [50.00166346675767, 26.571051343327674], [49.99948874383964, 26.569928454358934], [49.99948874383964, 26.567682676421455], [50.00166346675767, 26.566559787452718], [50.00383818967569, 26.567682676421455]]]}, "properties": {"congestion_score": 1.0, "congestion_level": "free_flow", "color": "rgb(43,200,43)", "road_pixel_count": 1756}}, {"type": "Feature", "geometry": {"type": "Polygon", "coordinates": [[[50.008187635511746, 26.567682676421455], [50.008187635511746, 26.569928454358934], [50.00601291259372, 26.571051343327674], [50.00383818967569, 26.569928454358934], [50.00383818967569, 26.567682676421455], [50.00601291259372, 26.566559787452718], [50.008187635511746, 26.567682676421455]]]}, "properties": {"congestion_score": 0.981, "congestion_level": "free_flow", "color": "rgb(43,200,43)", "road_pixel_count": 1515}}, {"type": "Feature", "geometry": {"type": "Polygon", "coordinates": [[[50.012537081347794, 26.567682676421455], [50.012537081347794, 26.569928454358934], [50.01036235842977, 26.571051343327674], [50.008187635511746, 26.569928454358934], [50.008187635511746, 26.567682676421455], [50.01036235842977, 26.566559787452718], [50.012537081347794, 26.567682676421455]]]}, "properties": {"congestion_score": 0.98, "congestion_level": "free_flow", "color": "rgb(43,200,43)", "road_pixel_count": 2292}}, {"type": "Feature", "geometry": {"type": "Polygon", "coordinates": [[[50.01688652718384, 26.567682676421455], [50.01688652718384, 26.569928454358934], [50.014711804265815, 26.571051343327674], [50.012537081347794, 26.569928454358934], [50.012537081347794, 26.567682676421455], [50.014711804265815, 26.566559787452718], [50.01688652718384, 26.567682676421455]]]}, "properties": {"congestion_score": 0.998, "congestion_level": "free_flow", "color": "rgb(43,200,43)", "road_pixel_count": 1948}}, {"type": "Feature", "geometry": {"type": "Polygon", "coordinates": [[[50.02123597301989, 26.567682676421455], [50.02123597301989, 26.569928454358934], [50.01906125010187, 26.571051343327674], [50.01688652718384, 26.569928454358934], [50.01688652718384, 26.567682676421455], [50.01906125010187, 26.566559787452718], [50.02123597301989, 26.567682676421455]]]}, "properties": {"congestion_score": 0.972, "congestion_level": "free_flow", "color": "rgb(43,200,43)", "road_pixel_count": 1651}}, {"type": "Feature", "geometry": {"type": "Polygon", "coordinates": [[[50.02558541885594, 26.567682676421455], [50.02558541885594, 26.569928454358934], [50.02341069593792, 26.571051343327674], [50.02123597301989, 26.569928454358934], [50.02123597301989, 26.567682676421455], [50.02341069593792, 26.566559787452718], [50.02558541885594, 26.567682676421455]]]}, "properties": {"congestion_score": 0.945, "congestion_level": "light_congestion", "color": "rgb(255,255,55)", "road_pixel_count": 1083}}, {"type": "Feature", "geometry": {"type": "Polygon", "coordinates": [[[50.02993486469199, 26.567682676421455], [50.02993486469199, 26.569928454358934], [50.02776014177397, 26.571051343327674], [50.02558541885594, 26.569928454358934], [50.02558541885594, 26.567682676421455], [50.02776014177397, 26.566559787452718], [50.02993486469199, 26.567682676421455]]]}, "properties": {"congestion_score": 0.996, "congestion_level": "free_flow", "color": "rgb(43,200,43)", "road_pixel_count": 521}}, {"type": "Feature", "geometry": {"type": "Polygon", "coordinates": [[[50.03863375636409, 26.567682676421455], [50.03863375636409, 26.569928454358934], [50.036459033446064, 26.571051343327674], [50.034284310528044, 26.569928454358934], [50.034284310528044, 26.567682676421455], [50.036459033446064, 26.566559787452718], [50.03863375636409, 26.567682676421455]]]}, "properties": {"congestion_score": 0.994, "congestion_level": "free_flow", "color": "rgb(43,200,43)", "road_pixel_count": 1703}}, {"type": "Feature", "geometry": {"type": "Polygon", "coordinates": [[[50.04298320220014, 26.567682676421455], [50.04298320220014, 26.569928454358934], [50.04080847928211, 26.571051343327674], [50.03863375636409, 26.569928454358934], [50.03863375636409, 26.567682676421455], [50.04080847928211, 26.566559787452718], [50.04298320220014, 26.567682676421455]]]}, "properties": {"congestion_score": 1.0, "congestion_level": "free_flow", "color": "rgb(43,200,43)", "road_pixel_count": 1133}}, {"type": "Feature", "geometry": {"type": "Polygon", "coordinates": [[[50.04733264803619, 26.567682676421455], [50.04733264803619, 26.569928454358934], [50.04515792511817, 26.571051343327674], [50.04298320220014, 26.569928454358934], [50.04298320220014, 26.567682676421455], [50.04515792511817, 26.566559787452718], [50.04733264803619, 26.567682676421455]]]}, "properties": {"congestion_score": 1.0, "congestion_level": "free_flow", "color": "rgb(43,200,43)", "road_pixel_count": 1834}}, {"type": "Feature", "geometry": {"type": "Polygon", "coordinates": [[[50.05168209387224, 26.567682676421455], [50.05168209387224, 26.569928454358934], [50.04950737095422, 26.571051343327674], [50.04733264803619, 26.569928454358934], [50.04733264803619, 26.567682676421455], [50.04950737095422, 26.566559787452718], [50.05168209387224, 26.567682676421455]]]}, "properties": {"congestion_score": 0.998, "congestion_level": "free_flow", "color": "rgb(43,200,43)", "road_pixel_count": 1188}}, {"type": "Feature", "geometry": {"type": "Polygon", "coordinates": [[[50.05603153970829, 26.567682676421455], [50.05603153970829, 26.569928454358934], [50.053856816790265, 26.571051343327674], [50.05168209387224, 26.569928454358934], [50.05168209387224, 26.567682676421455], [50.053856816790265, 26.566559787452718], [50.05603153970829, 26.567682676421455]]]}, "properties": {"congestion_score": 0.964, "congestion_level": "free_flow", "color": "rgb(43,200,43)", "road_pixel_count": 1680}}, {"type": "Feature", "geometry": {"type": "Polygon", "coordinates": [[[50.06473043138039, 26.567682676421455], [50.06473043138039, 26.569928454358934], [50.06255570846236, 26.571051343327674], [50.06038098554434, 26.569928454358934], [50.06038098554434, 26.567682676421455], [50.06255570846236, 26.566559787452718], [50.06473043138039, 26.567682676421455]]]}, "properties": {"congestion_score": 1.0, "congestion_level": "free_flow", "color": "rgb(43,200,43)", "road_pixel_count": 87}}, {"type": "Feature", "geometry": {"type": "Polygon", "coordinates": [[[50.06907987721644, 26.567682676421455], [50.06907987721644, 26.569928454358934], [50.06690515429842, 26.571051343327674], [50.06473043138039, 26.569928454358934], [50.06473043138039, 26.567682676421455], [50.06690515429842, 26.566559787452718], [50.06907987721644, 26.567682676421455]]]}, "properties": {"congestion_score": 0.988, "congestion_level": "free_flow", "color": "rgb(43,200,43)", "road_pixel_count": 2263}}, {"type": "Feature", "geometry": {"type": "Polygon", "coordinates": [[[50.07342932305249, 26.567682676421455], [50.07342932305249, 26.569928454358934], [50.071254600134466, 26.571051343327674], [50.06907987721644, 26.569928454358934], [50.06907987721644, 26.567682676421455], [50.071254600134466, 26.566559787452718], [50.07342932305249, 26.567682676421455]]]}, "properties": {"congestion_score": 1.0, "congestion_level": "free_flow", "color": "rgb(43,200,43)", "road_pixel_count": 2356}}, {"type": "Feature", "geometry": {"type": "Polygon", "coordinates": [[[50.07777876888854, 26.567682676421455], [50.07777876888854, 26.569928454358934], [50.075604045970515, 26.571051343327674], [50.07342932305249, 26.569928454358934], [50.07342932305249, 26.567682676421455], [50.075604045970515, 26.566559787452718], [50.07777876888854, 26.567682676421455]]]}, "properties": {"congestion_score": 1.0, "congestion_level": "free_flow", "color": "rgb(43,200,43)", "road_pixel_count": 1011}}, {"type": "Feature", "geometry": {"type": "Polygon", "coordinates": [[[50.08212821472459, 26.567682676421455], [50.08212821472459, 26.569928454358934], [50.07995349180656, 26.571051343327674], [50.07777876888854, 26.569928454358934], [50.07777876888854, 26.567682676421455], [50.07995349180656, 26.566559787452718], [50.08212821472459, 26.567682676421455]]]}, "properties": {"congestion_score": 1.0, "congestion_level": "free_flow", "color": "rgb(43,200,43)", "road_pixel_count": 400}}, {"type": "Feature", "geometry": {"type": "Polygon", "coordinates": [[[50.08647766056064, 26.567682676421455], [50.08647766056064, 26.569928454358934], [50.08430293764261, 26.571051343327674], [50.08212821472459, 26.569928454358934], [50.08212821472459, 26.567682676421455], [50.08430293764261, 26.566559787452718], [50.08647766056064, 26.567682676421455]]]}, "properties": {"congestion_score": 1.0, "congestion_level": "free_flow", "color": "rgb(43,200,43)", "road_pixel_count": 1457}}, {"type": "Feature", "geometry": {"type": "Polygon", "coordinates": [[[50.09082710639669, 26.567682676421455], [50.09082710639669, 26.569928454358934], [50.08865238347867, 26.571051343327674], [50.08647766056064, 26.569928454358934], [50.08647766056064, 26.567682676421455], [50.08865238347867, 26.566559787452718], [50.09082710639669, 26.567682676421455]]]}, "properties": {"congestion_score": 1.0, "congestion_level": "free_flow", "color": "rgb(43,200,43)", "road_pixel_count": 609}}, {"type": "Feature", "geometry": {"type": "Polygon", "coordinates": [[[49.85813175416803, 26.571051343327674], [49.85813175416803, 26.57329712126515], [49.85595703125, 26.57442001023389], [49.85378230833197, 26.57329712126515], [49.85378230833197, 26.571051343327674], [49.85595703125, 26.569928454358934], [49.85813175416803, 26.571051343327674]]]}, "properties": {"congestion_score": 1.0, "congestion_level": "free_flow", "color": "rgb(43,200,43)", "road_pixel_count": 106}}, {"type": "Feature", "geometry": {"type": "Polygon", "coordinates": [[[49.862481200004076, 26.571051343327674], [49.862481200004076, 26.57329712126515], [49.86030647708605, 26.57442001023389], [49.85813175416803, 26.57329712126515], [49.85813175416803, 26.571051343327674], [49.86030647708605, 26.569928454358934], [49.862481200004076, 26.571051343327674]]]}, "properties": {"congestion_score": 1.0, "congestion_level": "free_flow", "color": "rgb(43,200,43)", "road_pixel_count": 1797}}, {"type": "Feature", "geometry": {"type": "Polygon", "coordinates": [[[49.866830645840125, 26.571051343327674], [49.866830645840125, 26.57329712126515], [49.8646559229221, 26.57442001023389], [49.862481200004076, 26.57329712126515], [49.862481200004076, 26.571051343327674], [49.8646559229221, 26.569928454358934], [49.866830645840125, 26.571051343327674]]]}, "properties": {"congestion_score": 1.0, "congestion_level": "free_flow", "color": "rgb(43,200,43)", "road_pixel_count": 1055}}, {"type": "Feature", "geometry": {"type": "Polygon", "coordinates": [[[49.87552953751222, 26.571051343327674], [49.87552953751222, 26.57329712126515], [49.8733548145942, 26.57442001023389], [49.87118009167617, 26.57329712126515], [49.87118009167617, 26.571051343327674], [49.8733548145942, 26.569928454358934], [49.87552953751222, 26.571051343327674]]]}, "properties": {"congestion_score": 0.985, "congestion_level": "free_flow", "color": "rgb(43,200,43)", "road_pixel_count": 1022}}, {"type": "Feature", "geometry": {"type": "Polygon", "coordinates": [[[49.87987898334828, 26.571051343327674], [49.87987898334828, 26.57329712126515], [49.87770426043025, 26.57442001023389], [49.87552953751222, 26.57329712126515], [49.87552953751222, 26.571051343327674], [49.87770426043025, 26.569928454358934], [49.87987898334828, 26.571051343327674]]]}, "properties": {"congestion_score": 0.986, "congestion_level": "free_flow", "color": "rgb(43,200,43)", "road_pixel_count": 973}}, {"type": "Feature", "geometry": {"type": "Polygon", "coordinates": [[[49.92337344170877, 26.571051343327674], [49.92337344170877, 26.57329712126515], [49.92119871879075, 26.57442001023389], [49.91902399587272, 26.57329712126515], [49.91902399587272, 26.571051343327674], [49.92119871879075, 26.569928454358934], [49.92337344170877, 26.571051343327674]]]}, "properties": {"congestion_score": 1.0, "congestion_level": "free_flow", "color": "rgb(43,200,43)", "road_pixel_count": 4}}, {"type": "Feature", "geometry": {"type": "Polygon", "coordinates": [[[49.927722887544824, 26.571051343327674], [49.927722887544824, 26.57329712126515], [49.9255481646268, 26.57442001023389], [49.92337344170877, 26.57329712126515], [49.92337344170877, 26.571051343327674], [49.9255481646268, 26.569928454358934], [49.927722887544824, 26.571051343327674]]]}, "properties": {"congestion_score": 1.0, "congestion_level": "free_flow", "color": "rgb(43,200,43)", "road_pixel_count": 1430}}, {"type": "Feature", "geometry": {"type": "Polygon", "coordinates": [[[49.949470116725074, 26.571051343327674], [49.949470116725074, 26.57329712126515], [49.947295393807046, 26.57442001023389], [49.94512067088902, 26.57329712126515], [49.94512067088902, 26.571051343327674], [49.947295393807046, 26.569928454358934], [49.949470116725074, 26.571051343327674]]]}, "properties": {"congestion_score": 1.0, "congestion_level": "free_flow", "color": "rgb(43,200,43)", "road_pixel_count": 1984}}, {"type": "Feature", "geometry": {"type": "Polygon", "coordinates": [[[49.971217345905316, 26.571051343327674], [49.971217345905316, 26.57329712126515], [49.969042622987295, 26.57442001023389], [49.96686790006927, 26.57329712126515], [49.96686790006927, 26.571051343327674], [49.969042622987295, 26.569928454358934], [49.971217345905316, 26.571051343327674]]]}, "properties": {"congestion_score": 1.0, "congestion_level": "free_flow", "color": "rgb(43,200,43)", "road_pixel_count": 662}}, {"type": "Feature", "geometry": {"type": "Polygon", "coordinates": [[[49.98426568341347, 26.571051343327674], [49.98426568341347, 26.57329712126515], [49.98209096049544, 26.57442001023389], [49.97991623757742, 26.57329712126515], [49.97991623757742, 26.571051343327674], [49.98209096049544, 26.569928454358934], [49.98426568341347, 26.571051343327674]]]}, "properties": {"congestion_score": 1.0, "congestion_level": "free_flow", "color": "rgb(43,200,43)", "road_pixel_count": 645}}, {"type": "Feature", "geometry": {"type": "Polygon", "coordinates": [[[49.99731402092162, 26.571051343327674], [49.99731402092162, 26.57329712126515], [49.99513929800359, 26.57442001023389], [49.992964575085566, 26.57329712126515], [49.992964575085566, 26.571051343327674], [49.99513929800359, 26.569928454358934], [49.99731402092162, 26.571051343327674]]]}, "properties": {"congestion_score": 1.0, "congestion_level": "free_flow", "color": "rgb(43,200,43)", "road_pixel_count": 1773}}, {"type": "Feature", "geometry": {"type": "Polygon", "coordinates": [[[50.00166346675767, 26.571051343327674], [50.00166346675767, 26.57329712126515], [49.99948874383964, 26.57442001023389], [49.99731402092162, 26.57329712126515], [49.99731402092162, 26.571051343327674], [49.99948874383964, 26.569928454358934], [50.00166346675767, 26.571051343327674]]]}, "properties": {"congestion_score": 1.0, "congestion_level": "free_flow", "color": "rgb(43,200,43)", "road_pixel_count": 124}}, {"type": "Feature", "geometry": {"type": "Polygon", "coordinates": [[[50.00601291259372, 26.571051343327674], [50.00601291259372, 26.57329712126515], [50.00383818967569, 26.57442001023389], [50.00166346675767, 26.57329712126515], [50.00166346675767, 26.571051343327674], [50.00383818967569, 26.569928454358934], [50.00601291259372, 26.571051343327674]]]}, "properties": {"congestion_score": 1.0, "congestion_level": "free_flow", "color": "rgb(43,200,43)", "road_pixel_count": 2203}}, {"type": "Feature", "geometry": {"type": "Polygon", "coordinates": [[[50.01036235842977, 26.571051343327674], [50.01036235842977, 26.57329712126515], [50.008187635511746, 26.57442001023389], [50.00601291259372, 26.57329712126515], [50.00601291259372, 26.571051343327674], [50.008187635511746, 26.569928454358934], [50.01036235842977, 26.571051343327674]]]}, "properties": {"congestion_score": 1.0, "congestion_level": "free_flow", "color": "rgb(43,200,43)", "road_pixel_count": 1448}}, {"type": "Feature", "geometry": {"type": "Polygon", "coordinates": [[[50.014711804265815, 26.571051343327674], [50.014711804265815, 26.57329712126515], [50.012537081347794, 26.57442001023389], [50.01036235842977, 26.57329712126515], [50.01036235842977, 26.571051343327674], [50.012537081347794, 26.569928454358934], [50.014711804265815, 26.571051343327674]]]}, "properties": {"congestion_score": 1.0, "congestion_level": "free_flow", "color": "rgb(43,200,43)", "road_pixel_count": 7}}, {"type": "Feature", "geometry": {"type": "Polygon", "coordinates": [[[50.01906125010187, 26.571051343327674], [50.01906125010187, 26.57329712126515], [50.01688652718384, 26.57442001023389], [50.014711804265815, 26.57329712126515], [50.014711804265815, 26.571051343327674], [50.01688652718384, 26.569928454358934], [50.01906125010187, 26.571051343327674]]]}, "properties": {"congestion_score": 1.0, "congestion_level": "free_flow", "color": "rgb(43,200,43)", "road_pixel_count": 1202}}, {"type": "Feature", "geometry": {"type": "Polygon", "coordinates": [[[50.02341069593792, 26.571051343327674], [50.02341069593792, 26.57329712126515], [50.02123597301989, 26.57442001023389], [50.01906125010187, 26.57329712126515], [50.01906125010187, 26.571051343327674], [50.02123597301989, 26.569928454358934], [50.02341069593792, 26.571051343327674]]]}, "properties": {"congestion_score": 0.962, "congestion_level": "free_flow", "color": "rgb(43,200,43)", "road_pixel_count": 2165}}, {"type": "Feature", "geometry": {"type": "Polygon", "coordinates": [[[50.02776014177397, 26.571051343327674], [50.02776014177397, 26.57329712126515], [50.02558541885594, 26.57442001023389], [50.02341069593792, 26.57329712126515], [50.02341069593792, 26.571051343327674], [50.02558541885594, 26.569928454358934], [50.02776014177397, 26.571051343327674]]]}, "properties": {"congestion_score": 0.986, "congestion_level": "free_flow", "color": "rgb(43,200,43)", "road_pixel_count": 2078}}, {"type": "Feature", "geometry": {"type": "Polygon", "coordinates": [[[50.032109587610016, 26.571051343327674], [50.032109587610016, 26.57329712126515], [50.02993486469199, 26.57442001023389], [50.02776014177397, 26.57329712126515], [50.02776014177397, 26.571051343327674], [50.02993486469199, 26.569928454358934], [50.032109587610016, 26.571051343327674]]]}, "properties": {"congestion_score": 0.983, "congestion_level": "free_flow", "color": "rgb(43,200,43)", "road_pixel_count": 1786}}, {"type": "Feature", "geometry": {"type": "Polygon", "coordinates": [[[50.036459033446064, 26.571051343327674], [50.036459033446064, 26.57329712126515], [50.034284310528044, 26.57442001023389], [50.032109587610016, 26.57329712126515], [50.032109587610016, 26.571051343327674], [50.034284310528044, 26.569928454358934], [50.036459033446064, 26.571051343327674]]]}, "properties": {"congestion_score": 0.968, "congestion_level": "free_flow", "color": "rgb(43,200,43)", "road_pixel_count": 1764}}, {"type": "Feature", "geometry": {"type": "Polygon", "coordinates": [[[50.04080847928211, 26.571051343327674], [50.04080847928211, 26.57329712126515], [50.03863375636409, 26.57442001023389], [50.036459033446064, 26.57329712126515], [50.036459033446064, 26.571051343327674], [50.03863375636409, 26.569928454358934], [50.04080847928211, 26.571051343327674]]]}, "properties": {"congestion_score": 0.975, "congestion_level": "free_flow", "color": "rgb(43,200,43)", "road_pixel_count": 1325}}, {"type": "Feature", "geometry": {"type": "Polygon", "coordinates": [[[50.04515792511817, 26.571051343327674], [50.04515792511817, 26.57329712126515], [50.04298320220014, 26.57442001023389], [50.04080847928211, 26.57329712126515], [50.04080847928211, 26.571051343327674], [50.04298320220014, 26.569928454358934], [50.04515792511817, 26.571051343327674]]]}, "properties": {"congestion_score": 0.803, "congestion_level": "light_congestion", "color": "rgb(255,255,55)", "road_pixel_count": 1310}}, {"type": "Feature", "geometry": {"type": "Polygon", "coordinates": [[[50.04950737095422, 26.571051343327674], [50.04950737095422, 26.57329712126515], [50.04733264803619, 26.57442001023389], [50.04515792511817, 26.57329712126515], [50.04515792511817, 26.571051343327674], [50.04733264803619, 26.569928454358934], [50.04950737095422, 26.571051343327674]]]}, "properties": {"congestion_score": 0.889, "congestion_level": "light_congestion", "color": "rgb(255,255,55)", "road_pixel_count": 1174}}, {"type": "Feature", "geometry": {"type": "Polygon", "coordinates": [[[50.053856816790265, 26.571051343327674], [50.053856816790265, 26.57329712126515], [50.05168209387224, 26.57442001023389], [50.04950737095422, 26.57329712126515], [50.04950737095422, 26.571051343327674], [50.05168209387224, 26.569928454358934], [50.053856816790265, 26.571051343327674]]]}, "properties": {"congestion_score": 0.892, "congestion_level": "light_congestion", "color": "rgb(255,255,55)", "road_pixel_count": 1964}}, {"type": "Feature", "geometry": {"type": "Polygon", "coordinates": [[[50.06255570846236, 26.571051343327674], [50.06255570846236, 26.57329712126515], [50.06038098554434, 26.57442001023389], [50.058206262626314, 26.57329712126515], [50.058206262626314, 26.571051343327674], [50.06038098554434, 26.569928454358934], [50.06255570846236, 26.571051343327674]]]}, "properties": {"congestion_score": 1.0, "congestion_level": "free_flow", "color": "rgb(43,200,43)", "road_pixel_count": 441}}, {"type": "Feature", "geometry": {"type": "Polygon", "coordinates": [[[50.06690515429842, 26.571051343327674], [50.06690515429842, 26.57329712126515], [50.06473043138039, 26.57442001023389], [50.06255570846236, 26.57329712126515], [50.06255570846236, 26.571051343327674], [50.06473043138039, 26.569928454358934], [50.06690515429842, 26.571051343327674]]]}, "properties": {"congestion_score": 1.0, "congestion_level": "free_flow", "color": "rgb(43,200,43)", "road_pixel_count": 1168}}, {"type": "Feature", "geometry": {"type": "Polygon", "coordinates": [[[50.071254600134466, 26.571051343327674], [50.071254600134466, 26.57329712126515], [50.06907987721644, 26.57442001023389], [50.06690515429842, 26.57329712126515], [50.06690515429842, 26.571051343327674], [50.06907987721644, 26.569928454358934], [50.071254600134466, 26.571051343327674]]]}, "properties": {"congestion_score": 1.0, "congestion_level": "free_flow", "color": "rgb(43,200,43)", "road_pixel_count": 224}}, {"type": "Feature", "geometry": {"type": "Polygon", "coordinates": [[[50.075604045970515, 26.571051343327674], [50.075604045970515, 26.57329712126515], [50.07342932305249, 26.57442001023389], [50.071254600134466, 26.57329712126515], [50.071254600134466, 26.571051343327674], [50.07342932305249, 26.569928454358934], [50.075604045970515, 26.571051343327674]]]}, "properties": {"congestion_score": 1.0, "congestion_level": "free_flow", "color": "rgb(43,200,43)", "road_pixel_count": 1020}}, {"type": "Feature", "geometry": {"type": "Polygon", "coordinates": [[[50.07995349180656, 26.571051343327674], [50.07995349180656, 26.57329712126515], [50.07777876888854, 26.57442001023389], [50.075604045970515, 26.57329712126515], [50.075604045970515, 26.571051343327674], [50.07777876888854, 26.569928454358934], [50.07995349180656, 26.571051343327674]]]}, "properties": {"congestion_score": 1.0, "congestion_level": "free_flow", "color": "rgb(43,200,43)", "road_pixel_count": 1449}}, {"type": "Feature", "geometry": {"type": "Polygon", "coordinates": [[[50.08430293764261, 26.571051343327674], [50.08430293764261, 26.57329712126515], [50.08212821472459, 26.57442001023389], [50.07995349180656, 26.57329712126515], [50.07995349180656, 26.571051343327674], [50.08212821472459, 26.569928454358934], [50.08430293764261, 26.571051343327674]]]}, "properties": {"congestion_score": 1.0, "congestion_level": "free_flow", "color": "rgb(43,200,43)", "road_pixel_count": 1222}}, {"type": "Feature", "geometry": {"type": "Polygon", "coordinates": [[[50.08865238347867, 26.571051343327674], [50.08865238347867, 26.57329712126515], [50.08647766056064, 26.57442001023389], [50.08430293764261, 26.57329712126515], [50.08430293764261, 26.571051343327674], [50.08647766056064, 26.569928454358934], [50.08865238347867, 26.571051343327674]]]}, "properties": {"congestion_score": 1.0, "congestion_level": "free_flow", "color": "rgb(43,200,43)", "road_pixel_count": 1021}}, {"type": "Feature", "geometry": {"type": "Polygon", "coordinates": [[[49.86030647708605, 26.57442001023389], [49.86030647708605, 26.57666578817137], [49.85813175416803, 26.577788677140106], [49.85595703125, 26.57666578817137], [49.85595703125, 26.57442001023389], [49.85813175416803, 26.57329712126515], [49.86030647708605, 26.57442001023389]]]}, "properties": {"congestion_score": 1.0, "congestion_level": "free_flow", "color": "rgb(43,200,43)", "road_pixel_count": 1375}}, {"type": "Feature", "geometry": {"type": "Polygon", "coordinates": [[[49.8733548145942, 26.57442001023389], [49.8733548145942, 26.57666578817137], [49.87118009167617, 26.577788677140106], [49.86900536875815, 26.57666578817137], [49.86900536875815, 26.57442001023389], [49.87118009167617, 26.57329712126515], [49.8733548145942, 26.57442001023389]]]}, "properties": {"congestion_score": 0.987, "congestion_level": "free_flow", "color": "rgb(43,200,43)", "road_pixel_count": 1352}}, {"type": "Feature", "geometry": {"type": "Polygon", "coordinates": [[[49.87770426043025, 26.57442001023389], [49.87770426043025, 26.57666578817137], [49.87552953751222, 26.577788677140106], [49.8733548145942, 26.57666578817137], [49.8733548145942, 26.57442001023389], [49.87552953751222, 26.57329712126515], [49.87770426043025, 26.57442001023389]]]}, "properties": {"congestion_score": 0.917, "congestion_level": "light_congestion", "color": "rgb(255,255,55)", "road_pixel_count": 24}}, {"type": "Feature", "geometry": {"type": "Polygon", "coordinates": [[[49.9255481646268, 26.57442001023389], [49.9255481646268, 26.57666578817137], [49.92337344170877, 26.577788677140106], [49.92119871879075, 26.57666578817137], [49.92119871879075, 26.57442001023389], [49.92337344170877, 26.57329712126515], [49.9255481646268, 26.57442001023389]]]}, "properties": {"congestion_score": 1.0, "congestion_level": "free_flow", "color": "rgb(43,200,43)", "road_pixel_count": 131}}, {"type": "Feature", "geometry": {"type": "Polygon", "coordinates": [[[49.929897610462845, 26.57442001023389], [49.929897610462845, 26.57666578817137], [49.927722887544824, 26.577788677140106], [49.9255481646268, 26.57666578817137], [49.9255481646268, 26.57442001023389], [49.927722887544824, 26.57329712126515], [49.929897610462845, 26.57442001023389]]]}, "properties": {"congestion_score": 1.0, "congestion_level": "free_flow", "color": "rgb(43,200,43)", "road_pixel_count": 1200}}, {"type": "Feature", "geometry": {"type": "Polygon", "coordinates": [[[49.947295393807046, 26.57442001023389], [49.947295393807046, 26.57666578817137], [49.94512067088902, 26.577788677140106], [49.942945947971, 26.57666578817137], [49.942945947971, 26.57442001023389], [49.94512067088902, 26.57329712126515], [49.947295393807046, 26.57442001023389]]]}, "properties": {"congestion_score": 1.0, "congestion_level": "free_flow", "color": "rgb(43,200,43)", "road_pixel_count": 2022}}, {"type": "Feature", "geometry": {"type": "Polygon", "coordinates": [[[49.973392068823344, 26.57442001023389], [49.973392068823344, 26.57666578817137], [49.971217345905316, 26.577788677140106], [49.969042622987295, 26.57666578817137], [49.969042622987295, 26.57442001023389], [49.971217345905316, 26.57329712126515], [49.973392068823344, 26.57442001023389]]]}, "properties": {"congestion_score": 1.0, "congestion_level": "free_flow", "color": "rgb(43,200,43)", "road_pixel_count": 907}}, {"type": "Feature", "geometry": {"type": "Polygon", "coordinates": [[[49.97774151465939, 26.57442001023389], [49.97774151465939, 26.57666578817137], [49.97556679174137, 26.577788677140106], [49.973392068823344, 26.57666578817137], [49.973392068823344, 26.57442001023389], [49.97556679174137, 26.57329712126515], [49.97774151465939, 26.57442001023389]]]}, "properties": {"congestion_score": 0.994, "congestion_level": "free_flow", "color": "rgb(43,200,43)", "road_pixel_count": 446}}, {"type": "Feature", "geometry": {"type": "Polygon", "coordinates": [[[49.98209096049544, 26.57442001023389], [49.98209096049544, 26.57666578817137], [49.97991623757742, 26.577788677140106], [49.97774151465939, 26.57666578817137], [49.97774151465939, 26.57442001023389], [49.97991623757742, 26.57329712126515], [49.98209096049544, 26.57442001023389]]]}, "properties": {"congestion_score": 1.0, "congestion_level": "free_flow", "color": "rgb(43,200,43)", "road_pixel_count": 100}}, {"type": "Feature", "geometry": {"type": "Polygon", "coordinates": [[[49.986440406331496, 26.57442001023389], [49.986440406331496, 26.57666578817137], [49.98426568341347, 26.577788677140106], [49.98209096049544, 26.57666578817137], [49.98209096049544, 26.57442001023389], [49.98426568341347, 26.57329712126515], [49.986440406331496, 26.57442001023389]]]}, "properties": {"congestion_score": 1.0, "congestion_level": "free_flow", "color": "rgb(43,200,43)", "road_pixel_count": 570}}, {"type": "Feature", "geometry": {"type": "Polygon", "coordinates": [[[49.990789852167545, 26.57442001023389], [49.990789852167545, 26.57666578817137], [49.98861512924952, 26.577788677140106], [49.986440406331496, 26.57666578817137], [49.986440406331496, 26.57442001023389], [49.98861512924952, 26.57329712126515], [49.990789852167545, 26.57442001023389]]]}, "properties": {"congestion_score": 1.0, "congestion_level": "free_flow", "color": "rgb(43,200,43)", "road_pixel_count": 429}}, {"type": "Feature", "geometry": {"type": "Polygon", "coordinates": [[[49.99513929800359, 26.57442001023389], [49.99513929800359, 26.57666578817137], [49.992964575085566, 26.577788677140106], [49.990789852167545, 26.57666578817137], [49.990789852167545, 26.57442001023389], [49.992964575085566, 26.57329712126515], [49.99513929800359, 26.57442001023389]]]}, "properties": {"congestion_score": 1.0, "congestion_level": "free_flow", "color": "rgb(43,200,43)", "road_pixel_count": 1332}}, {"type": "Feature", "geometry": {"type": "Polygon", "coordinates": [[[49.99948874383964, 26.57442001023389], [49.99948874383964, 26.57666578817137], [49.99731402092162, 26.577788677140106], [49.99513929800359, 26.57666578817137], [49.99513929800359, 26.57442001023389], [49.99731402092162, 26.57329712126515], [49.99948874383964, 26.57442001023389]]]}, "properties": {"congestion_score": 1.0, "congestion_level": "free_flow", "color": "rgb(43,200,43)", "road_pixel_count": 103}}, {"type": "Feature", "geometry": {"type": "Polygon", "coordinates": [[[50.00383818967569, 26.57442001023389], [50.00383818967569, 26.57666578817137], [50.00166346675767, 26.577788677140106], [49.99948874383964, 26.57666578817137], [49.99948874383964, 26.57442001023389], [50.00166346675767, 26.57329712126515], [50.00383818967569, 26.57442001023389]]]}, "properties": {"congestion_score": 1.0, "congestion_level": "free_flow", "color": "rgb(43,200,43)", "road_pixel_count": 1859}}, {"type": "Feature", "geometry": {"type": "Polygon", "coordinates": [[[50.008187635511746, 26.57442001023389], [50.008187635511746, 26.57666578817137], [50.00601291259372, 26.577788677140106], [50.00383818967569, 26.57666578817137], [50.00383818967569, 26.57442001023389], [50.00601291259372, 26.57329712126515], [50.008187635511746, 26.57442001023389]]]}, "properties": {"congestion_score": 1.0, "congestion_level": "free_flow", "color": "rgb(43,200,43)", "road_pixel_count": 2131}}, {"type": "Feature", "geometry": {"type": "Polygon", "coordinates": [[[50.012537081347794, 26.57442001023389], [50.012537081347794, 26.57666578817137], [50.01036235842977, 26.577788677140106], [50.008187635511746, 26.57666578817137], [50.008187635511746, 26.57442001023389], [50.01036235842977, 26.57329712126515], [50.012537081347794, 26.57442001023389]]]}, "properties": {"congestion_score": 1.0, "congestion_level": "free_flow", "color": "rgb(43,200,43)", "road_pixel_count": 1867}}, {"type": "Feature", "geometry": {"type": "Polygon", "coordinates": [[[50.01688652718384, 26.57442001023389], [50.01688652718384, 26.57666578817137], [50.014711804265815, 26.577788677140106], [50.012537081347794, 26.57666578817137], [50.012537081347794, 26.57442001023389], [50.014711804265815, 26.57329712126515], [50.01688652718384, 26.57442001023389]]]}, "properties": {"congestion_score": 1.0, "congestion_level": "free_flow", "color": "rgb(43,200,43)", "road_pixel_count": 1791}}, {"type": "Feature", "geometry": {"type": "Polygon", "coordinates": [[[50.02123597301989, 26.57442001023389], [50.02123597301989, 26.57666578817137], [50.01906125010187, 26.577788677140106], [50.01688652718384, 26.57666578817137], [50.01688652718384, 26.57442001023389], [50.01906125010187, 26.57329712126515], [50.02123597301989, 26.57442001023389]]]}, "properties": {"congestion_score": 1.0, "congestion_level": "free_flow", "color": "rgb(43,200,43)", "road_pixel_count": 1525}}, {"type": "Feature", "geometry": {"type": "Polygon", "coordinates": [[[50.02558541885594, 26.57442001023389], [50.02558541885594, 26.57666578817137], [50.02341069593792, 26.577788677140106], [50.02123597301989, 26.57666578817137], [50.02123597301989, 26.57442001023389], [50.02341069593792, 26.57329712126515], [50.02558541885594, 26.57442001023389]]]}, "properties": {"congestion_score": 0.959, "congestion_level": "free_flow", "color": "rgb(43,200,43)", "road_pixel_count": 1080}}, {"type": "Feature", "geometry": {"type": "Polygon", "coordinates": [[[50.02993486469199, 26.57442001023389], [50.02993486469199, 26.57666578817137], [50.02776014177397, 26.577788677140106], [50.02558541885594, 26.57666578817137], [50.02558541885594, 26.57442001023389], [50.02776014177397, 26.57329712126515], [50.02993486469199, 26.57442001023389]]]}, "properties": {"congestion_score": 1.0, "congestion_level": "free_flow", "color": "rgb(43,200,43)", "road_pixel_count": 442}}, {"type": "Feature", "geometry": {"type": "Polygon", "coordinates": [[[50.034284310528044, 26.57442001023389], [50.034284310528044, 26.57666578817137], [50.032109587610016, 26.577788677140106], [50.02993486469199, 26.57666578817137], [50.02993486469199, 26.57442001023389], [50.032109587610016, 26.57329712126515], [50.034284310528044, 26.57442001023389]]]}, "properties": {"congestion_score": 1.0, "congestion_level": "free_flow", "color": "rgb(43,200,43)", "road_pixel_count": 1886}}, {"type": "Feature", "geometry": {"type": "Polygon", "coordinates": [[[50.03863375636409, 26.57442001023389], [50.03863375636409, 26.57666578817137], [50.036459033446064, 26.577788677140106], [50.034284310528044, 26.57666578817137], [50.034284310528044, 26.57442001023389], [50.036459033446064, 26.57329712126515], [50.03863375636409, 26.57442001023389]]]}, "properties": {"congestion_score": 1.0, "congestion_level": "free_flow", "color": "rgb(43,200,43)", "road_pixel_count": 1212}}, {"type": "Feature", "geometry": {"type": "Polygon", "coordinates": [[[50.04298320220014, 26.57442001023389], [50.04298320220014, 26.57666578817137], [50.04080847928211, 26.577788677140106], [50.03863375636409, 26.57666578817137], [50.03863375636409, 26.57442001023389], [50.04080847928211, 26.57329712126515], [50.04298320220014, 26.57442001023389]]]}, "properties": {"congestion_score": 1.0, "congestion_level": "free_flow", "color": "rgb(43,200,43)", "road_pixel_count": 1431}}, {"type": "Feature", "geometry": {"type": "Polygon", "coordinates": [[[50.04733264803619, 26.57442001023389], [50.04733264803619, 26.57666578817137], [50.04515792511817, 26.577788677140106], [50.04298320220014, 26.57666578817137], [50.04298320220014, 26.57442001023389], [50.04515792511817, 26.57329712126515], [50.04733264803619, 26.57442001023389]]]}, "properties": {"congestion_score": 0.98, "congestion_level": "free_flow", "color": "rgb(43,200,43)", "road_pixel_count": 1470}}, {"type": "Feature", "geometry": {"type": "Polygon", "coordinates": [[[50.05168209387224, 26.57442001023389], [50.05168209387224, 26.57666578817137], [50.04950737095422, 26.577788677140106], [50.04733264803619, 26.57666578817137], [50.04733264803619, 26.57442001023389], [50.04950737095422, 26.57329712126515], [50.05168209387224, 26.57442001023389]]]}, "properties": {"congestion_score": 0.956, "congestion_level": "free_flow", "color": "rgb(43,200,43)", "road_pixel_count": 621}}, {"type": "Feature", "geometry": {"type": "Polygon", "coordinates": [[[50.05603153970829, 26.57442001023389], [50.05603153970829, 26.57666578817137], [50.053856816790265, 26.577788677140106], [50.05168209387224, 26.57666578817137], [50.05168209387224, 26.57442001023389], [50.053856816790265, 26.57329712126515], [50.05603153970829, 26.57442001023389]]]}, "properties": {"congestion_score": 0.966, "congestion_level": "free_flow", "color": "rgb(43,200,43)", "road_pixel_count": 1902}}, {"type": "Feature", "geometry": {"type": "Polygon", "coordinates": [[[50.06038098554434, 26.57442001023389], [50.06038098554434, 26.57666578817137], [50.058206262626314, 26.577788677140106], [50.05603153970829, 26.57666578817137], [50.05603153970829, 26.57442001023389], [50.058206262626314, 26.57329712126515], [50.06038098554434, 26.57442001023389]]]}, "properties": {"congestion_score": 1.0, "congestion_level": "free_flow", "color": "rgb(43,200,43)", "road_pixel_count": 1388}}, {"type": "Feature", "geometry": {"type": "Polygon", "coordinates": [[[50.06473043138039, 26.57442001023389], [50.06473043138039, 26.57666578817137], [50.06255570846236, 26.577788677140106], [50.06038098554434, 26.57666578817137], [50.06038098554434, 26.57442001023389], [50.06255570846236, 26.57329712126515], [50.06473043138039, 26.57442001023389]]]}, "properties": {"congestion_score": 1.0, "congestion_level": "free_flow", "color": "rgb(43,200,43)", "road_pixel_count": 1243}}, {"type": "Feature", "geometry": {"type": "Polygon", "coordinates": [[[50.06907987721644, 26.57442001023389], [50.06907987721644, 26.57666578817137], [50.06690515429842, 26.577788677140106], [50.06473043138039, 26.57666578817137], [50.06473043138039, 26.57442001023389], [50.06690515429842, 26.57329712126515], [50.06907987721644, 26.57442001023389]]]}, "properties": {"congestion_score": 1.0, "congestion_level": "free_flow", "color": "rgb(43,200,43)", "road_pixel_count": 27}}, {"type": "Feature", "geometry": {"type": "Polygon", "coordinates": [[[50.07342932305249, 26.57442001023389], [50.07342932305249, 26.57666578817137], [50.071254600134466, 26.577788677140106], [50.06907987721644, 26.57666578817137], [50.06907987721644, 26.57442001023389], [50.071254600134466, 26.57329712126515], [50.07342932305249, 26.57442001023389]]]}, "properties": {"congestion_score": 1.0, "congestion_level": "free_flow", "color": "rgb(43,200,43)", "road_pixel_count": 273}}, {"type": "Feature", "geometry": {"type": "Polygon", "coordinates": [[[50.07777876888854, 26.57442001023389], [50.07777876888854, 26.57666578817137], [50.075604045970515, 26.577788677140106], [50.07342932305249, 26.57666578817137], [50.07342932305249, 26.57442001023389], [50.075604045970515, 26.57329712126515], [50.07777876888854, 26.57442001023389]]]}, "properties": {"congestion_score": 1.0, "congestion_level": "free_flow", "color": "rgb(43,200,43)", "road_pixel_count": 1470}}, {"type": "Feature", "geometry": {"type": "Polygon", "coordinates": [[[50.08212821472459, 26.57442001023389], [50.08212821472459, 26.57666578817137], [50.07995349180656, 26.577788677140106], [50.07777876888854, 26.57666578817137], [50.07777876888854, 26.57442001023389], [50.07995349180656, 26.57329712126515], [50.08212821472459, 26.57442001023389]]]}, "properties": {"congestion_score": 1.0, "congestion_level": "free_flow", "color": "rgb(43,200,43)", "road_pixel_count": 1929}}, {"type": "Feature", "geometry": {"type": "Polygon", "coordinates": [[[50.08647766056064, 26.57442001023389], [50.08647766056064, 26.57666578817137], [50.08430293764261, 26.577788677140106], [50.08212821472459, 26.57666578817137], [50.08212821472459, 26.57442001023389], [50.08430293764261, 26.57329712126515], [50.08647766056064, 26.57442001023389]]]}, "properties": {"congestion_score": 1.0, "congestion_level": "free_flow", "color": "rgb(43,200,43)", "road_pixel_count": 1452}}, {"type": "Feature", "geometry": {"type": "Polygon", "coordinates": [[[50.09082710639669, 26.57442001023389], [50.09082710639669, 26.57666578817137], [50.08865238347867, 26.577788677140106], [50.08647766056064, 26.57666578817137], [50.08647766056064, 26.57442001023389], [50.08865238347867, 26.57329712126515], [50.09082710639669, 26.57442001023389]]]}, "properties": {"congestion_score": 1.0, "congestion_level": "free_flow", "color": "rgb(43,200,43)", "road_pixel_count": 876}}, {"type": "Feature", "geometry": {"type": "Polygon", "coordinates": [[[49.866830645840125, 26.577788677140106], [49.866830645840125, 26.580034455077584], [49.8646559229221, 26.58115734404632], [49.862481200004076, 26.580034455077584], [49.862481200004076, 26.577788677140106], [49.8646559229221, 26.57666578817137], [49.866830645840125, 26.577788677140106]]]}, "properties": {"congestion_score": 0.993, "congestion_level": "free_flow", "color": "rgb(43,200,43)", "road_pixel_count": 847}}, {"type": "Feature", "geometry": {"type": "Polygon", "coordinates": [[[49.87118009167617, 26.577788677140106], [49.87118009167617, 26.580034455077584], [49.86900536875815, 26.58115734404632], [49.866830645840125, 26.580034455077584], [49.866830645840125, 26.577788677140106], [49.86900536875815, 26.57666578817137], [49.87118009167617, 26.577788677140106]]]}, "properties": {"congestion_score": 0.992, "congestion_level": "free_flow", "color": "rgb(43,200,43)", "road_pixel_count": 1114}}, {"type": "Feature", "geometry": {"type": "Polygon", "coordinates": [[[49.927722887544824, 26.577788677140106], [49.927722887544824, 26.580034455077584], [49.9255481646268, 26.58115734404632], [49.92337344170877, 26.580034455077584], [49.92337344170877, 26.577788677140106], [49.9255481646268, 26.57666578817137], [49.927722887544824, 26.577788677140106]]]}, "properties": {"congestion_score": 1.0, "congestion_level": "free_flow", "color": "rgb(43,200,43)", "road_pixel_count": 581}}, {"type": "Feature", "geometry": {"type": "Polygon", "coordinates": [[[49.93207233338087, 26.577788677140106], [49.93207233338087, 26.580034455077584], [49.929897610462845, 26.58115734404632], [49.927722887544824, 26.580034455077584], [49.927722887544824, 26.577788677140106], [49.929897610462845, 26.57666578817137], [49.93207233338087, 26.577788677140106]]]}, "properties": {"congestion_score": 1.0, "congestion_level": "free_flow", "color": "rgb(43,200,43)", "road_pixel_count": 669}}, {"type": "Feature", "geometry": {"type": "Polygon", "coordinates": [[[49.94512067088902, 26.577788677140106], [49.94512067088902, 26.580034455077584], [49.942945947971, 26.58115734404632], [49.94077122505297, 26.580034455077584], [49.94077122505297, 26.577788677140106], [49.942945947971, 26.57666578817137], [49.94512067088902, 26.577788677140106]]]}, "properties": {"congestion_score": 1.0, "congestion_level": "free_flow", "color": "rgb(43,200,43)", "road_pixel_count": 1604}}, {"type": "Feature", "geometry": {"type": "Polygon", "coordinates": [[[49.949470116725074, 26.577788677140106], [49.949470116725074, 26.580034455077584], [49.947295393807046, 26.58115734404632], [49.94512067088902, 26.580034455077584], [49.94512067088902, 26.577788677140106], [49.947295393807046, 26.57666578817137], [49.949470116725074, 26.577788677140106]]]}, "properties": {"congestion_score": 1.0, "congestion_level": "free_flow", "color": "rgb(43,200,43)", "road_pixel_count": 162}}, {"type": "Feature", "geometry": {"type": "Polygon", "coordinates": [[[49.97556679174137, 26.577788677140106], [49.97556679174137, 26.580034455077584], [49.973392068823344, 26.58115734404632], [49.971217345905316, 26.580034455077584], [49.971217345905316, 26.577788677140106], [49.973392068823344, 26.57666578817137], [49.97556679174137, 26.577788677140106]]]}, "properties": {"congestion_score": 0.999, "congestion_level": "free_flow", "color": "rgb(43,200,43)", "road_pixel_count": 1475}}, {"type": "Feature", "geometry": {"type": "Polygon", "coordinates": [[[49.97991623757742, 26.577788677140106], [49.97991623757742, 26.580034455077584], [49.97774151465939, 26.58115734404632], [49.97556679174137, 26.580034455077584], [49.97556679174137, 26.577788677140106], [49.97774151465939, 26.57666578817137], [49.97991623757742, 26.577788677140106]]]}, "properties": {"congestion_score": 0.994, "congestion_level": "free_flow", "color": "rgb(43,200,43)", "road_pixel_count": 982}}, {"type": "Feature", "geometry": {"type": "Polygon", "coordinates": [[[49.98426568341347, 26.577788677140106], [49.98426568341347, 26.580034455077584], [49.98209096049544, 26.58115734404632], [49.97991623757742, 26.580034455077584], [49.97991623757742, 26.577788677140106], [49.98209096049544, 26.57666578817137], [49.98426568341347, 26.577788677140106]]]}, "properties": {"congestion_score": 0.962, "congestion_level": "free_flow", "color": "rgb(43,200,43)", "road_pixel_count": 1512}}, {"type": "Feature", "geometry": {"type": "Polygon", "coordinates": [[[49.98861512924952, 26.577788677140106], [49.98861512924952, 26.580034455077584], [49.986440406331496, 26.58115734404632], [49.98426568341347, 26.580034455077584], [49.98426568341347, 26.577788677140106], [49.986440406331496, 26.57666578817137], [49.98861512924952, 26.577788677140106]]]}, "properties": {"congestion_score": 0.911, "congestion_level": "light_congestion", "color": "rgb(255,255,55)", "road_pixel_count": 640}}, {"type": "Feature", "geometry": {"type": "Polygon", "coordinates": [[[49.992964575085566, 26.577788677140106], [49.992964575085566, 26.580034455077584], [49.990789852167545, 26.58115734404632], [49.98861512924952, 26.580034455077584], [49.98861512924952, 26.577788677140106], [49.990789852167545, 26.57666578817137], [49.992964575085566, 26.577788677140106]]]}, "properties": {"congestion_score": 0.947, "congestion_level": "light_congestion", "color": "rgb(255,255,55)", "road_pixel_count": 1023}}, {"type": "Feature", "geometry": {"type": "Polygon", "coordinates": [[[49.99731402092162, 26.577788677140106], [49.99731402092162, 26.580034455077584], [49.99513929800359, 26.58115734404632], [49.992964575085566, 26.580034455077584], [49.992964575085566, 26.577788677140106], [49.99513929800359, 26.57666578817137], [49.99731402092162, 26.577788677140106]]]}, "properties": {"congestion_score": 0.999, "congestion_level": "free_flow", "color": "rgb(43,200,43)", "road_pixel_count": 1676}}, {"type": "Feature", "geometry": {"type": "Polygon", "coordinates": [[[50.00166346675767, 26.577788677140106], [50.00166346675767, 26.580034455077584], [49.99948874383964, 26.58115734404632], [49.99731402092162, 26.580034455077584], [49.99731402092162, 26.577788677140106], [49.99948874383964, 26.57666578817137], [50.00166346675767, 26.577788677140106]]]}, "properties": {"congestion_score": 0.992, "congestion_level": "free_flow", "color": "rgb(43,200,43)", "road_pixel_count": 901}}, {"type": "Feature", "geometry": {"type": "Polygon", "coordinates": [[[50.00601291259372, 26.577788677140106], [50.00601291259372, 26.580034455077584], [50.00383818967569, 26.58115734404632], [50.00166346675767, 26.580034455077584], [50.00166346675767, 26.577788677140106], [50.00383818967569, 26.57666578817137], [50.00601291259372, 26.577788677140106]]]}, "properties": {"congestion_score": 0.988, "congestion_level": "free_flow", "color": "rgb(43,200,43)", "road_pixel_count": 1669}}, {"type": "Feature", "geometry": {"type": "Polygon", "coordinates": [[[50.01036235842977, 26.577788677140106], [50.01036235842977, 26.580034455077584], [50.008187635511746, 26.58115734404632], [50.00601291259372, 26.580034455077584], [50.00601291259372, 26.577788677140106], [50.008187635511746, 26.57666578817137], [50.01036235842977, 26.577788677140106]]]}, "properties": {"congestion_score": 1.0, "congestion_level": "free_flow", "color": "rgb(43,200,43)", "road_pixel_count": 1452}}, {"type": "Feature", "geometry": {"type": "Polygon", "coordinates": [[[50.014711804265815, 26.577788677140106], [50.014711804265815, 26.580034455077584], [50.012537081347794, 26.58115734404632], [50.01036235842977, 26.580034455077584], [50.01036235842977, 26.577788677140106], [50.012537081347794, 26.57666578817137], [50.014711804265815, 26.577788677140106]]]}, "properties": {"congestion_score": 1.0, "congestion_level": "free_flow", "color": "rgb(43,200,43)", "road_pixel_count": 700}}, {"type": "Feature", "geometry": {"type": "Polygon", "coordinates": [[[50.01906125010187, 26.577788677140106], [50.01906125010187, 26.580034455077584], [50.01688652718384, 26.58115734404632], [50.014711804265815, 26.580034455077584], [50.014711804265815, 26.577788677140106], [50.01688652718384, 26.57666578817137], [50.01906125010187, 26.577788677140106]]]}, "properties": {"congestion_score": 1.0, "congestion_level": "free_flow", "color": "rgb(43,200,43)", "road_pixel_count": 1981}}, {"type": "Feature", "geometry": {"type": "Polygon", "coordinates": [[[50.02341069593792, 26.577788677140106], [50.02341069593792, 26.580034455077584], [50.02123597301989, 26.58115734404632], [50.01906125010187, 26.580034455077584], [50.01906125010187, 26.577788677140106], [50.02123597301989, 26.57666578817137], [50.02341069593792, 26.577788677140106]]]}, "properties": {"congestion_score": 0.958, "congestion_level": "free_flow", "color": "rgb(43,200,43)", "road_pixel_count": 780}}, {"type": "Feature", "geometry": {"type": "Polygon", "coordinates": [[[50.02776014177397, 26.577788677140106], [50.02776014177397, 26.580034455077584], [50.02558541885594, 26.58115734404632], [50.02341069593792, 26.580034455077584], [50.02341069593792, 26.577788677140106], [50.02558541885594, 26.57666578817137], [50.02776014177397, 26.577788677140106]]]}, "properties": {"congestion_score": 0.994, "congestion_level": "free_flow", "color": "rgb(43,200,43)", "road_pixel_count": 1876}}, {"type": "Feature", "geometry": {"type": "Polygon", "coordinates": [[[50.032109587610016, 26.577788677140106], [50.032109587610016, 26.580034455077584], [50.02993486469199, 26.58115734404632], [50.02776014177397, 26.580034455077584], [50.02776014177397, 26.577788677140106], [50.02993486469199, 26.57666578817137], [50.032109587610016, 26.577788677140106]]]}, "properties": {"congestion_score": 0.994, "congestion_level": "free_flow", "color": "rgb(43,200,43)", "road_pixel_count": 1934}}, {"type": "Feature", "geometry": {"type": "Polygon", "coordinates": [[[50.036459033446064, 26.577788677140106], [50.036459033446064, 26.580034455077584], [50.034284310528044, 26.58115734404632], [50.032109587610016, 26.580034455077584], [50.032109587610016, 26.577788677140106], [50.034284310528044, 26.57666578817137], [50.036459033446064, 26.577788677140106]]]}, "properties": {"congestion_score": 0.964, "congestion_level": "free_flow", "color": "rgb(43,200,43)", "road_pixel_count": 551}}, {"type": "Feature", "geometry": {"type": "Polygon", "coordinates": [[[50.04080847928211, 26.577788677140106], [50.04080847928211, 26.580034455077584], [50.03863375636409, 26.58115734404632], [50.036459033446064, 26.580034455077584], [50.036459033446064, 26.577788677140106], [50.03863375636409, 26.57666578817137], [50.04080847928211, 26.577788677140106]]]}, "properties": {"congestion_score": 0.998, "congestion_level": "free_flow", "color": "rgb(43,200,43)", "road_pixel_count": 1625}}, {"type": "Feature", "geometry": {"type": "Polygon", "coordinates": [[[50.04515792511817, 26.577788677140106], [50.04515792511817, 26.580034455077584], [50.04298320220014, 26.58115734404632], [50.04080847928211, 26.580034455077584], [50.04080847928211, 26.577788677140106], [50.04298320220014, 26.57666578817137], [50.04515792511817, 26.577788677140106]]]}, "properties": {"congestion_score": 0.993, "congestion_level": "free_flow", "color": "rgb(43,200,43)", "road_pixel_count": 1425}}, {"type": "Feature", "geometry": {"type": "Polygon", "coordinates": [[[50.04950737095422, 26.577788677140106], [50.04950737095422, 26.580034455077584], [50.04733264803619, 26.58115734404632], [50.04515792511817, 26.580034455077584], [50.04515792511817, 26.577788677140106], [50.04733264803619, 26.57666578817137], [50.04950737095422, 26.577788677140106]]]}, "properties": {"congestion_score": 0.961, "congestion_level": "free_flow", "color": "rgb(43,200,43)", "road_pixel_count": 1197}}, {"type": "Feature", "geometry": {"type": "Polygon", "coordinates": [[[50.053856816790265, 26.577788677140106], [50.053856816790265, 26.580034455077584], [50.05168209387224, 26.58115734404632], [50.04950737095422, 26.580034455077584], [50.04950737095422, 26.577788677140106], [50.05168209387224, 26.57666578817137], [50.053856816790265, 26.577788677140106]]]}, "properties": {"congestion_score": 0.942, "congestion_level": "light_congestion", "color": "rgb(255,255,55)", "road_pixel_count": 1851}}, {"type": "Feature", "geometry": {"type": "Polygon", "coordinates": [[[50.058206262626314, 26.577788677140106], [50.058206262626314, 26.580034455077584], [50.05603153970829, 26.58115734404632], [50.053856816790265, 26.580034455077584], [50.053856816790265, 26.577788677140106], [50.05603153970829, 26.57666578817137], [50.058206262626314, 26.577788677140106]]]}, "properties": {"congestion_score": 1.0, "congestion_level": "free_flow", "color": "rgb(43,200,43)", "road_pixel_count": 848}}, {"type": "Feature", "geometry": {"type": "Polygon", "coordinates": [[[50.06255570846236, 26.577788677140106], [50.06255570846236, 26.580034455077584], [50.06038098554434, 26.58115734404632], [50.058206262626314, 26.580034455077584], [50.058206262626314, 26.577788677140106], [50.06038098554434, 26.57666578817137], [50.06255570846236, 26.577788677140106]]]}, "properties": {"congestion_score": 1.0, "congestion_level": "free_flow", "color": "rgb(43,200,43)", "road_pixel_count": 762}}, {"type": "Feature", "geometry": {"type": "Polygon", "coordinates": [[[50.06690515429842, 26.577788677140106], [50.06690515429842, 26.580034455077584], [50.06473043138039, 26.58115734404632], [50.06255570846236, 26.580034455077584], [50.06255570846236, 26.577788677140106], [50.06473043138039, 26.57666578817137], [50.06690515429842, 26.577788677140106]]]}, "properties": {"congestion_score": 1.0, "congestion_level": "free_flow", "color": "rgb(43,200,43)", "road_pixel_count": 1125}}, {"type": "Feature", "geometry": {"type": "Polygon", "coordinates": [[[50.071254600134466, 26.577788677140106], [50.071254600134466, 26.580034455077584], [50.06907987721644, 26.58115734404632], [50.06690515429842, 26.580034455077584], [50.06690515429842, 26.577788677140106], [50.06907987721644, 26.57666578817137], [50.071254600134466, 26.577788677140106]]]}, "properties": {"congestion_score": 1.0, "congestion_level": "free_flow", "color": "rgb(43,200,43)", "road_pixel_count": 1341}}, {"type": "Feature", "geometry": {"type": "Polygon", "coordinates": [[[50.075604045970515, 26.577788677140106], [50.075604045970515, 26.580034455077584], [50.07342932305249, 26.58115734404632], [50.071254600134466, 26.580034455077584], [50.071254600134466, 26.577788677140106], [50.07342932305249, 26.57666578817137], [50.075604045970515, 26.577788677140106]]]}, "properties": {"congestion_score": 1.0, "congestion_level": "free_flow", "color": "rgb(43,200,43)", "road_pixel_count": 1238}}, {"type": "Feature", "geometry": {"type": "Polygon", "coordinates": [[[50.07995349180656, 26.577788677140106], [50.07995349180656, 26.580034455077584], [50.07777876888854, 26.58115734404632], [50.075604045970515, 26.580034455077584], [50.075604045970515, 26.577788677140106], [50.07777876888854, 26.57666578817137], [50.07995349180656, 26.577788677140106]]]}, "properties": {"congestion_score": 1.0, "congestion_level": "free_flow", "color": "rgb(43,200,43)", "road_pixel_count": 560}}, {"type": "Feature", "geometry": {"type": "Polygon", "coordinates": [[[50.08430293764261, 26.577788677140106], [50.08430293764261, 26.580034455077584], [50.08212821472459, 26.58115734404632], [50.07995349180656, 26.580034455077584], [50.07995349180656, 26.577788677140106], [50.08212821472459, 26.57666578817137], [50.08430293764261, 26.577788677140106]]]}, "properties": {"congestion_score": 1.0, "congestion_level": "free_flow", "color": "rgb(43,200,43)", "road_pixel_count": 144}}, {"type": "Feature", "geometry": {"type": "Polygon", "coordinates": [[[50.08865238347867, 26.577788677140106], [50.08865238347867, 26.580034455077584], [50.08647766056064, 26.58115734404632], [50.08430293764261, 26.580034455077584], [50.08430293764261, 26.577788677140106], [50.08647766056064, 26.57666578817137], [50.08865238347867, 26.577788677140106]]]}, "properties": {"congestion_score": 1.0, "congestion_level": "free_flow", "color": "rgb(43,200,43)", "road_pixel_count": 996}}, {"type": "Feature", "geometry": {"type": "Polygon", "coordinates": [[[49.8646559229221, 26.58115734404632], [49.8646559229221, 26.5834031219838], [49.862481200004076, 26.584526010952537], [49.86030647708605, 26.5834031219838], [49.86030647708605, 26.58115734404632], [49.862481200004076, 26.580034455077584], [49.8646559229221, 26.58115734404632]]]}, "properties": {"congestion_score": 0.99, "congestion_level": "free_flow", "color": "rgb(43,200,43)", "road_pixel_count": 1334}}, {"type": "Feature", "geometry": {"type": "Polygon", "coordinates": [[[49.86900536875815, 26.58115734404632], [49.86900536875815, 26.5834031219838], [49.866830645840125, 26.584526010952537], [49.8646559229221, 26.5834031219838], [49.8646559229221, 26.58115734404632], [49.866830645840125, 26.580034455077584], [49.86900536875815, 26.58115734404632]]]}, "properties": {"congestion_score": 1.0, "congestion_level": "free_flow", "color": "rgb(43,200,43)", "road_pixel_count": 146}}, {"type": "Feature", "geometry": {"type": "Polygon", "coordinates": [[[49.929897610462845, 26.58115734404632], [49.929897610462845, 26.5834031219838], [49.927722887544824, 26.584526010952537], [49.9255481646268, 26.5834031219838], [49.9255481646268, 26.58115734404632], [49.927722887544824, 26.580034455077584], [49.929897610462845, 26.58115734404632]]]}, "properties": {"congestion_score": 1.0, "congestion_level": "free_flow", "color": "rgb(43,200,43)", "road_pixel_count": 1121}}, {"type": "Feature", "geometry": {"type": "Polygon", "coordinates": [[[49.934247056298894, 26.58115734404632], [49.934247056298894, 26.5834031219838], [49.93207233338087, 26.584526010952537], [49.929897610462845, 26.5834031219838], [49.929897610462845, 26.58115734404632], [49.93207233338087, 26.580034455077584], [49.934247056298894, 26.58115734404632]]]}, "properties": {"congestion_score": 1.0, "congestion_level": "free_flow", "color": "rgb(43,200,43)", "road_pixel_count": 231}}, {"type": "Feature", "geometry": {"type": "Polygon", "coordinates": [[[49.942945947971, 26.58115734404632], [49.942945947971, 26.5834031219838], [49.94077122505297, 26.584526010952537], [49.93859650213495, 26.5834031219838], [49.93859650213495, 26.58115734404632], [49.94077122505297, 26.580034455077584], [49.942945947971, 26.58115734404632]]]}, "properties": {"congestion_score": 1.0, "congestion_level": "free_flow", "color": "rgb(43,200,43)", "road_pixel_count": 590}}, {"type": "Feature", "geometry": {"type": "Polygon", "coordinates": [[[49.947295393807046, 26.58115734404632], [49.947295393807046, 26.5834031219838], [49.94512067088902, 26.584526010952537], [49.942945947971, 26.5834031219838], [49.942945947971, 26.58115734404632], [49.94512067088902, 26.580034455077584], [49.947295393807046, 26.58115734404632]]]}, "properties": {"congestion_score": 1.0, "congestion_level": "free_flow", "color": "rgb(43,200,43)", "road_pixel_count": 1097}}, {"type": "Feature", "geometry": {"type": "Polygon", "coordinates": [[[49.973392068823344, 26.58115734404632], [49.973392068823344, 26.5834031219838], [49.971217345905316, 26.584526010952537], [49.969042622987295, 26.5834031219838], [49.969042622987295, 26.58115734404632], [49.971217345905316, 26.580034455077584], [49.973392068823344, 26.58115734404632]]]}, "properties": {"congestion_score": 1.0, "congestion_level": "free_flow", "color": "rgb(43,200,43)", "road_pixel_count": 743}}, {"type": "Feature", "geometry": {"type": "Polygon", "coordinates": [[[49.97774151465939, 26.58115734404632], [49.97774151465939, 26.5834031219838], [49.97556679174137, 26.584526010952537], [49.973392068823344, 26.5834031219838], [49.973392068823344, 26.58115734404632], [49.97556679174137, 26.580034455077584], [49.97774151465939, 26.58115734404632]]]}, "properties": {"congestion_score": 0.993, "congestion_level": "free_flow", "color": "rgb(43,200,43)", "road_pixel_count": 1137}}, {"type": "Feature", "geometry": {"type": "Polygon", "coordinates": [[[49.98209096049544, 26.58115734404632], [49.98209096049544, 26.5834031219838], [49.97991623757742, 26.584526010952537], [49.97774151465939, 26.5834031219838], [49.97774151465939, 26.58115734404632], [49.97991623757742, 26.580034455077584], [49.98209096049544, 26.58115734404632]]]}, "properties": {"congestion_score": 0.953, "congestion_level": "free_flow", "color": "rgb(43,200,43)", "road_pixel_count": 1163}}, {"type": "Feature", "geometry": {"type": "Polygon", "coordinates": [[[49.986440406331496, 26.58115734404632], [49.986440406331496, 26.5834031219838], [49.98426568341347, 26.584526010952537], [49.98209096049544, 26.5834031219838], [49.98209096049544, 26.58115734404632], [49.98426568341347, 26.580034455077584], [49.986440406331496, 26.58115734404632]]]}, "properties": {"congestion_score": 0.951, "congestion_level": "free_flow", "color": "rgb(43,200,43)", "road_pixel_count": 551}}, {"type": "Feature", "geometry": {"type": "Polygon", "coordinates": [[[49.990789852167545, 26.58115734404632], [49.990789852167545, 26.5834031219838], [49.98861512924952, 26.584526010952537], [49.986440406331496, 26.5834031219838], [49.986440406331496, 26.58115734404632], [49.98861512924952, 26.580034455077584], [49.990789852167545, 26.58115734404632]]]}, "properties": {"congestion_score": 1.0, "congestion_level": "free_flow", "color": "rgb(43,200,43)", "road_pixel_count": 83}}, {"type": "Feature", "geometry": {"type": "Polygon", "coordinates": [[[49.99513929800359, 26.58115734404632], [49.99513929800359, 26.5834031219838], [49.992964575085566, 26.584526010952537], [49.990789852167545, 26.5834031219838], [49.990789852167545, 26.58115734404632], [49.992964575085566, 26.580034455077584], [49.99513929800359, 26.58115734404632]]]}, "properties": {"congestion_score": 0.998, "congestion_level": "free_flow", "color": "rgb(43,200,43)", "road_pixel_count": 2281}}, {"type": "Feature", "geometry": {"type": "Polygon", "coordinates": [[[49.99948874383964, 26.58115734404632], [49.99948874383964, 26.5834031219838], [49.99731402092162, 26.584526010952537], [49.99513929800359, 26.5834031219838], [49.99513929800359, 26.58115734404632], [49.99731402092162, 26.580034455077584], [49.99948874383964, 26.58115734404632]]]}, "properties": {"congestion_score": 0.997, "congestion_level": "free_flow", "color": "rgb(43,200,43)", "road_pixel_count": 1938}}, {"type": "Feature", "geometry": {"type": "Polygon", "coordinates": [[[50.00383818967569, 26.58115734404632], [50.00383818967569, 26.5834031219838], [50.00166346675767, 26.584526010952537], [49.99948874383964, 26.5834031219838], [49.99948874383964, 26.58115734404632], [50.00166346675767, 26.580034455077584], [50.00383818967569, 26.58115734404632]]]}, "properties": {"congestion_score": 0.998, "congestion_level": "free_flow", "color": "rgb(43,200,43)", "road_pixel_count": 2523}}, {"type": "Feature", "geometry": {"type": "Polygon", "coordinates": [[[50.008187635511746, 26.58115734404632], [50.008187635511746, 26.5834031219838], [50.00601291259372, 26.584526010952537], [50.00383818967569, 26.5834031219838], [50.00383818967569, 26.58115734404632], [50.00601291259372, 26.580034455077584], [50.008187635511746, 26.58115734404632]]]}, "properties": {"congestion_score": 1.0, "congestion_level": "free_flow", "color": "rgb(43,200,43)", "road_pixel_count": 1753}}, {"type": "Feature", "geometry": {"type": "Polygon", "coordinates": [[[50.012537081347794, 26.58115734404632], [50.012537081347794, 26.5834031219838], [50.01036235842977, 26.584526010952537], [50.008187635511746, 26.5834031219838], [50.008187635511746, 26.58115734404632], [50.01036235842977, 26.580034455077584], [50.012537081347794, 26.58115734404632]]]}, "properties": {"congestion_score": 0.942, "congestion_level": "light_congestion", "color": "rgb(255,255,55)", "road_pixel_count": 1792}}, {"type": "Feature", "geometry": {"type": "Polygon", "coordinates": [[[50.01688652718384, 26.58115734404632], [50.01688652718384, 26.5834031219838], [50.014711804265815, 26.584526010952537], [50.012537081347794, 26.5834031219838], [50.012537081347794, 26.58115734404632], [50.014711804265815, 26.580034455077584], [50.01688652718384, 26.58115734404632]]]}, "properties": {"congestion_score": 0.985, "congestion_level": "free_flow", "color": "rgb(43,200,43)", "road_pixel_count": 2106}}, {"type": "Feature", "geometry": {"type": "Polygon", "coordinates": [[[50.02123597301989, 26.58115734404632], [50.02123597301989, 26.5834031219838], [50.01906125010187, 26.584526010952537], [50.01688652718384, 26.5834031219838], [50.01688652718384, 26.58115734404632], [50.01906125010187, 26.580034455077584], [50.02123597301989, 26.58115734404632]]]}, "properties": {"congestion_score": 0.998, "congestion_level": "free_flow", "color": "rgb(43,200,43)", "road_pixel_count": 1852}}, {"type": "Feature", "geometry": {"type": "Polygon", "coordinates": [[[50.02558541885594, 26.58115734404632], [50.02558541885594, 26.5834031219838], [50.02341069593792, 26.584526010952537], [50.02123597301989, 26.5834031219838], [50.02123597301989, 26.58115734404632], [50.02341069593792, 26.580034455077584], [50.02558541885594, 26.58115734404632]]]}, "properties": {"congestion_score": 0.994, "congestion_level": "free_flow", "color": "rgb(43,200,43)", "road_pixel_count": 1528}}, {"type": "Feature", "geometry": {"type": "Polygon", "coordinates": [[[50.02993486469199, 26.58115734404632], [50.02993486469199, 26.5834031219838], [50.02776014177397, 26.584526010952537], [50.02558541885594, 26.5834031219838], [50.02558541885594, 26.58115734404632], [50.02776014177397, 26.580034455077584], [50.02993486469199, 26.58115734404632]]]}, "properties": {"congestion_score": 0.989, "congestion_level": "free_flow", "color": "rgb(43,200,43)", "road_pixel_count": 1786}}, {"type": "Feature", "geometry": {"type": "Polygon", "coordinates": [[[50.034284310528044, 26.58115734404632], [50.034284310528044, 26.5834031219838], [50.032109587610016, 26.584526010952537], [50.02993486469199, 26.5834031219838], [50.02993486469199, 26.58115734404632], [50.032109587610016, 26.580034455077584], [50.034284310528044, 26.58115734404632]]]}, "properties": {"congestion_score": 0.948, "congestion_level": "light_congestion", "color": "rgb(255,255,55)", "road_pixel_count": 1298}}, {"type": "Feature", "geometry": {"type": "Polygon", "coordinates": [[[50.03863375636409, 26.58115734404632], [50.03863375636409, 26.5834031219838], [50.036459033446064, 26.584526010952537], [50.034284310528044, 26.5834031219838], [50.034284310528044, 26.58115734404632], [50.036459033446064, 26.580034455077584], [50.03863375636409, 26.58115734404632]]]}, "properties": {"congestion_score": 0.951, "congestion_level": "free_flow", "color": "rgb(43,200,43)", "road_pixel_count": 1108}}, {"type": "Feature", "geometry": {"type": "Polygon", "coordinates": [[[50.04298320220014, 26.58115734404632], [50.04298320220014, 26.5834031219838], [50.04080847928211, 26.584526010952537], [50.03863375636409, 26.5834031219838], [50.03863375636409, 26.58115734404632], [50.04080847928211, 26.580034455077584], [50.04298320220014, 26.58115734404632]]]}, "properties": {"congestion_score": 0.94, "congestion_level": "light_congestion", "color": "rgb(255,255,55)", "road_pixel_count": 1341}}, {"type": "Feature", "geometry": {"type": "Polygon", "coordinates": [[[50.04733264803619, 26.58115734404632], [50.04733264803619, 26.5834031219838], [50.04515792511817, 26.584526010952537], [50.04298320220014, 26.5834031219838], [50.04298320220014, 26.58115734404632], [50.04515792511817, 26.580034455077584], [50.04733264803619, 26.58115734404632]]]}, "properties": {"congestion_score": 0.946, "congestion_level": "light_congestion", "color": "rgb(255,255,55)", "road_pixel_count": 1622}}, {"type": "Feature", "geometry": {"type": "Polygon", "coordinates": [[[50.05168209387224, 26.58115734404632], [50.05168209387224, 26.5834031219838], [50.04950737095422, 26.584526010952537], [50.04733264803619, 26.5834031219838], [50.04733264803619, 26.58115734404632], [50.04950737095422, 26.580034455077584], [50.05168209387224, 26.58115734404632]]]}, "properties": {"congestion_score": 0.93, "congestion_level": "light_congestion", "color": "rgb(255,255,55)", "road_pixel_count": 1653}}, {"type": "Feature", "geometry": {"type": "Polygon", "coordinates": [[[50.05603153970829, 26.58115734404632], [50.05603153970829, 26.5834031219838], [50.053856816790265, 26.584526010952537], [50.05168209387224, 26.5834031219838], [50.05168209387224, 26.58115734404632], [50.053856816790265, 26.580034455077584], [50.05603153970829, 26.58115734404632]]]}, "properties": {"congestion_score": 0.998, "congestion_level": "free_flow", "color": "rgb(43,200,43)", "road_pixel_count": 1242}}, {"type": "Feature", "geometry": {"type": "Polygon", "coordinates": [[[50.06907987721644, 26.58115734404632], [50.06907987721644, 26.5834031219838], [50.06690515429842, 26.584526010952537], [50.06473043138039, 26.5834031219838], [50.06473043138039, 26.58115734404632], [50.06690515429842, 26.580034455077584], [50.06907987721644, 26.58115734404632]]]}, "properties": {"congestion_score": 1.0, "congestion_level": "free_flow", "color": "rgb(43,200,43)", "road_pixel_count": 470}}, {"type": "Feature", "geometry": {"type": "Polygon", "coordinates": [[[50.07342932305249, 26.58115734404632], [50.07342932305249, 26.5834031219838], [50.071254600134466, 26.584526010952537], [50.06907987721644, 26.5834031219838], [50.06907987721644, 26.58115734404632], [50.071254600134466, 26.580034455077584], [50.07342932305249, 26.58115734404632]]]}, "properties": {"congestion_score": 1.0, "congestion_level": "free_flow", "color": "rgb(43,200,43)", "road_pixel_count": 74}}, {"type": "Feature", "geometry": {"type": "Polygon", "coordinates": [[[50.07777876888854, 26.58115734404632], [50.07777876888854, 26.5834031219838], [50.075604045970515, 26.584526010952537], [50.07342932305249, 26.5834031219838], [50.07342932305249, 26.58115734404632], [50.075604045970515, 26.580034455077584], [50.07777876888854, 26.58115734404632]]]}, "properties": {"congestion_score": 1.0, "congestion_level": "free_flow", "color": "rgb(43,200,43)", "road_pixel_count": 833}}, {"type": "Feature", "geometry": {"type": "Polygon", "coordinates": [[[50.08647766056064, 26.58115734404632], [50.08647766056064, 26.5834031219838], [50.08430293764261, 26.584526010952537], [50.08212821472459, 26.5834031219838], [50.08212821472459, 26.58115734404632], [50.08430293764261, 26.580034455077584], [50.08647766056064, 26.58115734404632]]]}, "properties": {"congestion_score": 1.0, "congestion_level": "free_flow", "color": "rgb(43,200,43)", "road_pixel_count": 633}}, {"type": "Feature", "geometry": {"type": "Polygon", "coordinates": [[[50.09082710639669, 26.58115734404632], [50.09082710639669, 26.5834031219838], [50.08865238347867, 26.584526010952537], [50.08647766056064, 26.5834031219838], [50.08647766056064, 26.58115734404632], [50.08865238347867, 26.580034455077584], [50.09082710639669, 26.58115734404632]]]}, "properties": {"congestion_score": 1.0, "congestion_level": "free_flow", "color": "rgb(43,200,43)", "road_pixel_count": 66}}, {"type": "Feature", "geometry": {"type": "Polygon", "coordinates": [[[49.85813175416803, 26.584526010952537], [49.85813175416803, 26.586771788890015], [49.85595703125, 26.587894677858756], [49.85378230833197, 26.586771788890015], [49.85378230833197, 26.584526010952537], [49.85595703125, 26.5834031219838], [49.85813175416803, 26.584526010952537]]]}, "properties": {"congestion_score": 0.997, "congestion_level": "free_flow", "color": "rgb(43,200,43)", "road_pixel_count": 574}}, {"type": "Feature", "geometry": {"type": "Polygon", "coordinates": [[[49.862481200004076, 26.584526010952537], [49.862481200004076, 26.586771788890015], [49.86030647708605, 26.587894677858756], [49.85813175416803, 26.586771788890015], [49.85813175416803, 26.584526010952537], [49.86030647708605, 26.5834031219838], [49.862481200004076, 26.584526010952537]]]}, "properties": {"congestion_score": 0.998, "congestion_level": "free_flow", "color": "rgb(43,200,43)", "road_pixel_count": 1196}}, {"type": "Feature", "geometry": {"type": "Polygon", "coordinates": [[[49.93207233338087, 26.584526010952537], [49.93207233338087, 26.586771788890015], [49.929897610462845, 26.587894677858756], [49.927722887544824, 26.586771788890015], [49.927722887544824, 26.584526010952537], [49.929897610462845, 26.5834031219838], [49.93207233338087, 26.584526010952537]]]}, "properties": {"congestion_score": 1.0, "congestion_level": "free_flow", "color": "rgb(43,200,43)", "road_pixel_count": 1217}}, {"type": "Feature", "geometry": {"type": "Polygon", "coordinates": [[[49.93642177921692, 26.584526010952537], [49.93642177921692, 26.586771788890015], [49.934247056298894, 26.587894677858756], [49.93207233338087, 26.586771788890015], [49.93207233338087, 26.584526010952537], [49.934247056298894, 26.5834031219838], [49.93642177921692, 26.584526010952537]]]}, "properties": {"congestion_score": 1.0, "congestion_level": "free_flow", "color": "rgb(43,200,43)", "road_pixel_count": 491}}, {"type": "Feature", "geometry": {"type": "Polygon", "coordinates": [[[49.94077122505297, 26.584526010952537], [49.94077122505297, 26.586771788890015], [49.93859650213495, 26.587894677858756], [49.93642177921692, 26.586771788890015], [49.93642177921692, 26.584526010952537], [49.93859650213495, 26.5834031219838], [49.94077122505297, 26.584526010952537]]]}, "properties": {"congestion_score": 1.0, "congestion_level": "free_flow", "color": "rgb(43,200,43)", "road_pixel_count": 26}}, {"type": "Feature", "geometry": {"type": "Polygon", "coordinates": [[[49.94512067088902, 26.584526010952537], [49.94512067088902, 26.586771788890015], [49.942945947971, 26.587894677858756], [49.94077122505297, 26.586771788890015], [49.94077122505297, 26.584526010952537], [49.942945947971, 26.5834031219838], [49.94512067088902, 26.584526010952537]]]}, "properties": {"congestion_score": 1.0, "congestion_level": "free_flow", "color": "rgb(43,200,43)", "road_pixel_count": 2123}}, {"type": "Feature", "geometry": {"type": "Polygon", "coordinates": [[[49.97991623757742, 26.584526010952537], [49.97991623757742, 26.586771788890015], [49.97774151465939, 26.587894677858756], [49.97556679174137, 26.586771788890015], [49.97556679174137, 26.584526010952537], [49.97774151465939, 26.5834031219838], [49.97991623757742, 26.584526010952537]]]}, "properties": {"congestion_score": 1.0, "congestion_level": "free_flow", "color": "rgb(43,200,43)", "road_pixel_count": 31}}, {"type": "Feature", "geometry": {"type": "Polygon", "coordinates": [[[49.98426568341347, 26.584526010952537], [49.98426568341347, 26.586771788890015], [49.98209096049544, 26.587894677858756], [49.97991623757742, 26.586771788890015], [49.97991623757742, 26.584526010952537], [49.98209096049544, 26.5834031219838], [49.98426568341347, 26.584526010952537]]]}, "properties": {"congestion_score": 0.953, "congestion_level": "free_flow", "color": "rgb(43,200,43)", "road_pixel_count": 2021}}, {"type": "Feature", "geometry": {"type": "Polygon", "coordinates": [[[49.98861512924952, 26.584526010952537], [49.98861512924952, 26.586771788890015], [49.986440406331496, 26.587894677858756], [49.98426568341347, 26.586771788890015], [49.98426568341347, 26.584526010952537], [49.986440406331496, 26.5834031219838], [49.98861512924952, 26.584526010952537]]]}, "properties": {"congestion_score": 1.0, "congestion_level": "free_flow", "color": "rgb(43,200,43)", "road_pixel_count": 1222}}, {"type": "Feature", "geometry": {"type": "Polygon", "coordinates": [[[49.992964575085566, 26.584526010952537], [49.992964575085566, 26.586771788890015], [49.990789852167545, 26.587894677858756], [49.98861512924952, 26.586771788890015], [49.98861512924952, 26.584526010952537], [49.990789852167545, 26.5834031219838], [49.992964575085566, 26.584526010952537]]]}, "properties": {"congestion_score": 1.0, "congestion_level": "free_flow", "color": "rgb(43,200,43)", "road_pixel_count": 1768}}, {"type": "Feature", "geometry": {"type": "Polygon", "coordinates": [[[49.99731402092162, 26.584526010952537], [49.99731402092162, 26.586771788890015], [49.99513929800359, 26.587894677858756], [49.992964575085566, 26.586771788890015], [49.992964575085566, 26.584526010952537], [49.99513929800359, 26.5834031219838], [49.99731402092162, 26.584526010952537]]]}, "properties": {"congestion_score": 0.99, "congestion_level": "free_flow", "color": "rgb(43,200,43)", "road_pixel_count": 1336}}, {"type": "Feature", "geometry": {"type": "Polygon", "coordinates": [[[50.00166346675767, 26.584526010952537], [50.00166346675767, 26.586771788890015], [49.99948874383964, 26.587894677858756], [49.99731402092162, 26.586771788890015], [49.99731402092162, 26.584526010952537], [49.99948874383964, 26.5834031219838], [50.00166346675767, 26.584526010952537]]]}, "properties": {"congestion_score": 1.0, "congestion_level": "free_flow", "color": "rgb(43,200,43)", "road_pixel_count": 858}}, {"type": "Feature", "geometry": {"type": "Polygon", "coordinates": [[[50.01036235842977, 26.584526010952537], [50.01036235842977, 26.586771788890015], [50.008187635511746, 26.587894677858756], [50.00601291259372, 26.586771788890015], [50.00601291259372, 26.584526010952537], [50.008187635511746, 26.5834031219838], [50.01036235842977, 26.584526010952537]]]}, "properties": {"congestion_score": 0.891, "congestion_level": "light_congestion", "color": "rgb(255,255,55)", "road_pixel_count": 731}}, {"type": "Feature", "geometry": {"type": "Polygon", "coordinates": [[[50.014711804265815, 26.584526010952537], [50.014711804265815, 26.586771788890015], [50.012537081347794, 26.587894677858756], [50.01036235842977, 26.586771788890015], [50.01036235842977, 26.584526010952537], [50.012537081347794, 26.5834031219838], [50.014711804265815, 26.584526010952537]]]}, "properties": {"congestion_score": 0.63, "congestion_level": "heavy_traffic", "color": "rgb(255,35,35)", "road_pixel_count": 558}}, {"type": "Feature", "geometry": {"type": "Polygon", "coordinates": [[[50.01906125010187, 26.584526010952537], [50.01906125010187, 26.586771788890015], [50.01688652718384, 26.587894677858756], [50.014711804265815, 26.586771788890015], [50.014711804265815, 26.584526010952537], [50.01688652718384, 26.5834031219838], [50.01906125010187, 26.584526010952537]]]}, "properties": {"congestion_score": 0.953, "congestion_level": "free_flow", "color": "rgb(43,200,43)", "road_pixel_count": 1313}}, {"type": "Feature", "geometry": {"type": "Polygon", "coordinates": [[[50.02341069593792, 26.584526010952537], [50.02341069593792, 26.586771788890015], [50.02123597301989, 26.587894677858756], [50.01906125010187, 26.586771788890015], [50.01906125010187, 26.584526010952537], [50.02123597301989, 26.5834031219838], [50.02341069593792, 26.584526010952537]]]}, "properties": {"congestion_score": 1.0, "congestion_level": "free_flow", "color": "rgb(43,200,43)", "road_pixel_count": 938}}, {"type": "Feature", "geometry": {"type": "Polygon", "coordinates": [[[50.032109587610016, 26.584526010952537], [50.032109587610016, 26.586771788890015], [50.02993486469199, 26.587894677858756], [50.02776014177397, 26.586771788890015], [50.02776014177397, 26.584526010952537], [50.02993486469199, 26.5834031219838], [50.032109587610016, 26.584526010952537]]]}, "properties": {"congestion_score": 0.993, "congestion_level": "free_flow", "color": "rgb(43,200,43)", "road_pixel_count": 1763}}, {"type": "Feature", "geometry": {"type": "Polygon", "coordinates": [[[50.04515792511817, 26.584526010952537], [50.04515792511817, 26.586771788890015], [50.04298320220014, 26.587894677858756], [50.04080847928211, 26.586771788890015], [50.04080847928211, 26.584526010952537], [50.04298320220014, 26.5834031219838], [50.04515792511817, 26.584526010952537]]]}, "properties": {"congestion_score": 1.0, "congestion_level": "free_flow", "color": "rgb(43,200,43)", "road_pixel_count": 154}}, {"type": "Feature", "geometry": {"type": "Polygon", "coordinates": [[[50.04950737095422, 26.584526010952537], [50.04950737095422, 26.586771788890015], [50.04733264803619, 26.587894677858756], [50.04515792511817, 26.586771788890015], [50.04515792511817, 26.584526010952537], [50.04733264803619, 26.5834031219838], [50.04950737095422, 26.584526010952537]]]}, "properties": {"congestion_score": 1.0, "congestion_level": "free_flow", "color": "rgb(43,200,43)", "road_pixel_count": 227}}, {"type": "Feature", "geometry": {"type": "Polygon", "coordinates": [[[50.053856816790265, 26.584526010952537], [50.053856816790265, 26.586771788890015], [50.05168209387224, 26.587894677858756], [50.04950737095422, 26.586771788890015], [50.04950737095422, 26.584526010952537], [50.05168209387224, 26.5834031219838], [50.053856816790265, 26.584526010952537]]]}, "properties": {"congestion_score": 0.925, "congestion_level": "light_congestion", "color": "rgb(255,255,55)", "road_pixel_count": 1310}}, {"type": "Feature", "geometry": {"type": "Polygon", "coordinates": [[[50.071254600134466, 26.584526010952537], [50.071254600134466, 26.586771788890015], [50.06907987721644, 26.587894677858756], [50.06690515429842, 26.586771788890015], [50.06690515429842, 26.584526010952537], [50.06907987721644, 26.5834031219838], [50.071254600134466, 26.584526010952537]]]}, "properties": {"congestion_score": 1.0, "congestion_level": "free_flow", "color": "rgb(43,200,43)", "road_pixel_count": 595}}, {"type": "Feature", "geometry": {"type": "Polygon", "coordinates": [[[50.075604045970515, 26.584526010952537], [50.075604045970515, 26.586771788890015], [50.07342932305249, 26.587894677858756], [50.071254600134466, 26.586771788890015], [50.071254600134466, 26.584526010952537], [50.07342932305249, 26.5834031219838], [50.075604045970515, 26.584526010952537]]]}, "properties": {"congestion_score": 1.0, "congestion_level": "free_flow", "color": "rgb(43,200,43)", "road_pixel_count": 499}}, {"type": "Feature", "geometry": {"type": "Polygon", "coordinates": [[[50.07995349180656, 26.584526010952537], [50.07995349180656, 26.586771788890015], [50.07777876888854, 26.587894677858756], [50.075604045970515, 26.586771788890015], [50.075604045970515, 26.584526010952537], [50.07777876888854, 26.5834031219838], [50.07995349180656, 26.584526010952537]]]}, "properties": {"congestion_score": 1.0, "congestion_level": "free_flow", "color": "rgb(43,200,43)", "road_pixel_count": 649}}, {"type": "Feature", "geometry": {"type": "Polygon", "coordinates": [[[50.08430293764261, 26.584526010952537], [50.08430293764261, 26.586771788890015], [50.08212821472459, 26.587894677858756], [50.07995349180656, 26.586771788890015], [50.07995349180656, 26.584526010952537], [50.08212821472459, 26.5834031219838], [50.08430293764261, 26.584526010952537]]]}, "properties": {"congestion_score": 1.0, "congestion_level": "free_flow", "color": "rgb(43,200,43)", "road_pixel_count": 770}}, {"type": "Feature", "geometry": {"type": "Polygon", "coordinates": [[[49.86030647708605, 26.587894677858756], [49.86030647708605, 26.59014045579623], [49.85813175416803, 26.591263344764972], [49.85595703125, 26.59014045579623], [49.85595703125, 26.587894677858756], [49.85813175416803, 26.586771788890015], [49.86030647708605, 26.587894677858756]]]}, "properties": {"congestion_score": 0.982, "congestion_level": "free_flow", "color": "rgb(43,200,43)", "road_pixel_count": 323}}, {"type": "Feature", "geometry": {"type": "Polygon", "coordinates": [[[49.934247056298894, 26.587894677858756], [49.934247056298894, 26.59014045579623], [49.93207233338087, 26.591263344764972], [49.929897610462845, 26.59014045579623], [49.929897610462845, 26.587894677858756], [49.93207233338087, 26.586771788890015], [49.934247056298894, 26.587894677858756]]]}, "properties": {"congestion_score": 1.0, "congestion_level": "free_flow", "color": "rgb(43,200,43)", "road_pixel_count": 666}}, {"type": "Feature", "geometry": {"type": "Polygon", "coordinates": [[[49.93859650213495, 26.587894677858756], [49.93859650213495, 26.59014045579623], [49.93642177921692, 26.591263344764972], [49.934247056298894, 26.59014045579623], [49.934247056298894, 26.587894677858756], [49.93642177921692, 26.586771788890015], [49.93859650213495, 26.587894677858756]]]}, "properties": {"congestion_score": 1.0, "congestion_level": "free_flow", "color": "rgb(43,200,43)", "road_pixel_count": 1445}}, {"type": "Feature", "geometry": {"type": "Polygon", "coordinates": [[[49.942945947971, 26.587894677858756], [49.942945947971, 26.59014045579623], [49.94077122505297, 26.591263344764972], [49.93859650213495, 26.59014045579623], [49.93859650213495, 26.587894677858756], [49.94077122505297, 26.586771788890015], [49.942945947971, 26.587894677858756]]]}, "properties": {"congestion_score": 1.0, "congestion_level": "free_flow", "color": "rgb(43,200,43)", "road_pixel_count": 2702}}, {"type": "Feature", "geometry": {"type": "Polygon", "coordinates": [[[49.947295393807046, 26.587894677858756], [49.947295393807046, 26.59014045579623], [49.94512067088902, 26.591263344764972], [49.942945947971, 26.59014045579623], [49.942945947971, 26.587894677858756], [49.94512067088902, 26.586771788890015], [49.947295393807046, 26.587894677858756]]]}, "properties": {"congestion_score": 1.0, "congestion_level": "free_flow", "color": "rgb(43,200,43)", "road_pixel_count": 19}}, {"type": "Feature", "geometry": {"type": "Polygon", "coordinates": [[[49.98209096049544, 26.587894677858756], [49.98209096049544, 26.59014045579623], [49.97991623757742, 26.591263344764972], [49.97774151465939, 26.59014045579623], [49.97774151465939, 26.587894677858756], [49.97991623757742, 26.586771788890015], [49.98209096049544, 26.587894677858756]]]}, "properties": {"congestion_score": 1.0, "congestion_level": "free_flow", "color": "rgb(43,200,43)", "road_pixel_count": 723}}, {"type": "Feature", "geometry": {"type": "Polygon", "coordinates": [[[49.986440406331496, 26.587894677858756], [49.986440406331496, 26.59014045579623], [49.98426568341347, 26.591263344764972], [49.98209096049544, 26.59014045579623], [49.98209096049544, 26.587894677858756], [49.98426568341347, 26.586771788890015], [49.986440406331496, 26.587894677858756]]]}, "properties": {"congestion_score": 1.0, "congestion_level": "free_flow", "color": "rgb(43,200,43)", "road_pixel_count": 1006}}, {"type": "Feature", "geometry": {"type": "Polygon", "coordinates": [[[49.990789852167545, 26.587894677858756], [49.990789852167545, 26.59014045579623], [49.98861512924952, 26.591263344764972], [49.986440406331496, 26.59014045579623], [49.986440406331496, 26.587894677858756], [49.98861512924952, 26.586771788890015], [49.990789852167545, 26.587894677858756]]]}, "properties": {"congestion_score": 1.0, "congestion_level": "free_flow", "color": "rgb(43,200,43)", "road_pixel_count": 1730}}, {"type": "Feature", "geometry": {"type": "Polygon", "coordinates": [[[49.99513929800359, 26.587894677858756], [49.99513929800359, 26.59014045579623], [49.992964575085566, 26.591263344764972], [49.990789852167545, 26.59014045579623], [49.990789852167545, 26.587894677858756], [49.992964575085566, 26.586771788890015], [49.99513929800359, 26.587894677858756]]]}, "properties": {"congestion_score": 1.0, "congestion_level": "free_flow", "color": "rgb(43,200,43)", "road_pixel_count": 176}}, {"type": "Feature", "geometry": {"type": "Polygon", "coordinates": [[[49.99948874383964, 26.587894677858756], [49.99948874383964, 26.59014045579623], [49.99731402092162, 26.591263344764972], [49.99513929800359, 26.59014045579623], [49.99513929800359, 26.587894677858756], [49.99731402092162, 26.586771788890015], [49.99948874383964, 26.587894677858756]]]}, "properties": {"congestion_score": 0.91, "congestion_level": "light_congestion", "color": "rgb(255,255,55)", "road_pixel_count": 1601}}, {"type": "Feature", "geometry": {"type": "Polygon", "coordinates": [[[50.008187635511746, 26.587894677858756], [50.008187635511746, 26.59014045579623], [50.00601291259372, 26.591263344764972], [50.00383818967569, 26.59014045579623], [50.00383818967569, 26.587894677858756], [50.00601291259372, 26.586771788890015], [50.008187635511746, 26.587894677858756]]]}, "properties": {"congestion_score": 1.0, "congestion_level": "free_flow", "color": "rgb(43,200,43)", "road_pixel_count": 90}}, {"type": "Feature", "geometry": {"type": "Polygon", "coordinates": [[[50.012537081347794, 26.587894677858756], [50.012537081347794, 26.59014045579623], [50.01036235842977, 26.591263344764972], [50.008187635511746, 26.59014045579623], [50.008187635511746, 26.587894677858756], [50.01036235842977, 26.586771788890015], [50.012537081347794, 26.587894677858756]]]}, "properties": {"congestion_score": 0.881, "congestion_level": "light_congestion", "color": "rgb(255,255,55)", "road_pixel_count": 1685}}, {"type": "Feature", "geometry": {"type": "Polygon", "coordinates": [[[50.01688652718384, 26.587894677858756], [50.01688652718384, 26.59014045579623], [50.014711804265815, 26.591263344764972], [50.012537081347794, 26.59014045579623], [50.012537081347794, 26.587894677858756], [50.014711804265815, 26.586771788890015], [50.01688652718384, 26.587894677858756]]]}, "properties": {"congestion_score": 1.0, "congestion_level": "free_flow", "color": "rgb(43,200,43)", "road_pixel_count": 632}}, {"type": "Feature", "geometry": {"type": "Polygon", "coordinates": [[[50.02123597301989, 26.587894677858756], [50.02123597301989, 26.59014045579623], [50.01906125010187, 26.591263344764972], [50.01688652718384, 26.59014045579623], [50.01688652718384, 26.587894677858756], [50.01906125010187, 26.586771788890015], [50.02123597301989, 26.587894677858756]]]}, "properties": {"congestion_score": 1.0, "congestion_level": "free_flow", "color": "rgb(43,200,43)", "road_pixel_count": 451}}, {"type": "Feature", "geometry": {"type": "Polygon", "coordinates": [[[50.02558541885594, 26.587894677858756], [50.02558541885594, 26.59014045579623], [50.02341069593792, 26.591263344764972], [50.02123597301989, 26.59014045579623], [50.02123597301989, 26.587894677858756], [50.02341069593792, 26.586771788890015], [50.02558541885594, 26.587894677858756]]]}, "properties": {"congestion_score": 1.0, "congestion_level": "free_flow", "color": "rgb(43,200,43)", "road_pixel_count": 401}}, {"type": "Feature", "geometry": {"type": "Polygon", "coordinates": [[[50.02993486469199, 26.587894677858756], [50.02993486469199, 26.59014045579623], [50.02776014177397, 26.591263344764972], [50.02558541885594, 26.59014045579623], [50.02558541885594, 26.587894677858756], [50.02776014177397, 26.586771788890015], [50.02993486469199, 26.587894677858756]]]}, "properties": {"congestion_score": 0.99, "congestion_level": "free_flow", "color": "rgb(43,200,43)", "road_pixel_count": 692}}, {"type": "Feature", "geometry": {"type": "Polygon", "coordinates": [[[50.034284310528044, 26.587894677858756], [50.034284310528044, 26.59014045579623], [50.032109587610016, 26.591263344764972], [50.02993486469199, 26.59014045579623], [50.02993486469199, 26.587894677858756], [50.032109587610016, 26.586771788890015], [50.034284310528044, 26.587894677858756]]]}, "properties": {"congestion_score": 0.995, "congestion_level": "free_flow", "color": "rgb(43,200,43)", "road_pixel_count": 1663}}, {"type": "Feature", "geometry": {"type": "Polygon", "coordinates": [[[50.03863375636409, 26.587894677858756], [50.03863375636409, 26.59014045579623], [50.036459033446064, 26.591263344764972], [50.034284310528044, 26.59014045579623], [50.034284310528044, 26.587894677858756], [50.036459033446064, 26.586771788890015], [50.03863375636409, 26.587894677858756]]]}, "properties": {"congestion_score": 0.964, "congestion_level": "free_flow", "color": "rgb(43,200,43)", "road_pixel_count": 1482}}, {"type": "Feature", "geometry": {"type": "Polygon", "coordinates": [[[50.04298320220014, 26.587894677858756], [50.04298320220014, 26.59014045579623], [50.04080847928211, 26.591263344764972], [50.03863375636409, 26.59014045579623], [50.03863375636409, 26.587894677858756], [50.04080847928211, 26.586771788890015], [50.04298320220014, 26.587894677858756]]]}, "properties": {"congestion_score": 0.932, "congestion_level": "light_congestion", "color": "rgb(255,255,55)", "road_pixel_count": 1099}}, {"type": "Feature", "geometry": {"type": "Polygon", "coordinates": [[[50.04733264803619, 26.587894677858756], [50.04733264803619, 26.59014045579623], [50.04515792511817, 26.591263344764972], [50.04298320220014, 26.59014045579623], [50.04298320220014, 26.587894677858756], [50.04515792511817, 26.586771788890015], [50.04733264803619, 26.587894677858756]]]}, "properties": {"congestion_score": 0.959, "congestion_level": "free_flow", "color": "rgb(43,200,43)", "road_pixel_count": 1025}}, {"type": "Feature", "geometry": {"type": "Polygon", "coordinates": [[[50.05168209387224, 26.587894677858756], [50.05168209387224, 26.59014045579623], [50.04950737095422, 26.591263344764972], [50.04733264803619, 26.59014045579623], [50.04733264803619, 26.587894677858756], [50.04950737095422, 26.586771788890015], [50.05168209387224, 26.587894677858756]]]}, "properties": {"congestion_score": 0.913, "congestion_level": "light_congestion", "color": "rgb(255,255,55)", "road_pixel_count": 1255}}, {"type": "Feature", "geometry": {"type": "Polygon", "coordinates": [[[50.07342932305249, 26.587894677858756], [50.07342932305249, 26.59014045579623], [50.071254600134466, 26.591263344764972], [50.06907987721644, 26.59014045579623], [50.06907987721644, 26.587894677858756], [50.071254600134466, 26.586771788890015], [50.07342932305249, 26.587894677858756]]]}, "properties": {"congestion_score": 1.0, "congestion_level": "free_flow", "color": "rgb(43,200,43)", "road_pixel_count": 91}}, {"type": "Feature", "geometry": {"type": "Polygon", "coordinates": [[[50.08212821472459, 26.587894677858756], [50.08212821472459, 26.59014045579623], [50.07995349180656, 26.591263344764972], [50.07777876888854, 26.59014045579623], [50.07777876888854, 26.587894677858756], [50.07995349180656, 26.586771788890015], [50.08212821472459, 26.587894677858756]]]}, "properties": {"congestion_score": 1.0, "congestion_level": "free_flow", "color": "rgb(43,200,43)", "road_pixel_count": 114}}, {"type": "Feature", "geometry": {"type": "Polygon", "coordinates": [[[49.94077122505297, 26.591263344764972], [49.94077122505297, 26.59350912270245], [49.93859650213495, 26.594632011671187], [49.93642177921692, 26.59350912270245], [49.93642177921692, 26.591263344764972], [49.93859650213495, 26.59014045579623], [49.94077122505297, 26.591263344764972]]]}, "properties": {"congestion_score": 1.0, "congestion_level": "free_flow", "color": "rgb(43,200,43)", "road_pixel_count": 2502}}, {"type": "Feature", "geometry": {"type": "Polygon", "coordinates": [[[49.94512067088902, 26.591263344764972], [49.94512067088902, 26.59350912270245], [49.942945947971, 26.594632011671187], [49.94077122505297, 26.59350912270245], [49.94077122505297, 26.591263344764972], [49.942945947971, 26.59014045579623], [49.94512067088902, 26.591263344764972]]]}, "properties": {"congestion_score": 1.0, "congestion_level": "free_flow", "color": "rgb(43,200,43)", "road_pixel_count": 1980}}, {"type": "Feature", "geometry": {"type": "Polygon", "coordinates": [[[49.949470116725074, 26.591263344764972], [49.949470116725074, 26.59350912270245], [49.947295393807046, 26.594632011671187], [49.94512067088902, 26.59350912270245], [49.94512067088902, 26.591263344764972], [49.947295393807046, 26.59014045579623], [49.949470116725074, 26.591263344764972]]]}, "properties": {"congestion_score": 1.0, "congestion_level": "free_flow", "color": "rgb(43,200,43)", "road_pixel_count": 1490}}, {"type": "Feature", "geometry": {"type": "Polygon", "coordinates": [[[49.95381956256112, 26.591263344764972], [49.95381956256112, 26.59350912270245], [49.951644839643095, 26.594632011671187], [49.949470116725074, 26.59350912270245], [49.949470116725074, 26.591263344764972], [49.951644839643095, 26.59014045579623], [49.95381956256112, 26.591263344764972]]]}, "properties": {"congestion_score": 1.0, "congestion_level": "free_flow", "color": "rgb(43,200,43)", "road_pixel_count": 1279}}, {"type": "Feature", "geometry": {"type": "Polygon", "coordinates": [[[49.97991623757742, 26.591263344764972], [49.97991623757742, 26.59350912270245], [49.97774151465939, 26.594632011671187], [49.97556679174137, 26.59350912270245], [49.97556679174137, 26.591263344764972], [49.97774151465939, 26.59014045579623], [49.97991623757742, 26.591263344764972]]]}, "properties": {"congestion_score": 1.0, "congestion_level": "free_flow", "color": "rgb(43,200,43)", "road_pixel_count": 454}}, {"type": "Feature", "geometry": {"type": "Polygon", "coordinates": [[[49.98426568341347, 26.591263344764972], [49.98426568341347, 26.59350912270245], [49.98209096049544, 26.594632011671187], [49.97991623757742, 26.59350912270245], [49.97991623757742, 26.591263344764972], [49.98209096049544, 26.59014045579623], [49.98426568341347, 26.591263344764972]]]}, "properties": {"congestion_score": 0.877, "congestion_level": "light_congestion", "color": "rgb(255,255,55)", "road_pixel_count": 1213}}, {"type": "Feature", "geometry": {"type": "Polygon", "coordinates": [[[49.98861512924952, 26.591263344764972], [49.98861512924952, 26.59350912270245], [49.986440406331496, 26.594632011671187], [49.98426568341347, 26.59350912270245], [49.98426568341347, 26.591263344764972], [49.986440406331496, 26.59014045579623], [49.98861512924952, 26.591263344764972]]]}, "properties": {"congestion_score": 1.0, "congestion_level": "free_flow", "color": "rgb(43,200,43)", "road_pixel_count": 1729}}, {"type": "Feature", "geometry": {"type": "Polygon", "coordinates": [[[49.992964575085566, 26.591263344764972], [49.992964575085566, 26.59350912270245], [49.990789852167545, 26.594632011671187], [49.98861512924952, 26.59350912270245], [49.98861512924952, 26.591263344764972], [49.990789852167545, 26.59014045579623], [49.992964575085566, 26.591263344764972]]]}, "properties": {"congestion_score": 1.0, "congestion_level": "free_flow", "color": "rgb(43,200,43)", "road_pixel_count": 715}}, {"type": "Feature", "geometry": {"type": "Polygon", "coordinates": [[[49.99731402092162, 26.591263344764972], [49.99731402092162, 26.59350912270245], [49.99513929800359, 26.594632011671187], [49.992964575085566, 26.59350912270245], [49.992964575085566, 26.591263344764972], [49.99513929800359, 26.59014045579623], [49.99731402092162, 26.591263344764972]]]}, "properties": {"congestion_score": 1.0, "congestion_level": "free_flow", "color": "rgb(43,200,43)", "road_pixel_count": 1776}}, {"type": "Feature", "geometry": {"type": "Polygon", "coordinates": [[[50.00166346675767, 26.591263344764972], [50.00166346675767, 26.59350912270245], [49.99948874383964, 26.594632011671187], [49.99731402092162, 26.59350912270245], [49.99731402092162, 26.591263344764972], [49.99948874383964, 26.59014045579623], [50.00166346675767, 26.591263344764972]]]}, "properties": {"congestion_score": 1.0, "congestion_level": "free_flow", "color": "rgb(43,200,43)", "road_pixel_count": 11}}, {"type": "Feature", "geometry": {"type": "Polygon", "coordinates": [[[50.01036235842977, 26.591263344764972], [50.01036235842977, 26.59350912270245], [50.008187635511746, 26.594632011671187], [50.00601291259372, 26.59350912270245], [50.00601291259372, 26.591263344764972], [50.008187635511746, 26.59014045579623], [50.01036235842977, 26.591263344764972]]]}, "properties": {"congestion_score": 1.0, "congestion_level": "free_flow", "color": "rgb(43,200,43)", "road_pixel_count": 949}}, {"type": "Feature", "geometry": {"type": "Polygon", "coordinates": [[[50.014711804265815, 26.591263344764972], [50.014711804265815, 26.59350912270245], [50.012537081347794, 26.594632011671187], [50.01036235842977, 26.59350912270245], [50.01036235842977, 26.591263344764972], [50.012537081347794, 26.59014045579623], [50.014711804265815, 26.591263344764972]]]}, "properties": {"congestion_score": 1.0, "congestion_level": "free_flow", "color": "rgb(43,200,43)", "road_pixel_count": 1172}}, {"type": "Feature", "geometry": {"type": "Polygon", "coordinates": [[[50.01906125010187, 26.591263344764972], [50.01906125010187, 26.59350912270245], [50.01688652718384, 26.594632011671187], [50.014711804265815, 26.59350912270245], [50.014711804265815, 26.591263344764972], [50.01688652718384, 26.59014045579623], [50.01906125010187, 26.591263344764972]]]}, "properties": {"congestion_score": 1.0, "congestion_level": "free_flow", "color": "rgb(43,200,43)", "road_pixel_count": 1397}}, {"type": "Feature", "geometry": {"type": "Polygon", "coordinates": [[[50.02341069593792, 26.591263344764972], [50.02341069593792, 26.59350912270245], [50.02123597301989, 26.594632011671187], [50.01906125010187, 26.59350912270245], [50.01906125010187, 26.591263344764972], [50.02123597301989, 26.59014045579623], [50.02341069593792, 26.591263344764972]]]}, "properties": {"congestion_score": 1.0, "congestion_level": "free_flow", "color": "rgb(43,200,43)", "road_pixel_count": 1409}}, {"type": "Feature", "geometry": {"type": "Polygon", "coordinates": [[[50.036459033446064, 26.591263344764972], [50.036459033446064, 26.59350912270245], [50.034284310528044, 26.594632011671187], [50.032109587610016, 26.59350912270245], [50.032109587610016, 26.591263344764972], [50.034284310528044, 26.59014045579623], [50.036459033446064, 26.591263344764972]]]}, "properties": {"congestion_score": 1.0, "congestion_level": "free_flow", "color": "rgb(43,200,43)", "road_pixel_count": 5}}, {"type": "Feature", "geometry": {"type": "Polygon", "coordinates": [[[50.04080847928211, 26.591263344764972], [50.04080847928211, 26.59350912270245], [50.03863375636409, 26.594632011671187], [50.036459033446064, 26.59350912270245], [50.036459033446064, 26.591263344764972], [50.03863375636409, 26.59014045579623], [50.04080847928211, 26.591263344764972]]]}, "properties": {"congestion_score": 0.659, "congestion_level": "light_congestion", "color": "rgb(255,255,55)", "road_pixel_count": 28}}, {"type": "Feature", "geometry": {"type": "Polygon", "coordinates": [[[50.04515792511817, 26.591263344764972], [50.04515792511817, 26.59350912270245], [50.04298320220014, 26.594632011671187], [50.04080847928211, 26.59350912270245], [50.04080847928211, 26.591263344764972], [50.04298320220014, 26.59014045579623], [50.04515792511817, 26.591263344764972]]]}, "properties": {"congestion_score": 0.935, "congestion_level": "light_congestion", "color": "rgb(255,255,55)", "road_pixel_count": 419}}, {"type": "Feature", "geometry": {"type": "Polygon", "coordinates": [[[50.04950737095422, 26.591263344764972], [50.04950737095422, 26.59350912270245], [50.04733264803619, 26.594632011671187], [50.04515792511817, 26.59350912270245], [50.04515792511817, 26.591263344764972], [50.04733264803619, 26.59014045579623], [50.04950737095422, 26.591263344764972]]]}, "properties": {"congestion_score": 0.933, "congestion_level": "light_congestion", "color": "rgb(255,255,55)", "road_pixel_count": 1191}}, {"type": "Feature", "geometry": {"type": "Polygon", "coordinates": [[[50.053856816790265, 26.591263344764972], [50.053856816790265, 26.59350912270245], [50.05168209387224, 26.594632011671187], [50.04950737095422, 26.59350912270245], [50.04950737095422, 26.591263344764972], [50.05168209387224, 26.59014045579623], [50.053856816790265, 26.591263344764972]]]}, "properties": {"congestion_score": 0.879, "congestion_level": "light_congestion", "color": "rgb(255,255,55)", "road_pixel_count": 389}}, {"type": "Feature", "geometry": {"type": "Polygon", "coordinates": [[[49.93859650213495, 26.594632011671187], [49.93859650213495, 26.596877789608666], [49.93642177921692, 26.598000678577403], [49.934247056298894, 26.596877789608666], [49.934247056298894, 26.594632011671187], [49.93642177921692, 26.59350912270245], [49.93859650213495, 26.594632011671187]]]}, "properties": {"congestion_score": 1.0, "congestion_level": "free_flow", "color": "rgb(43,200,43)", "road_pixel_count": 1211}}, {"type": "Feature", "geometry": {"type": "Polygon", "coordinates": [[[49.942945947971, 26.594632011671187], [49.942945947971, 26.596877789608666], [49.94077122505297, 26.598000678577403], [49.93859650213495, 26.596877789608666], [49.93859650213495, 26.594632011671187], [49.94077122505297, 26.59350912270245], [49.942945947971, 26.594632011671187]]]}, "properties": {"congestion_score": 1.0, "congestion_level": "free_flow", "color": "rgb(43,200,43)", "road_pixel_count": 1196}}, {"type": "Feature", "geometry": {"type": "Polygon", "coordinates": [[[49.95599428547914, 26.594632011671187], [49.95599428547914, 26.596877789608666], [49.95381956256112, 26.598000678577403], [49.951644839643095, 26.596877789608666], [49.951644839643095, 26.594632011671187], [49.95381956256112, 26.59350912270245], [49.95599428547914, 26.594632011671187]]]}, "properties": {"congestion_score": 1.0, "congestion_level": "free_flow", "color": "rgb(43,200,43)", "road_pixel_count": 1368}}, {"type": "Feature", "geometry": {"type": "Polygon", "coordinates": [[[49.96034373131519, 26.594632011671187], [49.96034373131519, 26.596877789608666], [49.95816900839717, 26.598000678577403], [49.95599428547914, 26.596877789608666], [49.95599428547914, 26.594632011671187], [49.95816900839717, 26.59350912270245], [49.96034373131519, 26.594632011671187]]]}, "properties": {"congestion_score": 1.0, "congestion_level": "free_flow", "color": "rgb(43,200,43)", "road_pixel_count": 785}}, {"type": "Feature", "geometry": {"type": "Polygon", "coordinates": [[[49.98209096049544, 26.594632011671187], [49.98209096049544, 26.596877789608666], [49.97991623757742, 26.598000678577403], [49.97774151465939, 26.596877789608666], [49.97774151465939, 26.594632011671187], [49.97991623757742, 26.59350912270245], [49.98209096049544, 26.594632011671187]]]}, "properties": {"congestion_score": 0.92, "congestion_level": "light_congestion", "color": "rgb(255,255,55)", "road_pixel_count": 1089}}, {"type": "Feature", "geometry": {"type": "Polygon", "coordinates": [[[49.986440406331496, 26.594632011671187], [49.986440406331496, 26.596877789608666], [49.98426568341347, 26.598000678577403], [49.98209096049544, 26.596877789608666], [49.98209096049544, 26.594632011671187], [49.98426568341347, 26.59350912270245], [49.986440406331496, 26.594632011671187]]]}, "properties": {"congestion_score": 0.991, "congestion_level": "free_flow", "color": "rgb(43,200,43)", "road_pixel_count": 2255}}, {"type": "Feature", "geometry": {"type": "Polygon", "coordinates": [[[49.990789852167545, 26.594632011671187], [49.990789852167545, 26.596877789608666], [49.98861512924952, 26.598000678577403], [49.986440406331496, 26.596877789608666], [49.986440406331496, 26.594632011671187], [49.98861512924952, 26.59350912270245], [49.990789852167545, 26.594632011671187]]]}, "properties": {"congestion_score": 1.0, "congestion_level": "free_flow", "color": "rgb(43,200,43)", "road_pixel_count": 1215}}, {"type": "Feature", "geometry": {"type": "Polygon", "coordinates": [[[49.99513929800359, 26.594632011671187], [49.99513929800359, 26.596877789608666], [49.992964575085566, 26.598000678577403], [49.990789852167545, 26.596877789608666], [49.990789852167545, 26.594632011671187], [49.992964575085566, 26.59350912270245], [49.99513929800359, 26.594632011671187]]]}, "properties": {"congestion_score": 1.0, "congestion_level": "free_flow", "color": "rgb(43,200,43)", "road_pixel_count": 1783}}, {"type": "Feature", "geometry": {"type": "Polygon", "coordinates": [[[50.012537081347794, 26.594632011671187], [50.012537081347794, 26.596877789608666], [50.01036235842977, 26.598000678577403], [50.008187635511746, 26.596877789608666], [50.008187635511746, 26.594632011671187], [50.01036235842977, 26.59350912270245], [50.012537081347794, 26.594632011671187]]]}, "properties": {"congestion_score": 1.0, "congestion_level": "free_flow", "color": "rgb(43,200,43)", "road_pixel_count": 434}}, {"type": "Feature", "geometry": {"type": "Polygon", "coordinates": [[[50.02123597301989, 26.594632011671187], [50.02123597301989, 26.596877789608666], [50.01906125010187, 26.598000678577403], [50.01688652718384, 26.596877789608666], [50.01688652718384, 26.594632011671187], [50.01906125010187, 26.59350912270245], [50.02123597301989, 26.594632011671187]]]}, "properties": {"congestion_score": 1.0, "congestion_level": "free_flow", "color": "rgb(43,200,43)", "road_pixel_count": 664}}, {"type": "Feature", "geometry": {"type": "Polygon", "coordinates": [[[49.93642177921692, 26.598000678577403], [49.93642177921692, 26.60024645651488], [49.934247056298894, 26.60136934548362], [49.93207233338087, 26.60024645651488], [49.93207233338087, 26.598000678577403], [49.934247056298894, 26.596877789608666], [49.93642177921692, 26.598000678577403]]]}, "properties": {"congestion_score": 1.0, "congestion_level": "free_flow", "color": "rgb(43,200,43)", "road_pixel_count": 345}}, {"type": "Feature", "geometry": {"type": "Polygon", "coordinates": [[[49.94077122505297, 26.598000678577403], [49.94077122505297, 26.60024645651488], [49.93859650213495, 26.60136934548362], [49.93642177921692, 26.60024645651488], [49.93642177921692, 26.598000678577403], [49.93859650213495, 26.596877789608666], [49.94077122505297, 26.598000678577403]]]}, "properties": {"congestion_score": 1.0, "congestion_level": "free_flow", "color": "rgb(43,200,43)", "road_pixel_count": 1558}}, {"type": "Feature", "geometry": {"type": "Polygon", "coordinates": [[[49.95816900839717, 26.598000678577403], [49.95816900839717, 26.60024645651488], [49.95599428547914, 26.60136934548362], [49.95381956256112, 26.60024645651488], [49.95381956256112, 26.598000678577403], [49.95599428547914, 26.596877789608666], [49.95816900839717, 26.598000678577403]]]}, "properties": {"congestion_score": 1.0, "congestion_level": "free_flow", "color": "rgb(43,200,43)", "road_pixel_count": 300}}, {"type": "Feature", "geometry": {"type": "Polygon", "coordinates": [[[49.96251845423322, 26.598000678577403], [49.96251845423322, 26.60024645651488], [49.96034373131519, 26.60136934548362], [49.95816900839717, 26.60024645651488], [49.95816900839717, 26.598000678577403], [49.96034373131519, 26.596877789608666], [49.96251845423322, 26.598000678577403]]]}, "properties": {"congestion_score": 1.0, "congestion_level": "free_flow", "color": "rgb(43,200,43)", "road_pixel_count": 1467}}, {"type": "Feature", "geometry": {"type": "Polygon", "coordinates": [[[49.98426568341347, 26.598000678577403], [49.98426568341347, 26.60024645651488], [49.98209096049544, 26.60136934548362], [49.97991623757742, 26.60024645651488], [49.97991623757742, 26.598000678577403], [49.98209096049544, 26.596877789608666], [49.98426568341347, 26.598000678577403]]]}, "properties": {"congestion_score": 0.995, "congestion_level": "free_flow", "color": "rgb(43,200,43)", "road_pixel_count": 907}}, {"type": "Feature", "geometry": {"type": "Polygon", "coordinates": [[[49.98861512924952, 26.598000678577403], [49.98861512924952, 26.60024645651488], [49.986440406331496, 26.60136934548362], [49.98426568341347, 26.60024645651488], [49.98426568341347, 26.598000678577403], [49.986440406331496, 26.596877789608666], [49.98861512924952, 26.598000678577403]]]}, "properties": {"congestion_score": 1.0, "congestion_level": "free_flow", "color": "rgb(43,200,43)", "road_pixel_count": 891}}, {"type": "Feature", "geometry": {"type": "Polygon", "coordinates": [[[49.992964575085566, 26.598000678577403], [49.992964575085566, 26.60024645651488], [49.990789852167545, 26.60136934548362], [49.98861512924952, 26.60024645651488], [49.98861512924952, 26.598000678577403], [49.990789852167545, 26.596877789608666], [49.992964575085566, 26.598000678577403]]]}, "properties": {"congestion_score": 1.0, "congestion_level": "free_flow", "color": "rgb(43,200,43)", "road_pixel_count": 813}}, {"type": "Feature", "geometry": {"type": "Polygon", "coordinates": [[[49.99731402092162, 26.598000678577403], [49.99731402092162, 26.60024645651488], [49.99513929800359, 26.60136934548362], [49.992964575085566, 26.60024645651488], [49.992964575085566, 26.598000678577403], [49.99513929800359, 26.596877789608666], [49.99731402092162, 26.598000678577403]]]}, "properties": {"congestion_score": 1.0, "congestion_level": "free_flow", "color": "rgb(43,200,43)", "road_pixel_count": 516}}, {"type": "Feature", "geometry": {"type": "Polygon", "coordinates": [[[50.00166346675767, 26.598000678577403], [50.00166346675767, 26.60024645651488], [49.99948874383964, 26.60136934548362], [49.99731402092162, 26.60024645651488], [49.99731402092162, 26.598000678577403], [49.99948874383964, 26.596877789608666], [50.00166346675767, 26.598000678577403]]]}, "properties": {"congestion_score": 1.0, "congestion_level": "free_flow", "color": "rgb(43,200,43)", "road_pixel_count": 716}}, {"type": "Feature", "geometry": {"type": "Polygon", "coordinates": [[[50.00601291259372, 26.598000678577403], [50.00601291259372, 26.60024645651488], [50.00383818967569, 26.60136934548362], [50.00166346675767, 26.60024645651488], [50.00166346675767, 26.598000678577403], [50.00383818967569, 26.596877789608666], [50.00601291259372, 26.598000678577403]]]}, "properties": {"congestion_score": 1.0, "congestion_level": "free_flow", "color": "rgb(43,200,43)", "road_pixel_count": 529}}, {"type": "Feature", "geometry": {"type": "Polygon", "coordinates": [[[50.01036235842977, 26.598000678577403], [50.01036235842977, 26.60024645651488], [50.008187635511746, 26.60136934548362], [50.00601291259372, 26.60024645651488], [50.00601291259372, 26.598000678577403], [50.008187635511746, 26.596877789608666], [50.01036235842977, 26.598000678577403]]]}, "properties": {"congestion_score": 1.0, "congestion_level": "free_flow", "color": "rgb(43,200,43)", "road_pixel_count": 747}}, {"type": "Feature", "geometry": {"type": "Polygon", "coordinates": [[[50.014711804265815, 26.598000678577403], [50.014711804265815, 26.60024645651488], [50.012537081347794, 26.60136934548362], [50.01036235842977, 26.60024645651488], [50.01036235842977, 26.598000678577403], [50.012537081347794, 26.596877789608666], [50.014711804265815, 26.598000678577403]]]}, "properties": {"congestion_score": 1.0, "congestion_level": "free_flow", "color": "rgb(43,200,43)", "road_pixel_count": 395}}, {"type": "Feature", "geometry": {"type": "Polygon", "coordinates": [[[50.01906125010187, 26.598000678577403], [50.01906125010187, 26.60024645651488], [50.01688652718384, 26.60136934548362], [50.014711804265815, 26.60024645651488], [50.014711804265815, 26.598000678577403], [50.01688652718384, 26.596877789608666], [50.01906125010187, 26.598000678577403]]]}, "properties": {"congestion_score": 1.0, "congestion_level": "free_flow", "color": "rgb(43,200,43)", "road_pixel_count": 402}}, {"type": "Feature", "geometry": {"type": "Polygon", "coordinates": [[[50.02341069593792, 26.598000678577403], [50.02341069593792, 26.60024645651488], [50.02123597301989, 26.60136934548362], [50.01906125010187, 26.60024645651488], [50.01906125010187, 26.598000678577403], [50.02123597301989, 26.596877789608666], [50.02341069593792, 26.598000678577403]]]}, "properties": {"congestion_score": 1.0, "congestion_level": "free_flow", "color": "rgb(43,200,43)", "road_pixel_count": 339}}, {"type": "Feature", "geometry": {"type": "Polygon", "coordinates": [[[49.93859650213495, 26.60136934548362], [49.93859650213495, 26.603615123421097], [49.93642177921692, 26.604738012389838], [49.934247056298894, 26.603615123421097], [49.934247056298894, 26.60136934548362], [49.93642177921692, 26.60024645651488], [49.93859650213495, 26.60136934548362]]]}, "properties": {"congestion_score": 1.0, "congestion_level": "free_flow", "color": "rgb(43,200,43)", "road_pixel_count": 1975}}, {"type": "Feature", "geometry": {"type": "Polygon", "coordinates": [[[49.96469317715125, 26.60136934548362], [49.96469317715125, 26.603615123421097], [49.96251845423322, 26.604738012389838], [49.96034373131519, 26.603615123421097], [49.96034373131519, 26.60136934548362], [49.96251845423322, 26.60024645651488], [49.96469317715125, 26.60136934548362]]]}, "properties": {"congestion_score": 1.0, "congestion_level": "free_flow", "color": "rgb(43,200,43)", "road_pixel_count": 1488}}, {"type": "Feature", "geometry": {"type": "Polygon", "coordinates": [[[49.969042622987295, 26.60136934548362], [49.969042622987295, 26.603615123421097], [49.96686790006927, 26.604738012389838], [49.96469317715125, 26.603615123421097], [49.96469317715125, 26.60136934548362], [49.96686790006927, 26.60024645651488], [49.969042622987295, 26.60136934548362]]]}, "properties": {"congestion_score": 1.0, "congestion_level": "free_flow", "color": "rgb(43,200,43)", "road_pixel_count": 56}}, {"type": "Feature", "geometry": {"type": "Polygon", "coordinates": [[[49.98209096049544, 26.60136934548362], [49.98209096049544, 26.603615123421097], [49.97991623757742, 26.604738012389838], [49.97774151465939, 26.603615123421097], [49.97774151465939, 26.60136934548362], [49.97991623757742, 26.60024645651488], [49.98209096049544, 26.60136934548362]]]}, "properties": {"congestion_score": 0.929, "congestion_level": "light_congestion", "color": "rgb(255,255,55)", "road_pixel_count": 612}}, {"type": "Feature", "geometry": {"type": "Polygon", "coordinates": [[[49.986440406331496, 26.60136934548362], [49.986440406331496, 26.603615123421097], [49.98426568341347, 26.604738012389838], [49.98209096049544, 26.603615123421097], [49.98209096049544, 26.60136934548362], [49.98426568341347, 26.60024645651488], [49.986440406331496, 26.60136934548362]]]}, "properties": {"congestion_score": 1.0, "congestion_level": "free_flow", "color": "rgb(43,200,43)", "road_pixel_count": 1603}}, {"type": "Feature", "geometry": {"type": "Polygon", "coordinates": [[[49.990789852167545, 26.60136934548362], [49.990789852167545, 26.603615123421097], [49.98861512924952, 26.604738012389838], [49.986440406331496, 26.603615123421097], [49.986440406331496, 26.60136934548362], [49.98861512924952, 26.60024645651488], [49.990789852167545, 26.60136934548362]]]}, "properties": {"congestion_score": 1.0, "congestion_level": "free_flow", "color": "rgb(43,200,43)", "road_pixel_count": 764}}, {"type": "Feature", "geometry": {"type": "Polygon", "coordinates": [[[50.008187635511746, 26.60136934548362], [50.008187635511746, 26.603615123421097], [50.00601291259372, 26.604738012389838], [50.00383818967569, 26.603615123421097], [50.00383818967569, 26.60136934548362], [50.00601291259372, 26.60024645651488], [50.008187635511746, 26.60136934548362]]]}, "properties": {"congestion_score": 1.0, "congestion_level": "free_flow", "color": "rgb(43,200,43)", "road_pixel_count": 660}}, {"type": "Feature", "geometry": {"type": "Polygon", "coordinates": [[[50.012537081347794, 26.60136934548362], [50.012537081347794, 26.603615123421097], [50.01036235842977, 26.604738012389838], [50.008187635511746, 26.603615123421097], [50.008187635511746, 26.60136934548362], [50.01036235842977, 26.60024645651488], [50.012537081347794, 26.60136934548362]]]}, "properties": {"congestion_score": 1.0, "congestion_level": "free_flow", "color": "rgb(43,200,43)", "road_pixel_count": 319}}, {"type": "Feature", "geometry": {"type": "Polygon", "coordinates": [[[50.01688652718384, 26.60136934548362], [50.01688652718384, 26.603615123421097], [50.014711804265815, 26.604738012389838], [50.012537081347794, 26.603615123421097], [50.012537081347794, 26.60136934548362], [50.014711804265815, 26.60024645651488], [50.01688652718384, 26.60136934548362]]]}, "properties": {"congestion_score": 1.0, "congestion_level": "free_flow", "color": "rgb(43,200,43)", "road_pixel_count": 252}}, {"type": "Feature", "geometry": {"type": "Polygon", "coordinates": [[[50.02123597301989, 26.60136934548362], [50.02123597301989, 26.603615123421097], [50.01906125010187, 26.604738012389838], [50.01688652718384, 26.603615123421097], [50.01688652718384, 26.60136934548362], [50.01906125010187, 26.60024645651488], [50.02123597301989, 26.60136934548362]]]}, "properties": {"congestion_score": 1.0, "congestion_level": "free_flow", "color": "rgb(43,200,43)", "road_pixel_count": 809}}, {"type": "Feature", "geometry": {"type": "Polygon", "coordinates": [[[49.93642177921692, 26.604738012389838], [49.93642177921692, 26.606983790327313], [49.934247056298894, 26.608106679296053], [49.93207233338087, 26.606983790327313], [49.93207233338087, 26.604738012389838], [49.934247056298894, 26.603615123421097], [49.93642177921692, 26.604738012389838]]]}, "properties": {"congestion_score": 1.0, "congestion_level": "free_flow", "color": "rgb(43,200,43)", "road_pixel_count": 2066}}, {"type": "Feature", "geometry": {"type": "Polygon", "coordinates": [[[49.96686790006927, 26.604738012389838], [49.96686790006927, 26.606983790327313], [49.96469317715125, 26.608106679296053], [49.96251845423322, 26.606983790327313], [49.96251845423322, 26.604738012389838], [49.96469317715125, 26.603615123421097], [49.96686790006927, 26.604738012389838]]]}, "properties": {"congestion_score": 1.0, "congestion_level": "free_flow", "color": "rgb(43,200,43)", "road_pixel_count": 1356}}, {"type": "Feature", "geometry": {"type": "Polygon", "coordinates": [[[49.971217345905316, 26.604738012389838], [49.971217345905316, 26.606983790327313], [49.969042622987295, 26.608106679296053], [49.96686790006927, 26.606983790327313], [49.96686790006927, 26.604738012389838], [49.969042622987295, 26.603615123421097], [49.971217345905316, 26.604738012389838]]]}, "properties": {"congestion_score": 1.0, "congestion_level": "free_flow", "color": "rgb(43,200,43)", "road_pixel_count": 340}}, {"type": "Feature", "geometry": {"type": "Polygon", "coordinates": [[[49.97991623757742, 26.604738012389838], [49.97991623757742, 26.606983790327313], [49.97774151465939, 26.608106679296053], [49.97556679174137, 26.606983790327313], [49.97556679174137, 26.604738012389838], [49.97774151465939, 26.603615123421097], [49.97991623757742, 26.604738012389838]]]}, "properties": {"congestion_score": 1.0, "congestion_level": "free_flow", "color": "rgb(43,200,43)", "road_pixel_count": 357}}, {"type": "Feature", "geometry": {"type": "Polygon", "coordinates": [[[49.98426568341347, 26.604738012389838], [49.98426568341347, 26.606983790327313], [49.98209096049544, 26.608106679296053], [49.97991623757742, 26.606983790327313], [49.97991623757742, 26.604738012389838], [49.98209096049544, 26.603615123421097], [49.98426568341347, 26.604738012389838]]]}, "properties": {"congestion_score": 1.0, "congestion_level": "free_flow", "color": "rgb(43,200,43)", "road_pixel_count": 1704}}, {"type": "Feature", "geometry": {"type": "Polygon", "coordinates": [[[49.98861512924952, 26.604738012389838], [49.98861512924952, 26.606983790327313], [49.986440406331496, 26.608106679296053], [49.98426568341347, 26.606983790327313], [49.98426568341347, 26.604738012389838], [49.986440406331496, 26.603615123421097], [49.98861512924952, 26.604738012389838]]]}, "properties": {"congestion_score": 1.0, "congestion_level": "free_flow", "color": "rgb(43,200,43)", "road_pixel_count": 730}}, {"type": "Feature", "geometry": {"type": "Polygon", "coordinates": [[[50.01036235842977, 26.604738012389838], [50.01036235842977, 26.606983790327313], [50.008187635511746, 26.608106679296053], [50.00601291259372, 26.606983790327313], [50.00601291259372, 26.604738012389838], [50.008187635511746, 26.603615123421097], [50.01036235842977, 26.604738012389838]]]}, "properties": {"congestion_score": 1.0, "congestion_level": "free_flow", "color": "rgb(43,200,43)", "road_pixel_count": 583}}, {"type": "Feature", "geometry": {"type": "Polygon", "coordinates": [[[50.01906125010187, 26.604738012389838], [50.01906125010187, 26.606983790327313], [50.01688652718384, 26.608106679296053], [50.014711804265815, 26.606983790327313], [50.014711804265815, 26.604738012389838], [50.01688652718384, 26.603615123421097], [50.01906125010187, 26.604738012389838]]]}, "properties": {"congestion_score": 1.0, "congestion_level": "free_flow", "color": "rgb(43,200,43)", "road_pixel_count": 698}}, {"type": "Feature", "geometry": {"type": "Polygon", "coordinates": [[[49.934247056298894, 26.608106679296053], [49.934247056298894, 26.61035245723353], [49.93207233338087, 26.61147534620227], [49.929897610462845, 26.61035245723353], [49.929897610462845, 26.608106679296053], [49.93207233338087, 26.606983790327313], [49.934247056298894, 26.608106679296053]]]}, "properties": {"congestion_score": 1.0, "congestion_level": "free_flow", "color": "rgb(43,200,43)", "road_pixel_count": 1326}}, {"type": "Feature", "geometry": {"type": "Polygon", "coordinates": [[[49.93859650213495, 26.608106679296053], [49.93859650213495, 26.61035245723353], [49.93642177921692, 26.61147534620227], [49.934247056298894, 26.61035245723353], [49.934247056298894, 26.608106679296053], [49.93642177921692, 26.606983790327313], [49.93859650213495, 26.608106679296053]]]}, "properties": {"congestion_score": 1.0, "congestion_level": "free_flow", "color": "rgb(43,200,43)", "road_pixel_count": 309}}, {"type": "Feature", "geometry": {"type": "Polygon", "coordinates": [[[49.969042622987295, 26.608106679296053], [49.969042622987295, 26.61035245723353], [49.96686790006927, 26.61147534620227], [49.96469317715125, 26.61035245723353], [49.96469317715125, 26.608106679296053], [49.96686790006927, 26.606983790327313], [49.969042622987295, 26.608106679296053]]]}, "properties": {"congestion_score": 1.0, "congestion_level": "free_flow", "color": "rgb(43,200,43)", "road_pixel_count": 969}}, {"type": "Feature", "geometry": {"type": "Polygon", "coordinates": [[[49.973392068823344, 26.608106679296053], [49.973392068823344, 26.61035245723353], [49.971217345905316, 26.61147534620227], [49.969042622987295, 26.61035245723353], [49.969042622987295, 26.608106679296053], [49.971217345905316, 26.606983790327313], [49.973392068823344, 26.608106679296053]]]}, "properties": {"congestion_score": 1.0, "congestion_level": "free_flow", "color": "rgb(43,200,43)", "road_pixel_count": 753}}, {"type": "Feature", "geometry": {"type": "Polygon", "coordinates": [[[49.98209096049544, 26.608106679296053], [49.98209096049544, 26.61035245723353], [49.97991623757742, 26.61147534620227], [49.97774151465939, 26.61035245723353], [49.97774151465939, 26.608106679296053], [49.97991623757742, 26.606983790327313], [49.98209096049544, 26.608106679296053]]]}, "properties": {"congestion_score": 1.0, "congestion_level": "free_flow", "color": "rgb(43,200,43)", "road_pixel_count": 2052}}, {"type": "Feature", "geometry": {"type": "Polygon", "coordinates": [[[49.986440406331496, 26.608106679296053], [49.986440406331496, 26.61035245723353], [49.98426568341347, 26.61147534620227], [49.98209096049544, 26.61035245723353], [49.98209096049544, 26.608106679296053], [49.98426568341347, 26.606983790327313], [49.986440406331496, 26.608106679296053]]]}, "properties": {"congestion_score": 1.0, "congestion_level": "free_flow", "color": "rgb(43,200,43)", "road_pixel_count": 588}}, {"type": "Feature", "geometry": {"type": "Polygon", "coordinates": [[[50.008187635511746, 26.608106679296053], [50.008187635511746, 26.61035245723353], [50.00601291259372, 26.61147534620227], [50.00383818967569, 26.61035245723353], [50.00383818967569, 26.608106679296053], [50.00601291259372, 26.606983790327313], [50.008187635511746, 26.608106679296053]]]}, "properties": {"congestion_score": 1.0, "congestion_level": "free_flow", "color": "rgb(43,200,43)", "road_pixel_count": 405}}, {"type": "Feature", "geometry": {"type": "Polygon", "coordinates": [[[50.01688652718384, 26.608106679296053], [50.01688652718384, 26.61035245723353], [50.014711804265815, 26.61147534620227], [50.012537081347794, 26.61035245723353], [50.012537081347794, 26.608106679296053], [50.014711804265815, 26.606983790327313], [50.01688652718384, 26.608106679296053]]]}, "properties": {"congestion_score": 1.0, "congestion_level": "free_flow", "color": "rgb(43,200,43)", "road_pixel_count": 345}}, {"type": "Feature", "geometry": {"type": "Polygon", "coordinates": [[[50.02123597301989, 26.608106679296053], [50.02123597301989, 26.61035245723353], [50.01906125010187, 26.61147534620227], [50.01688652718384, 26.61035245723353], [50.01688652718384, 26.608106679296053], [50.01906125010187, 26.606983790327313], [50.02123597301989, 26.608106679296053]]]}, "properties": {"congestion_score": 1.0, "congestion_level": "free_flow", "color": "rgb(43,200,43)", "road_pixel_count": 184}}, {"type": "Feature", "geometry": {"type": "Polygon", "coordinates": [[[49.93207233338087, 26.61147534620227], [49.93207233338087, 26.613721124139747], [49.929897610462845, 26.614844013108485], [49.927722887544824, 26.613721124139747], [49.927722887544824, 26.61147534620227], [49.929897610462845, 26.61035245723353], [49.93207233338087, 26.61147534620227]]]}, "properties": {"congestion_score": 1.0, "congestion_level": "free_flow", "color": "rgb(43,200,43)", "road_pixel_count": 7}}, {"type": "Feature", "geometry": {"type": "Polygon", "coordinates": [[[49.93642177921692, 26.61147534620227], [49.93642177921692, 26.613721124139747], [49.934247056298894, 26.614844013108485], [49.93207233338087, 26.613721124139747], [49.93207233338087, 26.61147534620227], [49.934247056298894, 26.61035245723353], [49.93642177921692, 26.61147534620227]]]}, "properties": {"congestion_score": 1.0, "congestion_level": "free_flow", "color": "rgb(43,200,43)", "road_pixel_count": 1784}}, {"type": "Feature", "geometry": {"type": "Polygon", "coordinates": [[[49.971217345905316, 26.61147534620227], [49.971217345905316, 26.613721124139747], [49.969042622987295, 26.614844013108485], [49.96686790006927, 26.613721124139747], [49.96686790006927, 26.61147534620227], [49.969042622987295, 26.61035245723353], [49.971217345905316, 26.61147534620227]]]}, "properties": {"congestion_score": 1.0, "congestion_level": "free_flow", "color": "rgb(43,200,43)", "road_pixel_count": 841}}, {"type": "Feature", "geometry": {"type": "Polygon", "coordinates": [[[49.97556679174137, 26.61147534620227], [49.97556679174137, 26.613721124139747], [49.973392068823344, 26.614844013108485], [49.971217345905316, 26.613721124139747], [49.971217345905316, 26.61147534620227], [49.973392068823344, 26.61035245723353], [49.97556679174137, 26.61147534620227]]]}, "properties": {"congestion_score": 1.0, "congestion_level": "free_flow", "color": "rgb(43,200,43)", "road_pixel_count": 386}}, {"type": "Feature", "geometry": {"type": "Polygon", "coordinates": [[[49.97991623757742, 26.61147534620227], [49.97991623757742, 26.613721124139747], [49.97774151465939, 26.614844013108485], [49.97556679174137, 26.613721124139747], [49.97556679174137, 26.61147534620227], [49.97774151465939, 26.61035245723353], [49.97991623757742, 26.61147534620227]]]}, "properties": {"congestion_score": 1.0, "congestion_level": "free_flow", "color": "rgb(43,200,43)", "road_pixel_count": 1729}}, {"type": "Feature", "geometry": {"type": "Polygon", "coordinates": [[[50.01036235842977, 26.61147534620227], [50.01036235842977, 26.613721124139747], [50.008187635511746, 26.614844013108485], [50.00601291259372, 26.613721124139747], [50.00601291259372, 26.61147534620227], [50.008187635511746, 26.61035245723353], [50.01036235842977, 26.61147534620227]]]}, "properties": {"congestion_score": 1.0, "congestion_level": "free_flow", "color": "rgb(43,200,43)", "road_pixel_count": 167}}, {"type": "Feature", "geometry": {"type": "Polygon", "coordinates": [[[50.01906125010187, 26.61147534620227], [50.01906125010187, 26.613721124139747], [50.01688652718384, 26.614844013108485], [50.014711804265815, 26.613721124139747], [50.014711804265815, 26.61147534620227], [50.01688652718384, 26.61035245723353], [50.01906125010187, 26.61147534620227]]]}, "properties": {"congestion_score": 1.0, "congestion_level": "free_flow", "color": "rgb(43,200,43)", "road_pixel_count": 665}}, {"type": "Feature", "geometry": {"type": "Polygon", "coordinates": [[[49.934247056298894, 26.614844013108485], [49.934247056298894, 26.617089791045963], [49.93207233338087, 26.6182126800147], [49.929897610462845, 26.617089791045963], [49.929897610462845, 26.614844013108485], [49.93207233338087, 26.613721124139747], [49.934247056298894, 26.614844013108485]]]}, "properties": {"congestion_score": 1.0, "congestion_level": "free_flow", "color": "rgb(43,200,43)", "road_pixel_count": 1956}}, {"type": "Feature", "geometry": {"type": "Polygon", "coordinates": [[[49.973392068823344, 26.614844013108485], [49.973392068823344, 26.617089791045963], [49.971217345905316, 26.6182126800147], [49.969042622987295, 26.617089791045963], [49.969042622987295, 26.614844013108485], [49.971217345905316, 26.613721124139747], [49.973392068823344, 26.614844013108485]]]}, "properties": {"congestion_score": 1.0, "congestion_level": "free_flow", "color": "rgb(43,200,43)", "road_pixel_count": 1742}}, {"type": "Feature", "geometry": {"type": "Polygon", "coordinates": [[[49.97774151465939, 26.614844013108485], [49.97774151465939, 26.617089791045963], [49.97556679174137, 26.6182126800147], [49.973392068823344, 26.617089791045963], [49.973392068823344, 26.614844013108485], [49.97556679174137, 26.613721124139747], [49.97774151465939, 26.614844013108485]]]}, "properties": {"congestion_score": 1.0, "congestion_level": "free_flow", "color": "rgb(43,200,43)", "road_pixel_count": 1661}}, {"type": "Feature", "geometry": {"type": "Polygon", "coordinates": [[[49.98209096049544, 26.614844013108485], [49.98209096049544, 26.617089791045963], [49.97991623757742, 26.6182126800147], [49.97774151465939, 26.617089791045963], [49.97774151465939, 26.614844013108485], [49.97991623757742, 26.613721124139747], [49.98209096049544, 26.614844013108485]]]}, "properties": {"congestion_score": 1.0, "congestion_level": "free_flow", "color": "rgb(43,200,43)", "road_pixel_count": 15}}, {"type": "Feature", "geometry": {"type": "Polygon", "coordinates": [[[50.01688652718384, 26.614844013108485], [50.01688652718384, 26.617089791045963], [50.014711804265815, 26.6182126800147], [50.012537081347794, 26.617089791045963], [50.012537081347794, 26.614844013108485], [50.014711804265815, 26.613721124139747], [50.01688652718384, 26.614844013108485]]]}, "properties": {"congestion_score": 1.0, "congestion_level": "free_flow", "color": "rgb(43,200,43)", "road_pixel_count": 720}}, {"type": "Feature", "geometry": {"type": "Polygon", "coordinates": [[[49.927722887544824, 26.6182126800147], [49.927722887544824, 26.62045845795218], [49.9255481646268, 26.62158134692092], [49.92337344170877, 26.62045845795218], [49.92337344170877, 26.6182126800147], [49.9255481646268, 26.617089791045963], [49.927722887544824, 26.6182126800147]]]}, "properties": {"congestion_score": 1.0, "congestion_level": "free_flow", "color": "rgb(43,200,43)", "road_pixel_count": 260}}, {"type": "Feature", "geometry": {"type": "Polygon", "coordinates": [[[49.93207233338087, 26.6182126800147], [49.93207233338087, 26.62045845795218], [49.929897610462845, 26.62158134692092], [49.927722887544824, 26.62045845795218], [49.927722887544824, 26.6182126800147], [49.929897610462845, 26.617089791045963], [49.93207233338087, 26.6182126800147]]]}, "properties": {"congestion_score": 1.0, "congestion_level": "free_flow", "color": "rgb(43,200,43)", "road_pixel_count": 822}}, {"type": "Feature", "geometry": {"type": "Polygon", "coordinates": [[[49.93642177921692, 26.6182126800147], [49.93642177921692, 26.62045845795218], [49.934247056298894, 26.62158134692092], [49.93207233338087, 26.62045845795218], [49.93207233338087, 26.6182126800147], [49.934247056298894, 26.617089791045963], [49.93642177921692, 26.6182126800147]]]}, "properties": {"congestion_score": 1.0, "congestion_level": "free_flow", "color": "rgb(43,200,43)", "road_pixel_count": 1485}}, {"type": "Feature", "geometry": {"type": "Polygon", "coordinates": [[[49.97556679174137, 26.6182126800147], [49.97556679174137, 26.62045845795218], [49.973392068823344, 26.62158134692092], [49.971217345905316, 26.62045845795218], [49.971217345905316, 26.6182126800147], [49.973392068823344, 26.617089791045963], [49.97556679174137, 26.6182126800147]]]}, "properties": {"congestion_score": 1.0, "congestion_level": "free_flow", "color": "rgb(43,200,43)", "road_pixel_count": 2933}}, {"type": "Feature", "geometry": {"type": "Polygon", "coordinates": [[[49.97991623757742, 26.6182126800147], [49.97991623757742, 26.62045845795218], [49.97774151465939, 26.62158134692092], [49.97556679174137, 26.62045845795218], [49.97556679174137, 26.6182126800147], [49.97774151465939, 26.617089791045963], [49.97991623757742, 26.6182126800147]]]}, "properties": {"congestion_score": 1.0, "congestion_level": "free_flow", "color": "rgb(43,200,43)", "road_pixel_count": 110}}, {"type": "Feature", "geometry": {"type": "Polygon", "coordinates": [[[50.014711804265815, 26.6182126800147], [50.014711804265815, 26.62045845795218], [50.012537081347794, 26.62158134692092], [50.01036235842977, 26.62045845795218], [50.01036235842977, 26.6182126800147], [50.012537081347794, 26.617089791045963], [50.014711804265815, 26.6182126800147]]]}, "properties": {"congestion_score": 1.0, "congestion_level": "free_flow", "color": "rgb(43,200,43)", "road_pixel_count": 461}}, {"type": "Feature", "geometry": {"type": "Polygon", "coordinates": [[[50.01906125010187, 26.6182126800147], [50.01906125010187, 26.62045845795218], [50.01688652718384, 26.62158134692092], [50.014711804265815, 26.62045845795218], [50.014711804265815, 26.6182126800147], [50.01688652718384, 26.617089791045963], [50.01906125010187, 26.6182126800147]]]}, "properties": {"congestion_score": 1.0, "congestion_level": "free_flow", "color": "rgb(43,200,43)", "road_pixel_count": 70}}, {"type": "Feature", "geometry": {"type": "Polygon", "coordinates": [[[49.929897610462845, 26.62158134692092], [49.929897610462845, 26.623827124858394], [49.927722887544824, 26.624950013827135], [49.9255481646268, 26.623827124858394], [49.9255481646268, 26.62158134692092], [49.927722887544824, 26.62045845795218], [49.929897610462845, 26.62158134692092]]]}, "properties": {"congestion_score": 1.0, "congestion_level": "free_flow", "color": "rgb(43,200,43)", "road_pixel_count": 667}}, {"type": "Feature", "geometry": {"type": "Polygon", "coordinates": [[[49.934247056298894, 26.62158134692092], [49.934247056298894, 26.623827124858394], [49.93207233338087, 26.624950013827135], [49.929897610462845, 26.623827124858394], [49.929897610462845, 26.62158134692092], [49.93207233338087, 26.62045845795218], [49.934247056298894, 26.62158134692092]]]}, "properties": {"congestion_score": 1.0, "congestion_level": "free_flow", "color": "rgb(43,200,43)", "road_pixel_count": 2028}}, {"type": "Feature", "geometry": {"type": "Polygon", "coordinates": [[[49.973392068823344, 26.62158134692092], [49.973392068823344, 26.623827124858394], [49.971217345905316, 26.624950013827135], [49.969042622987295, 26.623827124858394], [49.969042622987295, 26.62158134692092], [49.971217345905316, 26.62045845795218], [49.973392068823344, 26.62158134692092]]]}, "properties": {"congestion_score": 0.995, "congestion_level": "free_flow", "color": "rgb(43,200,43)", "road_pixel_count": 1329}}, {"type": "Feature", "geometry": {"type": "Polygon", "coordinates": [[[49.97774151465939, 26.62158134692092], [49.97774151465939, 26.623827124858394], [49.97556679174137, 26.624950013827135], [49.973392068823344, 26.623827124858394], [49.973392068823344, 26.62158134692092], [49.97556679174137, 26.62045845795218], [49.97774151465939, 26.62158134692092]]]}, "properties": {"congestion_score": 1.0, "congestion_level": "free_flow", "color": "rgb(43,200,43)", "road_pixel_count": 1635}}, {"type": "Feature", "geometry": {"type": "Polygon", "coordinates": [[[50.01688652718384, 26.62158134692092], [50.01688652718384, 26.623827124858394], [50.014711804265815, 26.624950013827135], [50.012537081347794, 26.623827124858394], [50.012537081347794, 26.62158134692092], [50.014711804265815, 26.62045845795218], [50.01688652718384, 26.62158134692092]]]}, "properties": {"congestion_score": 0.985, "congestion_level": "free_flow", "color": "rgb(43,200,43)", "road_pixel_count": 136}}, {"type": "Feature", "geometry": {"type": "Polygon", "coordinates": [[[49.927722887544824, 26.624950013827135], [49.927722887544824, 26.627195791764613], [49.9255481646268, 26.62831868073335], [49.92337344170877, 26.627195791764613], [49.92337344170877, 26.624950013827135], [49.9255481646268, 26.623827124858394], [49.927722887544824, 26.624950013827135]]]}, "properties": {"congestion_score": 1.0, "congestion_level": "free_flow", "color": "rgb(43,200,43)", "road_pixel_count": 903}}, {"type": "Feature", "geometry": {"type": "Polygon", "coordinates": [[[49.93207233338087, 26.624950013827135], [49.93207233338087, 26.627195791764613], [49.929897610462845, 26.62831868073335], [49.927722887544824, 26.627195791764613], [49.927722887544824, 26.624950013827135], [49.929897610462845, 26.623827124858394], [49.93207233338087, 26.624950013827135]]]}, "properties": {"congestion_score": 1.0, "congestion_level": "free_flow", "color": "rgb(43,200,43)", "road_pixel_count": 688}}, {"type": "Feature", "geometry": {"type": "Polygon", "coordinates": [[[49.93642177921692, 26.624950013827135], [49.93642177921692, 26.627195791764613], [49.934247056298894, 26.62831868073335], [49.93207233338087, 26.627195791764613], [49.93207233338087, 26.624950013827135], [49.934247056298894, 26.623827124858394], [49.93642177921692, 26.624950013827135]]]}, "properties": {"congestion_score": 1.0, "congestion_level": "free_flow", "color": "rgb(43,200,43)", "road_pixel_count": 810}}, {"type": "Feature", "geometry": {"type": "Polygon", "coordinates": [[[49.971217345905316, 26.624950013827135], [49.971217345905316, 26.627195791764613], [49.969042622987295, 26.62831868073335], [49.96686790006927, 26.627195791764613], [49.96686790006927, 26.624950013827135], [49.969042622987295, 26.623827124858394], [49.971217345905316, 26.624950013827135]]]}, "properties": {"congestion_score": 0.995, "congestion_level": "free_flow", "color": "rgb(43,200,43)", "road_pixel_count": 424}}, {"type": "Feature", "geometry": {"type": "Polygon", "coordinates": [[[49.97556679174137, 26.624950013827135], [49.97556679174137, 26.627195791764613], [49.973392068823344, 26.62831868073335], [49.971217345905316, 26.627195791764613], [49.971217345905316, 26.624950013827135], [49.973392068823344, 26.623827124858394], [49.97556679174137, 26.624950013827135]]]}, "properties": {"congestion_score": 1.0, "congestion_level": "free_flow", "color": "rgb(43,200,43)", "road_pixel_count": 1288}}, {"type": "Feature", "geometry": {"type": "Polygon", "coordinates": [[[49.97991623757742, 26.624950013827135], [49.97991623757742, 26.627195791764613], [49.97774151465939, 26.62831868073335], [49.97556679174137, 26.627195791764613], [49.97556679174137, 26.624950013827135], [49.97774151465939, 26.623827124858394], [49.97991623757742, 26.624950013827135]]]}, "properties": {"congestion_score": 1.0, "congestion_level": "free_flow", "color": "rgb(43,200,43)", "road_pixel_count": 1278}}, {"type": "Feature", "geometry": {"type": "Polygon", "coordinates": [[[49.9168492729547, 26.62831868073335], [49.9168492729547, 26.63056445867083], [49.91467455003667, 26.631687347639566], [49.912499827118644, 26.63056445867083], [49.912499827118644, 26.62831868073335], [49.91467455003667, 26.627195791764613], [49.9168492729547, 26.62831868073335]]]}, "properties": {"congestion_score": 1.0, "congestion_level": "free_flow", "color": "rgb(43,200,43)", "road_pixel_count": 127}}, {"type": "Feature", "geometry": {"type": "Polygon", "coordinates": [[[49.92119871879075, 26.62831868073335], [49.92119871879075, 26.63056445867083], [49.91902399587272, 26.631687347639566], [49.9168492729547, 26.63056445867083], [49.9168492729547, 26.62831868073335], [49.91902399587272, 26.627195791764613], [49.92119871879075, 26.62831868073335]]]}, "properties": {"congestion_score": 1.0, "congestion_level": "free_flow", "color": "rgb(43,200,43)", "road_pixel_count": 379}}, {"type": "Feature", "geometry": {"type": "Polygon", "coordinates": [[[49.9255481646268, 26.62831868073335], [49.9255481646268, 26.63056445867083], [49.92337344170877, 26.631687347639566], [49.92119871879075, 26.63056445867083], [49.92119871879075, 26.62831868073335], [49.92337344170877, 26.627195791764613], [49.9255481646268, 26.62831868073335]]]}, "properties": {"congestion_score": 1.0, "congestion_level": "free_flow", "color": "rgb(43,200,43)", "road_pixel_count": 578}}, {"type": "Feature", "geometry": {"type": "Polygon", "coordinates": [[[49.929897610462845, 26.62831868073335], [49.929897610462845, 26.63056445867083], [49.927722887544824, 26.631687347639566], [49.9255481646268, 26.63056445867083], [49.9255481646268, 26.62831868073335], [49.927722887544824, 26.627195791764613], [49.929897610462845, 26.62831868073335]]]}, "properties": {"congestion_score": 1.0, "congestion_level": "free_flow", "color": "rgb(43,200,43)", "road_pixel_count": 515}}, {"type": "Feature", "geometry": {"type": "Polygon", "coordinates": [[[49.934247056298894, 26.62831868073335], [49.934247056298894, 26.63056445867083], [49.93207233338087, 26.631687347639566], [49.929897610462845, 26.63056445867083], [49.929897610462845, 26.62831868073335], [49.93207233338087, 26.627195791764613], [49.934247056298894, 26.62831868073335]]]}, "properties": {"congestion_score": 1.0, "congestion_level": "free_flow", "color": "rgb(43,200,43)", "road_pixel_count": 2044}}, {"type": "Feature", "geometry": {"type": "Polygon", "coordinates": [[[49.969042622987295, 26.62831868073335], [49.969042622987295, 26.63056445867083], [49.96686790006927, 26.631687347639566], [49.96469317715125, 26.63056445867083], [49.96469317715125, 26.62831868073335], [49.96686790006927, 26.627195791764613], [49.969042622987295, 26.62831868073335]]]}, "properties": {"congestion_score": 0.955, "congestion_level": "free_flow", "color": "rgb(43,200,43)", "road_pixel_count": 58}}, {"type": "Feature", "geometry": {"type": "Polygon", "coordinates": [[[49.973392068823344, 26.62831868073335], [49.973392068823344, 26.63056445867083], [49.971217345905316, 26.631687347639566], [49.969042622987295, 26.63056445867083], [49.969042622987295, 26.62831868073335], [49.971217345905316, 26.627195791764613], [49.973392068823344, 26.62831868073335]]]}, "properties": {"congestion_score": 0.995, "congestion_level": "free_flow", "color": "rgb(43,200,43)", "road_pixel_count": 1304}}, {"type": "Feature", "geometry": {"type": "Polygon", "coordinates": [[[49.97774151465939, 26.62831868073335], [49.97774151465939, 26.63056445867083], [49.97556679174137, 26.631687347639566], [49.973392068823344, 26.63056445867083], [49.973392068823344, 26.62831868073335], [49.97556679174137, 26.627195791764613], [49.97774151465939, 26.62831868073335]]]}, "properties": {"congestion_score": 1.0, "congestion_level": "free_flow", "color": "rgb(43,200,43)", "road_pixel_count": 352}}, {"type": "Feature", "geometry": {"type": "Polygon", "coordinates": [[[49.98209096049544, 26.62831868073335], [49.98209096049544, 26.63056445867083], [49.97991623757742, 26.631687347639566], [49.97774151465939, 26.63056445867083], [49.97774151465939, 26.62831868073335], [49.97991623757742, 26.627195791764613], [49.98209096049544, 26.62831868073335]]]}, "properties": {"congestion_score": 1.0, "congestion_level": "free_flow", "color": "rgb(43,200,43)", "road_pixel_count": 1195}}, {"type": "Feature", "geometry": {"type": "Polygon", "coordinates": [[[49.91032510420062, 26.631687347639566], [49.91032510420062, 26.633933125577045], [49.908150381282596, 26.635056014545782], [49.905975658364575, 26.633933125577045], [49.905975658364575, 26.631687347639566], [49.908150381282596, 26.63056445867083], [49.91032510420062, 26.631687347639566]]]}, "properties": {"congestion_score": 1.0, "congestion_level": "free_flow", "color": "rgb(43,200,43)", "road_pixel_count": 1107}}, {"type": "Feature", "geometry": {"type": "Polygon", "coordinates": [[[49.91467455003667, 26.631687347639566], [49.91467455003667, 26.633933125577045], [49.912499827118644, 26.635056014545782], [49.91032510420062, 26.633933125577045], [49.91032510420062, 26.631687347639566], [49.912499827118644, 26.63056445867083], [49.91467455003667, 26.631687347639566]]]}, "properties": {"congestion_score": 1.0, "congestion_level": "free_flow", "color": "rgb(43,200,43)", "road_pixel_count": 1330}}, {"type": "Feature", "geometry": {"type": "Polygon", "coordinates": [[[49.91902399587272, 26.631687347639566], [49.91902399587272, 26.633933125577045], [49.9168492729547, 26.635056014545782], [49.91467455003667, 26.633933125577045], [49.91467455003667, 26.631687347639566], [49.9168492729547, 26.63056445867083], [49.91902399587272, 26.631687347639566]]]}, "properties": {"congestion_score": 1.0, "congestion_level": "free_flow", "color": "rgb(43,200,43)", "road_pixel_count": 1230}}, {"type": "Feature", "geometry": {"type": "Polygon", "coordinates": [[[49.92337344170877, 26.631687347639566], [49.92337344170877, 26.633933125577045], [49.92119871879075, 26.635056014545782], [49.91902399587272, 26.633933125577045], [49.91902399587272, 26.631687347639566], [49.92119871879075, 26.63056445867083], [49.92337344170877, 26.631687347639566]]]}, "properties": {"congestion_score": 1.0, "congestion_level": "free_flow", "color": "rgb(43,200,43)", "road_pixel_count": 1677}}, {"type": "Feature", "geometry": {"type": "Polygon", "coordinates": [[[49.927722887544824, 26.631687347639566], [49.927722887544824, 26.633933125577045], [49.9255481646268, 26.635056014545782], [49.92337344170877, 26.633933125577045], [49.92337344170877, 26.631687347639566], [49.9255481646268, 26.63056445867083], [49.927722887544824, 26.631687347639566]]]}, "properties": {"congestion_score": 1.0, "congestion_level": "free_flow", "color": "rgb(43,200,43)", "road_pixel_count": 485}}, {"type": "Feature", "geometry": {"type": "Polygon", "coordinates": [[[49.93207233338087, 26.631687347639566], [49.93207233338087, 26.633933125577045], [49.929897610462845, 26.635056014545782], [49.927722887544824, 26.633933125577045], [49.927722887544824, 26.631687347639566], [49.929897610462845, 26.63056445867083], [49.93207233338087, 26.631687347639566]]]}, "properties": {"congestion_score": 1.0, "congestion_level": "free_flow", "color": "rgb(43,200,43)", "road_pixel_count": 1674}}, {"type": "Feature", "geometry": {"type": "Polygon", "coordinates": [[[49.93642177921692, 26.631687347639566], [49.93642177921692, 26.633933125577045], [49.934247056298894, 26.635056014545782], [49.93207233338087, 26.633933125577045], [49.93207233338087, 26.631687347639566], [49.934247056298894, 26.63056445867083], [49.93642177921692, 26.631687347639566]]]}, "properties": {"congestion_score": 1.0, "congestion_level": "free_flow", "color": "rgb(43,200,43)", "road_pixel_count": 72}}, {"type": "Feature", "geometry": {"type": "Polygon", "coordinates": [[[49.971217345905316, 26.631687347639566], [49.971217345905316, 26.633933125577045], [49.969042622987295, 26.635056014545782], [49.96686790006927, 26.633933125577045], [49.96686790006927, 26.631687347639566], [49.969042622987295, 26.63056445867083], [49.971217345905316, 26.631687347639566]]]}, "properties": {"congestion_score": 0.996, "congestion_level": "free_flow", "color": "rgb(43,200,43)", "road_pixel_count": 1435}}, {"type": "Feature", "geometry": {"type": "Polygon", "coordinates": [[[49.97991623757742, 26.631687347639566], [49.97991623757742, 26.633933125577045], [49.97774151465939, 26.635056014545782], [49.97556679174137, 26.633933125577045], [49.97556679174137, 26.631687347639566], [49.97774151465939, 26.63056445867083], [49.97991623757742, 26.631687347639566]]]}, "properties": {"congestion_score": 1.0, "congestion_level": "free_flow", "color": "rgb(43,200,43)", "road_pixel_count": 272}}, {"type": "Feature", "geometry": {"type": "Polygon", "coordinates": [[[49.98426568341347, 26.631687347639566], [49.98426568341347, 26.633933125577045], [49.98209096049544, 26.635056014545782], [49.97991623757742, 26.633933125577045], [49.97991623757742, 26.631687347639566], [49.98209096049544, 26.63056445867083], [49.98426568341347, 26.631687347639566]]]}, "properties": {"congestion_score": 0.998, "congestion_level": "free_flow", "color": "rgb(43,200,43)", "road_pixel_count": 1359}}, {"type": "Feature", "geometry": {"type": "Polygon", "coordinates": [[[49.8733548145942, 26.635056014545782], [49.8733548145942, 26.63730179248326], [49.87118009167617, 26.638424681451998], [49.86900536875815, 26.63730179248326], [49.86900536875815, 26.635056014545782], [49.87118009167617, 26.633933125577045], [49.8733548145942, 26.635056014545782]]]}, "properties": {"congestion_score": 1.0, "congestion_level": "free_flow", "color": "rgb(43,200,43)", "road_pixel_count": 327}}, {"type": "Feature", "geometry": {"type": "Polygon", "coordinates": [[[49.908150381282596, 26.635056014545782], [49.908150381282596, 26.63730179248326], [49.905975658364575, 26.638424681451998], [49.90380093544655, 26.63730179248326], [49.90380093544655, 26.635056014545782], [49.905975658364575, 26.633933125577045], [49.908150381282596, 26.635056014545782]]]}, "properties": {"congestion_score": 1.0, "congestion_level": "free_flow", "color": "rgb(43,200,43)", "road_pixel_count": 1456}}, {"type": "Feature", "geometry": {"type": "Polygon", "coordinates": [[[49.912499827118644, 26.635056014545782], [49.912499827118644, 26.63730179248326], [49.91032510420062, 26.638424681451998], [49.908150381282596, 26.63730179248326], [49.908150381282596, 26.635056014545782], [49.91032510420062, 26.633933125577045], [49.912499827118644, 26.635056014545782]]]}, "properties": {"congestion_score": 1.0, "congestion_level": "free_flow", "color": "rgb(43,200,43)", "road_pixel_count": 868}}, {"type": "Feature", "geometry": {"type": "Polygon", "coordinates": [[[49.9168492729547, 26.635056014545782], [49.9168492729547, 26.63730179248326], [49.91467455003667, 26.638424681451998], [49.912499827118644, 26.63730179248326], [49.912499827118644, 26.635056014545782], [49.91467455003667, 26.633933125577045], [49.9168492729547, 26.635056014545782]]]}, "properties": {"congestion_score": 1.0, "congestion_level": "free_flow", "color": "rgb(43,200,43)", "road_pixel_count": 919}}, {"type": "Feature", "geometry": {"type": "Polygon", "coordinates": [[[49.92119871879075, 26.635056014545782], [49.92119871879075, 26.63730179248326], [49.91902399587272, 26.638424681451998], [49.9168492729547, 26.63730179248326], [49.9168492729547, 26.635056014545782], [49.91902399587272, 26.633933125577045], [49.92119871879075, 26.635056014545782]]]}, "properties": {"congestion_score": 1.0, "congestion_level": "free_flow", "color": "rgb(43,200,43)", "road_pixel_count": 1517}}, {"type": "Feature", "geometry": {"type": "Polygon", "coordinates": [[[49.9255481646268, 26.635056014545782], [49.9255481646268, 26.63730179248326], [49.92337344170877, 26.638424681451998], [49.92119871879075, 26.63730179248326], [49.92119871879075, 26.635056014545782], [49.92337344170877, 26.633933125577045], [49.9255481646268, 26.635056014545782]]]}, "properties": {"congestion_score": 1.0, "congestion_level": "free_flow", "color": "rgb(43,200,43)", "road_pixel_count": 34}}, {"type": "Feature", "geometry": {"type": "Polygon", "coordinates": [[[49.929897610462845, 26.635056014545782], [49.929897610462845, 26.63730179248326], [49.927722887544824, 26.638424681451998], [49.9255481646268, 26.63730179248326], [49.9255481646268, 26.635056014545782], [49.927722887544824, 26.633933125577045], [49.929897610462845, 26.635056014545782]]]}, "properties": {"congestion_score": 1.0, "congestion_level": "free_flow", "color": "rgb(43,200,43)", "road_pixel_count": 793}}, {"type": "Feature", "geometry": {"type": "Polygon", "coordinates": [[[49.934247056298894, 26.635056014545782], [49.934247056298894, 26.63730179248326], [49.93207233338087, 26.638424681451998], [49.929897610462845, 26.63730179248326], [49.929897610462845, 26.635056014545782], [49.93207233338087, 26.633933125577045], [49.934247056298894, 26.635056014545782]]]}, "properties": {"congestion_score": 1.0, "congestion_level": "free_flow", "color": "rgb(43,200,43)", "road_pixel_count": 1351}}, {"type": "Feature", "geometry": {"type": "Polygon", "coordinates": [[[49.951644839643095, 26.635056014545782], [49.951644839643095, 26.63730179248326], [49.949470116725074, 26.638424681451998], [49.947295393807046, 26.63730179248326], [49.947295393807046, 26.635056014545782], [49.949470116725074, 26.633933125577045], [49.951644839643095, 26.635056014545782]]]}, "properties": {"congestion_score": 1.0, "congestion_level": "free_flow", "color": "rgb(43,200,43)", "road_pixel_count": 463}}, {"type": "Feature", "geometry": {"type": "Polygon", "coordinates": [[[49.95599428547914, 26.635056014545782], [49.95599428547914, 26.63730179248326], [49.95381956256112, 26.638424681451998], [49.951644839643095, 26.63730179248326], [49.951644839643095, 26.635056014545782], [49.95381956256112, 26.633933125577045], [49.95599428547914, 26.635056014545782]]]}, "properties": {"congestion_score": 1.0, "congestion_level": "free_flow", "color": "rgb(43,200,43)", "road_pixel_count": 359}}, {"type": "Feature", "geometry": {"type": "Polygon", "coordinates": [[[49.96034373131519, 26.635056014545782], [49.96034373131519, 26.63730179248326], [49.95816900839717, 26.638424681451998], [49.95599428547914, 26.63730179248326], [49.95599428547914, 26.635056014545782], [49.95816900839717, 26.633933125577045], [49.96034373131519, 26.635056014545782]]]}, "properties": {"congestion_score": 1.0, "congestion_level": "free_flow", "color": "rgb(43,200,43)", "road_pixel_count": 197}}, {"type": "Feature", "geometry": {"type": "Polygon", "coordinates": [[[49.969042622987295, 26.635056014545782], [49.969042622987295, 26.63730179248326], [49.96686790006927, 26.638424681451998], [49.96469317715125, 26.63730179248326], [49.96469317715125, 26.635056014545782], [49.96686790006927, 26.633933125577045], [49.969042622987295, 26.635056014545782]]]}, "properties": {"congestion_score": 0.994, "congestion_level": "free_flow", "color": "rgb(43,200,43)", "road_pixel_count": 1537}}, {"type": "Feature", "geometry": {"type": "Polygon", "coordinates": [[[49.98209096049544, 26.635056014545782], [49.98209096049544, 26.63730179248326], [49.97991623757742, 26.638424681451998], [49.97774151465939, 26.63730179248326], [49.97774151465939, 26.635056014545782], [49.97991623757742, 26.633933125577045], [49.98209096049544, 26.635056014545782]]]}, "properties": {"congestion_score": 1.0, "congestion_level": "free_flow", "color": "rgb(43,200,43)", "road_pixel_count": 74}}, {"type": "Feature", "geometry": {"type": "Polygon", "coordinates": [[[49.986440406331496, 26.635056014545782], [49.986440406331496, 26.63730179248326], [49.98426568341347, 26.638424681451998], [49.98209096049544, 26.63730179248326], [49.98209096049544, 26.635056014545782], [49.98426568341347, 26.633933125577045], [49.986440406331496, 26.635056014545782]]]}, "properties": {"congestion_score": 0.999, "congestion_level": "free_flow", "color": "rgb(43,200,43)", "road_pixel_count": 1510}}, {"type": "Feature", "geometry": {"type": "Polygon", "coordinates": [[[49.87118009167617, 26.638424681451998], [49.87118009167617, 26.640670459389476], [49.86900536875815, 26.641793348358217], [49.866830645840125, 26.640670459389476], [49.866830645840125, 26.638424681451998], [49.86900536875815, 26.63730179248326], [49.87118009167617, 26.638424681451998]]]}, "properties": {"congestion_score": 1.0, "congestion_level": "free_flow", "color": "rgb(43,200,43)", "road_pixel_count": 106}}, {"type": "Feature", "geometry": {"type": "Polygon", "coordinates": [[[49.87552953751222, 26.638424681451998], [49.87552953751222, 26.640670459389476], [49.8733548145942, 26.641793348358217], [49.87118009167617, 26.640670459389476], [49.87118009167617, 26.638424681451998], [49.8733548145942, 26.63730179248326], [49.87552953751222, 26.638424681451998]]]}, "properties": {"congestion_score": 1.0, "congestion_level": "free_flow", "color": "rgb(43,200,43)", "road_pixel_count": 349}}, {"type": "Feature", "geometry": {"type": "Polygon", "coordinates": [[[49.905975658364575, 26.638424681451998], [49.905975658364575, 26.640670459389476], [49.90380093544655, 26.641793348358217], [49.90162621252852, 26.640670459389476], [49.90162621252852, 26.638424681451998], [49.90380093544655, 26.63730179248326], [49.905975658364575, 26.638424681451998]]]}, "properties": {"congestion_score": 1.0, "congestion_level": "free_flow", "color": "rgb(43,200,43)", "road_pixel_count": 1305}}, {"type": "Feature", "geometry": {"type": "Polygon", "coordinates": [[[49.91032510420062, 26.638424681451998], [49.91032510420062, 26.640670459389476], [49.908150381282596, 26.641793348358217], [49.905975658364575, 26.640670459389476], [49.905975658364575, 26.638424681451998], [49.908150381282596, 26.63730179248326], [49.91032510420062, 26.638424681451998]]]}, "properties": {"congestion_score": 1.0, "congestion_level": "free_flow", "color": "rgb(43,200,43)", "road_pixel_count": 645}}, {"type": "Feature", "geometry": {"type": "Polygon", "coordinates": [[[49.91467455003667, 26.638424681451998], [49.91467455003667, 26.640670459389476], [49.912499827118644, 26.641793348358217], [49.91032510420062, 26.640670459389476], [49.91032510420062, 26.638424681451998], [49.912499827118644, 26.63730179248326], [49.91467455003667, 26.638424681451998]]]}, "properties": {"congestion_score": 1.0, "congestion_level": "free_flow", "color": "rgb(43,200,43)", "road_pixel_count": 980}}, {"type": "Feature", "geometry": {"type": "Polygon", "coordinates": [[[49.91902399587272, 26.638424681451998], [49.91902399587272, 26.640670459389476], [49.9168492729547, 26.641793348358217], [49.91467455003667, 26.640670459389476], [49.91467455003667, 26.638424681451998], [49.9168492729547, 26.63730179248326], [49.91902399587272, 26.638424681451998]]]}, "properties": {"congestion_score": 1.0, "congestion_level": "free_flow", "color": "rgb(43,200,43)", "road_pixel_count": 524}}, {"type": "Feature", "geometry": {"type": "Polygon", "coordinates": [[[49.92337344170877, 26.638424681451998], [49.92337344170877, 26.640670459389476], [49.92119871879075, 26.641793348358217], [49.91902399587272, 26.640670459389476], [49.91902399587272, 26.638424681451998], [49.92119871879075, 26.63730179248326], [49.92337344170877, 26.638424681451998]]]}, "properties": {"congestion_score": 1.0, "congestion_level": "free_flow", "color": "rgb(43,200,43)", "road_pixel_count": 1509}}, {"type": "Feature", "geometry": {"type": "Polygon", "coordinates": [[[49.927722887544824, 26.638424681451998], [49.927722887544824, 26.640670459389476], [49.9255481646268, 26.641793348358217], [49.92337344170877, 26.640670459389476], [49.92337344170877, 26.638424681451998], [49.9255481646268, 26.63730179248326], [49.927722887544824, 26.638424681451998]]]}, "properties": {"congestion_score": 1.0, "congestion_level": "free_flow", "color": "rgb(43,200,43)", "road_pixel_count": 730}}, {"type": "Feature", "geometry": {"type": "Polygon", "coordinates": [[[49.93207233338087, 26.638424681451998], [49.93207233338087, 26.640670459389476], [49.929897610462845, 26.641793348358217], [49.927722887544824, 26.640670459389476], [49.927722887544824, 26.638424681451998], [49.929897610462845, 26.63730179248326], [49.93207233338087, 26.638424681451998]]]}, "properties": {"congestion_score": 1.0, "congestion_level": "free_flow", "color": "rgb(43,200,43)", "road_pixel_count": 2333}}, {"type": "Feature", "geometry": {"type": "Polygon", "coordinates": [[[49.94512067088902, 26.638424681451998], [49.94512067088902, 26.640670459389476], [49.942945947971, 26.641793348358217], [49.94077122505297, 26.640670459389476], [49.94077122505297, 26.638424681451998], [49.942945947971, 26.63730179248326], [49.94512067088902, 26.638424681451998]]]}, "properties": {"congestion_score": 1.0, "congestion_level": "free_flow", "color": "rgb(43,200,43)", "road_pixel_count": 34}}, {"type": "Feature", "geometry": {"type": "Polygon", "coordinates": [[[49.949470116725074, 26.638424681451998], [49.949470116725074, 26.640670459389476], [49.947295393807046, 26.641793348358217], [49.94512067088902, 26.640670459389476], [49.94512067088902, 26.638424681451998], [49.947295393807046, 26.63730179248326], [49.949470116725074, 26.638424681451998]]]}, "properties": {"congestion_score": 0.996, "congestion_level": "free_flow", "color": "rgb(43,200,43)", "road_pixel_count": 1003}}, {"type": "Feature", "geometry": {"type": "Polygon", "coordinates": [[[49.95381956256112, 26.638424681451998], [49.95381956256112, 26.640670459389476], [49.951644839643095, 26.641793348358217], [49.949470116725074, 26.640670459389476], [49.949470116725074, 26.638424681451998], [49.951644839643095, 26.63730179248326], [49.95381956256112, 26.638424681451998]]]}, "properties": {"congestion_score": 0.986, "congestion_level": "free_flow", "color": "rgb(43,200,43)", "road_pixel_count": 560}}, {"type": "Feature", "geometry": {"type": "Polygon", "coordinates": [[[49.95816900839717, 26.638424681451998], [49.95816900839717, 26.640670459389476], [49.95599428547914, 26.641793348358217], [49.95381956256112, 26.640670459389476], [49.95381956256112, 26.638424681451998], [49.95599428547914, 26.63730179248326], [49.95816900839717, 26.638424681451998]]]}, "properties": {"congestion_score": 1.0, "congestion_level": "free_flow", "color": "rgb(43,200,43)", "road_pixel_count": 1104}}, {"type": "Feature", "geometry": {"type": "Polygon", "coordinates": [[[49.96251845423322, 26.638424681451998], [49.96251845423322, 26.640670459389476], [49.96034373131519, 26.641793348358217], [49.95816900839717, 26.640670459389476], [49.95816900839717, 26.638424681451998], [49.96034373131519, 26.63730179248326], [49.96251845423322, 26.638424681451998]]]}, "properties": {"congestion_score": 0.992, "congestion_level": "free_flow", "color": "rgb(43,200,43)", "road_pixel_count": 1793}}, {"type": "Feature", "geometry": {"type": "Polygon", "coordinates": [[[49.96686790006927, 26.638424681451998], [49.96686790006927, 26.640670459389476], [49.96469317715125, 26.641793348358217], [49.96251845423322, 26.640670459389476], [49.96251845423322, 26.638424681451998], [49.96469317715125, 26.63730179248326], [49.96686790006927, 26.638424681451998]]]}, "properties": {"congestion_score": 0.989, "congestion_level": "free_flow", "color": "rgb(43,200,43)", "road_pixel_count": 2878}}, {"type": "Feature", "geometry": {"type": "Polygon", "coordinates": [[[49.971217345905316, 26.638424681451998], [49.971217345905316, 26.640670459389476], [49.969042622987295, 26.641793348358217], [49.96686790006927, 26.640670459389476], [49.96686790006927, 26.638424681451998], [49.969042622987295, 26.63730179248326], [49.971217345905316, 26.638424681451998]]]}, "properties": {"congestion_score": 1.0, "congestion_level": "free_flow", "color": "rgb(43,200,43)", "road_pixel_count": 937}}, {"type": "Feature", "geometry": {"type": "Polygon", "coordinates": [[[49.97556679174137, 26.638424681451998], [49.97556679174137, 26.640670459389476], [49.973392068823344, 26.641793348358217], [49.971217345905316, 26.640670459389476], [49.971217345905316, 26.638424681451998], [49.973392068823344, 26.63730179248326], [49.97556679174137, 26.638424681451998]]]}, "properties": {"congestion_score": 1.0, "congestion_level": "free_flow", "color": "rgb(43,200,43)", "road_pixel_count": 312}}, {"type": "Feature", "geometry": {"type": "Polygon", "coordinates": [[[49.98426568341347, 26.638424681451998], [49.98426568341347, 26.640670459389476], [49.98209096049544, 26.641793348358217], [49.97991623757742, 26.640670459389476], [49.97991623757742, 26.638424681451998], [49.98209096049544, 26.63730179248326], [49.98426568341347, 26.638424681451998]]]}, "properties": {"congestion_score": 0.996, "congestion_level": "free_flow", "color": "rgb(43,200,43)", "road_pixel_count": 231}}, {"type": "Feature", "geometry": {"type": "Polygon", "coordinates": [[[49.98861512924952, 26.638424681451998], [49.98861512924952, 26.640670459389476], [49.986440406331496, 26.641793348358217], [49.98426568341347, 26.640670459389476], [49.98426568341347, 26.638424681451998], [49.986440406331496, 26.63730179248326], [49.98861512924952, 26.638424681451998]]]}, "properties": {"congestion_score": 0.997, "congestion_level": "free_flow", "color": "rgb(43,200,43)", "road_pixel_count": 1680}}, {"type": "Feature", "geometry": {"type": "Polygon", "coordinates": [[[49.992964575085566, 26.638424681451998], [49.992964575085566, 26.640670459389476], [49.990789852167545, 26.641793348358217], [49.98861512924952, 26.640670459389476], [49.98861512924952, 26.638424681451998], [49.990789852167545, 26.63730179248326], [49.992964575085566, 26.638424681451998]]]}, "properties": {"congestion_score": 1.0, "congestion_level": "free_flow", "color": "rgb(43,200,43)", "road_pixel_count": 15}}, {"type": "Feature", "geometry": {"type": "Polygon", "coordinates": [[[49.8733548145942, 26.641793348358217], [49.8733548145942, 26.64403912629569], [49.87118009167617, 26.645162015264432], [49.86900536875815, 26.64403912629569], [49.86900536875815, 26.641793348358217], [49.87118009167617, 26.640670459389476], [49.8733548145942, 26.641793348358217]]]}, "properties": {"congestion_score": 1.0, "congestion_level": "free_flow", "color": "rgb(43,200,43)", "road_pixel_count": 649}}, {"type": "Feature", "geometry": {"type": "Polygon", "coordinates": [[[49.90380093544655, 26.641793348358217], [49.90380093544655, 26.64403912629569], [49.90162621252852, 26.645162015264432], [49.8994514896105, 26.64403912629569], [49.8994514896105, 26.641793348358217], [49.90162621252852, 26.640670459389476], [49.90380093544655, 26.641793348358217]]]}, "properties": {"congestion_score": 1.0, "congestion_level": "free_flow", "color": "rgb(43,200,43)", "road_pixel_count": 1213}}, {"type": "Feature", "geometry": {"type": "Polygon", "coordinates": [[[49.9168492729547, 26.641793348358217], [49.9168492729547, 26.64403912629569], [49.91467455003667, 26.645162015264432], [49.912499827118644, 26.64403912629569], [49.912499827118644, 26.641793348358217], [49.91467455003667, 26.640670459389476], [49.9168492729547, 26.641793348358217]]]}, "properties": {"congestion_score": 1.0, "congestion_level": "free_flow", "color": "rgb(43,200,43)", "road_pixel_count": 721}}, {"type": "Feature", "geometry": {"type": "Polygon", "coordinates": [[[49.92119871879075, 26.641793348358217], [49.92119871879075, 26.64403912629569], [49.91902399587272, 26.645162015264432], [49.9168492729547, 26.64403912629569], [49.9168492729547, 26.641793348358217], [49.91902399587272, 26.640670459389476], [49.92119871879075, 26.641793348358217]]]}, "properties": {"congestion_score": 1.0, "congestion_level": "free_flow", "color": "rgb(43,200,43)", "road_pixel_count": 1306}}, {"type": "Feature", "geometry": {"type": "Polygon", "coordinates": [[[49.929897610462845, 26.641793348358217], [49.929897610462845, 26.64403912629569], [49.927722887544824, 26.645162015264432], [49.9255481646268, 26.64403912629569], [49.9255481646268, 26.641793348358217], [49.927722887544824, 26.640670459389476], [49.929897610462845, 26.641793348358217]]]}, "properties": {"congestion_score": 1.0, "congestion_level": "free_flow", "color": "rgb(43,200,43)", "road_pixel_count": 1945}}, {"type": "Feature", "geometry": {"type": "Polygon", "coordinates": [[[49.934247056298894, 26.641793348358217], [49.934247056298894, 26.64403912629569], [49.93207233338087, 26.645162015264432], [49.929897610462845, 26.64403912629569], [49.929897610462845, 26.641793348358217], [49.93207233338087, 26.640670459389476], [49.934247056298894, 26.641793348358217]]]}, "properties": {"congestion_score": 1.0, "congestion_level": "free_flow", "color": "rgb(43,200,43)", "road_pixel_count": 266}}, {"type": "Feature", "geometry": {"type": "Polygon", "coordinates": [[[49.942945947971, 26.641793348358217], [49.942945947971, 26.64403912629569], [49.94077122505297, 26.645162015264432], [49.93859650213495, 26.64403912629569], [49.93859650213495, 26.641793348358217], [49.94077122505297, 26.640670459389476], [49.942945947971, 26.641793348358217]]]}, "properties": {"congestion_score": 1.0, "congestion_level": "free_flow", "color": "rgb(43,200,43)", "road_pixel_count": 224}}, {"type": "Feature", "geometry": {"type": "Polygon", "coordinates": [[[49.947295393807046, 26.641793348358217], [49.947295393807046, 26.64403912629569], [49.94512067088902, 26.645162015264432], [49.942945947971, 26.64403912629569], [49.942945947971, 26.641793348358217], [49.94512067088902, 26.640670459389476], [49.947295393807046, 26.641793348358217]]]}, "properties": {"congestion_score": 0.993, "congestion_level": "free_flow", "color": "rgb(43,200,43)", "road_pixel_count": 561}}, {"type": "Feature", "geometry": {"type": "Polygon", "coordinates": [[[49.951644839643095, 26.641793348358217], [49.951644839643095, 26.64403912629569], [49.949470116725074, 26.645162015264432], [49.947295393807046, 26.64403912629569], [49.947295393807046, 26.641793348358217], [49.949470116725074, 26.640670459389476], [49.951644839643095, 26.641793348358217]]]}, "properties": {"congestion_score": 0.995, "congestion_level": "free_flow", "color": "rgb(43,200,43)", "road_pixel_count": 2203}}, {"type": "Feature", "geometry": {"type": "Polygon", "coordinates": [[[49.95599428547914, 26.641793348358217], [49.95599428547914, 26.64403912629569], [49.95381956256112, 26.645162015264432], [49.951644839643095, 26.64403912629569], [49.951644839643095, 26.641793348358217], [49.95381956256112, 26.640670459389476], [49.95599428547914, 26.641793348358217]]]}, "properties": {"congestion_score": 0.982, "congestion_level": "free_flow", "color": "rgb(43,200,43)", "road_pixel_count": 1883}}, {"type": "Feature", "geometry": {"type": "Polygon", "coordinates": [[[49.96034373131519, 26.641793348358217], [49.96034373131519, 26.64403912629569], [49.95816900839717, 26.645162015264432], [49.95599428547914, 26.64403912629569], [49.95599428547914, 26.641793348358217], [49.95816900839717, 26.640670459389476], [49.96034373131519, 26.641793348358217]]]}, "properties": {"congestion_score": 0.969, "congestion_level": "free_flow", "color": "rgb(43,200,43)", "road_pixel_count": 2431}}, {"type": "Feature", "geometry": {"type": "Polygon", "coordinates": [[[49.96469317715125, 26.641793348358217], [49.96469317715125, 26.64403912629569], [49.96251845423322, 26.645162015264432], [49.96034373131519, 26.64403912629569], [49.96034373131519, 26.641793348358217], [49.96251845423322, 26.640670459389476], [49.96469317715125, 26.641793348358217]]]}, "properties": {"congestion_score": 0.98, "congestion_level": "free_flow", "color": "rgb(43,200,43)", "road_pixel_count": 2997}}, {"type": "Feature", "geometry": {"type": "Polygon", "coordinates": [[[49.969042622987295, 26.641793348358217], [49.969042622987295, 26.64403912629569], [49.96686790006927, 26.645162015264432], [49.96469317715125, 26.64403912629569], [49.96469317715125, 26.641793348358217], [49.96686790006927, 26.640670459389476], [49.969042622987295, 26.641793348358217]]]}, "properties": {"congestion_score": 1.0, "congestion_level": "free_flow", "color": "rgb(43,200,43)", "road_pixel_count": 212}}, {"type": "Feature", "geometry": {"type": "Polygon", "coordinates": [[[49.973392068823344, 26.641793348358217], [49.973392068823344, 26.64403912629569], [49.971217345905316, 26.645162015264432], [49.969042622987295, 26.64403912629569], [49.969042622987295, 26.641793348358217], [49.971217345905316, 26.640670459389476], [49.973392068823344, 26.641793348358217]]]}, "properties": {"congestion_score": 1.0, "congestion_level": "free_flow", "color": "rgb(43,200,43)", "road_pixel_count": 834}}, {"type": "Feature", "geometry": {"type": "Polygon", "coordinates": [[[49.986440406331496, 26.641793348358217], [49.986440406331496, 26.64403912629569], [49.98426568341347, 26.645162015264432], [49.98209096049544, 26.64403912629569], [49.98209096049544, 26.641793348358217], [49.98426568341347, 26.640670459389476], [49.986440406331496, 26.641793348358217]]]}, "properties": {"congestion_score": 0.988, "congestion_level": "free_flow", "color": "rgb(43,200,43)", "road_pixel_count": 562}}, {"type": "Feature", "geometry": {"type": "Polygon", "coordinates": [[[49.990789852167545, 26.641793348358217], [49.990789852167545, 26.64403912629569], [49.98861512924952, 26.645162015264432], [49.986440406331496, 26.64403912629569], [49.986440406331496, 26.641793348358217], [49.98861512924952, 26.640670459389476], [49.990789852167545, 26.641793348358217]]]}, "properties": {"congestion_score": 1.0, "congestion_level": "free_flow", "color": "rgb(43,200,43)", "road_pixel_count": 1310}}, {"type": "Feature", "geometry": {"type": "Polygon", "coordinates": [[[49.99513929800359, 26.641793348358217], [49.99513929800359, 26.64403912629569], [49.992964575085566, 26.645162015264432], [49.990789852167545, 26.64403912629569], [49.990789852167545, 26.641793348358217], [49.992964575085566, 26.640670459389476], [49.99513929800359, 26.641793348358217]]]}, "properties": {"congestion_score": 1.0, "congestion_level": "free_flow", "color": "rgb(43,200,43)", "road_pixel_count": 862}}, {"type": "Feature", "geometry": {"type": "Polygon", "coordinates": [[[49.87118009167617, 26.645162015264432], [49.87118009167617, 26.64740779320191], [49.86900536875815, 26.648530682170648], [49.866830645840125, 26.64740779320191], [49.866830645840125, 26.645162015264432], [49.86900536875815, 26.64403912629569], [49.87118009167617, 26.645162015264432]]]}, "properties": {"congestion_score": 1.0, "congestion_level": "free_flow", "color": "rgb(43,200,43)", "road_pixel_count": 562}}, {"type": "Feature", "geometry": {"type": "Polygon", "coordinates": [[[49.90162621252852, 26.645162015264432], [49.90162621252852, 26.64740779320191], [49.8994514896105, 26.648530682170648], [49.89727676669247, 26.64740779320191], [49.89727676669247, 26.645162015264432], [49.8994514896105, 26.64403912629569], [49.90162621252852, 26.645162015264432]]]}, "properties": {"congestion_score": 1.0, "congestion_level": "free_flow", "color": "rgb(43,200,43)", "road_pixel_count": 1222}}, {"type": "Feature", "geometry": {"type": "Polygon", "coordinates": [[[49.91467455003667, 26.645162015264432], [49.91467455003667, 26.64740779320191], [49.912499827118644, 26.648530682170648], [49.91032510420062, 26.64740779320191], [49.91032510420062, 26.645162015264432], [49.912499827118644, 26.64403912629569], [49.91467455003667, 26.645162015264432]]]}, "properties": {"congestion_score": 1.0, "congestion_level": "free_flow", "color": "rgb(43,200,43)", "road_pixel_count": 21}}, {"type": "Feature", "geometry": {"type": "Polygon", "coordinates": [[[49.91902399587272, 26.645162015264432], [49.91902399587272, 26.64740779320191], [49.9168492729547, 26.648530682170648], [49.91467455003667, 26.64740779320191], [49.91467455003667, 26.645162015264432], [49.9168492729547, 26.64403912629569], [49.91902399587272, 26.645162015264432]]]}, "properties": {"congestion_score": 1.0, "congestion_level": "free_flow", "color": "rgb(43,200,43)", "road_pixel_count": 1662}}, {"type": "Feature", "geometry": {"type": "Polygon", "coordinates": [[[49.927722887544824, 26.645162015264432], [49.927722887544824, 26.64740779320191], [49.9255481646268, 26.648530682170648], [49.92337344170877, 26.64740779320191], [49.92337344170877, 26.645162015264432], [49.9255481646268, 26.64403912629569], [49.927722887544824, 26.645162015264432]]]}, "properties": {"congestion_score": 1.0, "congestion_level": "free_flow", "color": "rgb(43,200,43)", "road_pixel_count": 867}}, {"type": "Feature", "geometry": {"type": "Polygon", "coordinates": [[[49.93207233338087, 26.645162015264432], [49.93207233338087, 26.64740779320191], [49.929897610462845, 26.648530682170648], [49.927722887544824, 26.64740779320191], [49.927722887544824, 26.645162015264432], [49.929897610462845, 26.64403912629569], [49.93207233338087, 26.645162015264432]]]}, "properties": {"congestion_score": 1.0, "congestion_level": "free_flow", "color": "rgb(43,200,43)", "road_pixel_count": 1679}}, {"type": "Feature", "geometry": {"type": "Polygon", "coordinates": [[[49.94512067088902, 26.645162015264432], [49.94512067088902, 26.64740779320191], [49.942945947971, 26.648530682170648], [49.94077122505297, 26.64740779320191], [49.94077122505297, 26.645162015264432], [49.942945947971, 26.64403912629569], [49.94512067088902, 26.645162015264432]]]}, "properties": {"congestion_score": 0.996, "congestion_level": "free_flow", "color": "rgb(43,200,43)", "road_pixel_count": 681}}, {"type": "Feature", "geometry": {"type": "Polygon", "coordinates": [[[49.949470116725074, 26.645162015264432], [49.949470116725074, 26.64740779320191], [49.947295393807046, 26.648530682170648], [49.94512067088902, 26.64740779320191], [49.94512067088902, 26.645162015264432], [49.947295393807046, 26.64403912629569], [49.949470116725074, 26.645162015264432]]]}, "properties": {"congestion_score": 0.947, "congestion_level": "light_congestion", "color": "rgb(255,255,55)", "road_pixel_count": 2225}}, {"type": "Feature", "geometry": {"type": "Polygon", "coordinates": [[[49.95381956256112, 26.645162015264432], [49.95381956256112, 26.64740779320191], [49.951644839643095, 26.648530682170648], [49.949470116725074, 26.64740779320191], [49.949470116725074, 26.645162015264432], [49.951644839643095, 26.64403912629569], [49.95381956256112, 26.645162015264432]]]}, "properties": {"congestion_score": 1.0, "congestion_level": "free_flow", "color": "rgb(43,200,43)", "road_pixel_count": 1156}}, {"type": "Feature", "geometry": {"type": "Polygon", "coordinates": [[[49.95816900839717, 26.645162015264432], [49.95816900839717, 26.64740779320191], [49.95599428547914, 26.648530682170648], [49.95381956256112, 26.64740779320191], [49.95381956256112, 26.645162015264432], [49.95599428547914, 26.64403912629569], [49.95816900839717, 26.645162015264432]]]}, "properties": {"congestion_score": 1.0, "congestion_level": "free_flow", "color": "rgb(43,200,43)", "road_pixel_count": 133}}, {"type": "Feature", "geometry": {"type": "Polygon", "coordinates": [[[49.96251845423322, 26.645162015264432], [49.96251845423322, 26.64740779320191], [49.96034373131519, 26.648530682170648], [49.95816900839717, 26.64740779320191], [49.95816900839717, 26.645162015264432], [49.96034373131519, 26.64403912629569], [49.96251845423322, 26.645162015264432]]]}, "properties": {"congestion_score": 0.958, "congestion_level": "free_flow", "color": "rgb(43,200,43)", "road_pixel_count": 2639}}, {"type": "Feature", "geometry": {"type": "Polygon", "coordinates": [[[49.96686790006927, 26.645162015264432], [49.96686790006927, 26.64740779320191], [49.96469317715125, 26.648530682170648], [49.96251845423322, 26.64740779320191], [49.96251845423322, 26.645162015264432], [49.96469317715125, 26.64403912629569], [49.96686790006927, 26.645162015264432]]]}, "properties": {"congestion_score": 1.0, "congestion_level": "free_flow", "color": "rgb(43,200,43)", "road_pixel_count": 1194}}, {"type": "Feature", "geometry": {"type": "Polygon", "coordinates": [[[49.971217345905316, 26.645162015264432], [49.971217345905316, 26.64740779320191], [49.969042622987295, 26.648530682170648], [49.96686790006927, 26.64740779320191], [49.96686790006927, 26.645162015264432], [49.969042622987295, 26.64403912629569], [49.971217345905316, 26.645162015264432]]]}, "properties": {"congestion_score": 1.0, "congestion_level": "free_flow", "color": "rgb(43,200,43)", "road_pixel_count": 598}}, {"type": "Feature", "geometry": {"type": "Polygon", "coordinates": [[[49.97556679174137, 26.645162015264432], [49.97556679174137, 26.64740779320191], [49.973392068823344, 26.648530682170648], [49.971217345905316, 26.64740779320191], [49.971217345905316, 26.645162015264432], [49.973392068823344, 26.64403912629569], [49.97556679174137, 26.645162015264432]]]}, "properties": {"congestion_score": 1.0, "congestion_level": "free_flow", "color": "rgb(43,200,43)", "road_pixel_count": 688}}, {"type": "Feature", "geometry": {"type": "Polygon", "coordinates": [[[49.97991623757742, 26.645162015264432], [49.97991623757742, 26.64740779320191], [49.97774151465939, 26.648530682170648], [49.97556679174137, 26.64740779320191], [49.97556679174137, 26.645162015264432], [49.97774151465939, 26.64403912629569], [49.97991623757742, 26.645162015264432]]]}, "properties": {"congestion_score": 1.0, "congestion_level": "free_flow", "color": "rgb(43,200,43)", "road_pixel_count": 570}}, {"type": "Feature", "geometry": {"type": "Polygon", "coordinates": [[[49.98426568341347, 26.645162015264432], [49.98426568341347, 26.64740779320191], [49.98209096049544, 26.648530682170648], [49.97991623757742, 26.64740779320191], [49.97991623757742, 26.645162015264432], [49.98209096049544, 26.64403912629569], [49.98426568341347, 26.645162015264432]]]}, "properties": {"congestion_score": 0.992, "congestion_level": "free_flow", "color": "rgb(43,200,43)", "road_pixel_count": 869}}, {"type": "Feature", "geometry": {"type": "Polygon", "coordinates": [[[49.992964575085566, 26.645162015264432], [49.992964575085566, 26.64740779320191], [49.990789852167545, 26.648530682170648], [49.98861512924952, 26.64740779320191], [49.98861512924952, 26.645162015264432], [49.990789852167545, 26.64403912629569], [49.992964575085566, 26.645162015264432]]]}, "properties": {"congestion_score": 1.0, "congestion_level": "free_flow", "color": "rgb(43,200,43)", "road_pixel_count": 275}}, {"type": "Feature", "geometry": {"type": "Polygon", "coordinates": [[[49.99731402092162, 26.645162015264432], [49.99731402092162, 26.64740779320191], [49.99513929800359, 26.648530682170648], [49.992964575085566, 26.64740779320191], [49.992964575085566, 26.645162015264432], [49.99513929800359, 26.64403912629569], [49.99731402092162, 26.645162015264432]]]}, "properties": {"congestion_score": 1.0, "congestion_level": "free_flow", "color": "rgb(43,200,43)", "road_pixel_count": 1553}}, {"type": "Feature", "geometry": {"type": "Polygon", "coordinates": [[[50.00166346675767, 26.645162015264432], [50.00166346675767, 26.64740779320191], [49.99948874383964, 26.648530682170648], [49.99731402092162, 26.64740779320191], [49.99731402092162, 26.645162015264432], [49.99948874383964, 26.64403912629569], [50.00166346675767, 26.645162015264432]]]}, "properties": {"congestion_score": 1.0, "congestion_level": "free_flow", "color": "rgb(43,200,43)", "road_pixel_count": 12}}, {"type": "Feature", "geometry": {"type": "Polygon", "coordinates": [[[49.8733548145942, 26.648530682170648], [49.8733548145942, 26.650776460108126], [49.87118009167617, 26.651899349076864], [49.86900536875815, 26.650776460108126], [49.86900536875815, 26.648530682170648], [49.87118009167617, 26.64740779320191], [49.8733548145942, 26.648530682170648]]]}, "properties": {"congestion_score": 1.0, "congestion_level": "free_flow", "color": "rgb(43,200,43)", "road_pixel_count": 654}}, {"type": "Feature", "geometry": {"type": "Polygon", "coordinates": [[[49.87770426043025, 26.648530682170648], [49.87770426043025, 26.650776460108126], [49.87552953751222, 26.651899349076864], [49.8733548145942, 26.650776460108126], [49.8733548145942, 26.648530682170648], [49.87552953751222, 26.64740779320191], [49.87770426043025, 26.648530682170648]]]}, "properties": {"congestion_score": 1.0, "congestion_level": "free_flow", "color": "rgb(43,200,43)", "road_pixel_count": 69}}, {"type": "Feature", "geometry": {"type": "Polygon", "coordinates": [[[49.8820537062663, 26.648530682170648], [49.8820537062663, 26.650776460108126], [49.87987898334828, 26.651899349076864], [49.87770426043025, 26.650776460108126], [49.87770426043025, 26.648530682170648], [49.87987898334828, 26.64740779320191], [49.8820537062663, 26.648530682170648]]]}, "properties": {"congestion_score": 0.964, "congestion_level": "free_flow", "color": "rgb(43,200,43)", "road_pixel_count": 411}}, {"type": "Feature", "geometry": {"type": "Polygon", "coordinates": [[[49.8994514896105, 26.648530682170648], [49.8994514896105, 26.650776460108126], [49.89727676669247, 26.651899349076864], [49.89510204377445, 26.650776460108126], [49.89510204377445, 26.648530682170648], [49.89727676669247, 26.64740779320191], [49.8994514896105, 26.648530682170648]]]}, "properties": {"congestion_score": 1.0, "congestion_level": "free_flow", "color": "rgb(43,200,43)", "road_pixel_count": 1210}}, {"type": "Feature", "geometry": {"type": "Polygon", "coordinates": [[[49.9168492729547, 26.648530682170648], [49.9168492729547, 26.650776460108126], [49.91467455003667, 26.651899349076864], [49.912499827118644, 26.650776460108126], [49.912499827118644, 26.648530682170648], [49.91467455003667, 26.64740779320191], [49.9168492729547, 26.648530682170648]]]}, "properties": {"congestion_score": 1.0, "congestion_level": "free_flow", "color": "rgb(43,200,43)", "road_pixel_count": 585}}, {"type": "Feature", "geometry": {"type": "Polygon", "coordinates": [[[49.92119871879075, 26.648530682170648], [49.92119871879075, 26.650776460108126], [49.91902399587272, 26.651899349076864], [49.9168492729547, 26.650776460108126], [49.9168492729547, 26.648530682170648], [49.91902399587272, 26.64740779320191], [49.92119871879075, 26.648530682170648]]]}, "properties": {"congestion_score": 1.0, "congestion_level": "free_flow", "color": "rgb(43,200,43)", "road_pixel_count": 704}}, {"type": "Feature", "geometry": {"type": "Polygon", "coordinates": [[[49.9255481646268, 26.648530682170648], [49.9255481646268, 26.650776460108126], [49.92337344170877, 26.651899349076864], [49.92119871879075, 26.650776460108126], [49.92119871879075, 26.648530682170648], [49.92337344170877, 26.64740779320191], [49.9255481646268, 26.648530682170648]]]}, "properties": {"congestion_score": 1.0, "congestion_level": "free_flow", "color": "rgb(43,200,43)", "road_pixel_count": 680}}, {"type": "Feature", "geometry": {"type": "Polygon", "coordinates": [[[49.929897610462845, 26.648530682170648], [49.929897610462845, 26.650776460108126], [49.927722887544824, 26.651899349076864], [49.9255481646268, 26.650776460108126], [49.9255481646268, 26.648530682170648], [49.927722887544824, 26.64740779320191], [49.929897610462845, 26.648530682170648]]]}, "properties": {"congestion_score": 1.0, "congestion_level": "free_flow", "color": "rgb(43,200,43)", "road_pixel_count": 2443}}, {"type": "Feature", "geometry": {"type": "Polygon", "coordinates": [[[49.942945947971, 26.648530682170648], [49.942945947971, 26.650776460108126], [49.94077122505297, 26.651899349076864], [49.93859650213495, 26.650776460108126], [49.93859650213495, 26.648530682170648], [49.94077122505297, 26.64740779320191], [49.942945947971, 26.648530682170648]]]}, "properties": {"congestion_score": 1.0, "congestion_level": "free_flow", "color": "rgb(43,200,43)", "road_pixel_count": 443}}, {"type": "Feature", "geometry": {"type": "Polygon", "coordinates": [[[49.947295393807046, 26.648530682170648], [49.947295393807046, 26.650776460108126], [49.94512067088902, 26.651899349076864], [49.942945947971, 26.650776460108126], [49.942945947971, 26.648530682170648], [49.94512067088902, 26.64740779320191], [49.947295393807046, 26.648530682170648]]]}, "properties": {"congestion_score": 1.0, "congestion_level": "free_flow", "color": "rgb(43,200,43)", "road_pixel_count": 1816}}, {"type": "Feature", "geometry": {"type": "Polygon", "coordinates": [[[49.951644839643095, 26.648530682170648], [49.951644839643095, 26.650776460108126], [49.949470116725074, 26.651899349076864], [49.947295393807046, 26.650776460108126], [49.947295393807046, 26.648530682170648], [49.949470116725074, 26.64740779320191], [49.951644839643095, 26.648530682170648]]]}, "properties": {"congestion_score": 0.976, "congestion_level": "free_flow", "color": "rgb(43,200,43)", "road_pixel_count": 2329}}, {"type": "Feature", "geometry": {"type": "Polygon", "coordinates": [[[49.95599428547914, 26.648530682170648], [49.95599428547914, 26.650776460108126], [49.95381956256112, 26.651899349076864], [49.951644839643095, 26.650776460108126], [49.951644839643095, 26.648530682170648], [49.95381956256112, 26.64740779320191], [49.95599428547914, 26.648530682170648]]]}, "properties": {"congestion_score": 0.934, "congestion_level": "light_congestion", "color": "rgb(255,255,55)", "road_pixel_count": 1399}}, {"type": "Feature", "geometry": {"type": "Polygon", "coordinates": [[[49.96034373131519, 26.648530682170648], [49.96034373131519, 26.650776460108126], [49.95816900839717, 26.651899349076864], [49.95599428547914, 26.650776460108126], [49.95599428547914, 26.648530682170648], [49.95816900839717, 26.64740779320191], [49.96034373131519, 26.648530682170648]]]}, "properties": {"congestion_score": 0.941, "congestion_level": "light_congestion", "color": "rgb(255,255,55)", "road_pixel_count": 2263}}, {"type": "Feature", "geometry": {"type": "Polygon", "coordinates": [[[49.96469317715125, 26.648530682170648], [49.96469317715125, 26.650776460108126], [49.96251845423322, 26.651899349076864], [49.96034373131519, 26.650776460108126], [49.96034373131519, 26.648530682170648], [49.96251845423322, 26.64740779320191], [49.96469317715125, 26.648530682170648]]]}, "properties": {"congestion_score": 1.0, "congestion_level": "free_flow", "color": "rgb(43,200,43)", "road_pixel_count": 1371}}, {"type": "Feature", "geometry": {"type": "Polygon", "coordinates": [[[49.969042622987295, 26.648530682170648], [49.969042622987295, 26.650776460108126], [49.96686790006927, 26.651899349076864], [49.96469317715125, 26.650776460108126], [49.96469317715125, 26.648530682170648], [49.96686790006927, 26.64740779320191], [49.969042622987295, 26.648530682170648]]]}, "properties": {"congestion_score": 1.0, "congestion_level": "free_flow", "color": "rgb(43,200,43)", "road_pixel_count": 47}}, {"type": "Feature", "geometry": {"type": "Polygon", "coordinates": [[[49.98209096049544, 26.648530682170648], [49.98209096049544, 26.650776460108126], [49.97991623757742, 26.651899349076864], [49.97774151465939, 26.650776460108126], [49.97774151465939, 26.648530682170648], [49.97991623757742, 26.64740779320191], [49.98209096049544, 26.648530682170648]]]}, "properties": {"congestion_score": 1.0, "congestion_level": "free_flow", "color": "rgb(43,200,43)", "road_pixel_count": 215}}, {"type": "Feature", "geometry": {"type": "Polygon", "coordinates": [[[49.986440406331496, 26.648530682170648], [49.986440406331496, 26.650776460108126], [49.98426568341347, 26.651899349076864], [49.98209096049544, 26.650776460108126], [49.98209096049544, 26.648530682170648], [49.98426568341347, 26.64740779320191], [49.986440406331496, 26.648530682170648]]]}, "properties": {"congestion_score": 1.0, "congestion_level": "free_flow", "color": "rgb(43,200,43)", "road_pixel_count": 12}}, {"type": "Feature", "geometry": {"type": "Polygon", "coordinates": [[[49.99948874383964, 26.648530682170648], [49.99948874383964, 26.650776460108126], [49.99731402092162, 26.651899349076864], [49.99513929800359, 26.650776460108126], [49.99513929800359, 26.648530682170648], [49.99731402092162, 26.64740779320191], [49.99948874383964, 26.648530682170648]]]}, "properties": {"congestion_score": 1.0, "congestion_level": "free_flow", "color": "rgb(43,200,43)", "road_pixel_count": 1176}}, {"type": "Feature", "geometry": {"type": "Polygon", "coordinates": [[[50.00383818967569, 26.648530682170648], [50.00383818967569, 26.650776460108126], [50.00166346675767, 26.651899349076864], [49.99948874383964, 26.650776460108126], [49.99948874383964, 26.648530682170648], [50.00166346675767, 26.64740779320191], [50.00383818967569, 26.648530682170648]]]}, "properties": {"congestion_score": 1.0, "congestion_level": "free_flow", "color": "rgb(43,200,43)", "road_pixel_count": 1348}}, {"type": "Feature", "geometry": {"type": "Polygon", "coordinates": [[[49.85813175416803, 26.651899349076864], [49.85813175416803, 26.654145127014342], [49.85595703125, 26.65526801598308], [49.85378230833197, 26.654145127014342], [49.85378230833197, 26.651899349076864], [49.85595703125, 26.650776460108126], [49.85813175416803, 26.651899349076864]]]}, "properties": {"congestion_score": 1.0, "congestion_level": "free_flow", "color": "rgb(43,200,43)", "road_pixel_count": 368}}, {"type": "Feature", "geometry": {"type": "Polygon", "coordinates": [[[49.862481200004076, 26.651899349076864], [49.862481200004076, 26.654145127014342], [49.86030647708605, 26.65526801598308], [49.85813175416803, 26.654145127014342], [49.85813175416803, 26.651899349076864], [49.86030647708605, 26.650776460108126], [49.862481200004076, 26.651899349076864]]]}, "properties": {"congestion_score": 1.0, "congestion_level": "free_flow", "color": "rgb(43,200,43)", "road_pixel_count": 1058}}, {"type": "Feature", "geometry": {"type": "Polygon", "coordinates": [[[49.866830645840125, 26.651899349076864], [49.866830645840125, 26.654145127014342], [49.8646559229221, 26.65526801598308], [49.862481200004076, 26.654145127014342], [49.862481200004076, 26.651899349076864], [49.8646559229221, 26.650776460108126], [49.866830645840125, 26.651899349076864]]]}, "properties": {"congestion_score": 1.0, "congestion_level": "free_flow", "color": "rgb(43,200,43)", "road_pixel_count": 1283}}, {"type": "Feature", "geometry": {"type": "Polygon", "coordinates": [[[49.87118009167617, 26.651899349076864], [49.87118009167617, 26.654145127014342], [49.86900536875815, 26.65526801598308], [49.866830645840125, 26.654145127014342], [49.866830645840125, 26.651899349076864], [49.86900536875815, 26.650776460108126], [49.87118009167617, 26.651899349076864]]]}, "properties": {"congestion_score": 1.0, "congestion_level": "free_flow", "color": "rgb(43,200,43)", "road_pixel_count": 1380}}, {"type": "Feature", "geometry": {"type": "Polygon", "coordinates": [[[49.87552953751222, 26.651899349076864], [49.87552953751222, 26.654145127014342], [49.8733548145942, 26.65526801598308], [49.87118009167617, 26.654145127014342], [49.87118009167617, 26.651899349076864], [49.8733548145942, 26.650776460108126], [49.87552953751222, 26.651899349076864]]]}, "properties": {"congestion_score": 1.0, "congestion_level": "free_flow", "color": "rgb(43,200,43)", "road_pixel_count": 1597}}, {"type": "Feature", "geometry": {"type": "Polygon", "coordinates": [[[49.87987898334828, 26.651899349076864], [49.87987898334828, 26.654145127014342], [49.87770426043025, 26.65526801598308], [49.87552953751222, 26.654145127014342], [49.87552953751222, 26.651899349076864], [49.87770426043025, 26.650776460108126], [49.87987898334828, 26.651899349076864]]]}, "properties": {"congestion_score": 0.994, "congestion_level": "free_flow", "color": "rgb(43,200,43)", "road_pixel_count": 1584}}, {"type": "Feature", "geometry": {"type": "Polygon", "coordinates": [[[49.884228429184326, 26.651899349076864], [49.884228429184326, 26.654145127014342], [49.8820537062663, 26.65526801598308], [49.87987898334828, 26.654145127014342], [49.87987898334828, 26.651899349076864], [49.8820537062663, 26.650776460108126], [49.884228429184326, 26.651899349076864]]]}, "properties": {"congestion_score": 1.0, "congestion_level": "free_flow", "color": "rgb(43,200,43)", "road_pixel_count": 1182}}, {"type": "Feature", "geometry": {"type": "Polygon", "coordinates": [[[49.888577875020374, 26.651899349076864], [49.888577875020374, 26.654145127014342], [49.886403152102346, 26.65526801598308], [49.884228429184326, 26.654145127014342], [49.884228429184326, 26.651899349076864], [49.886403152102346, 26.650776460108126], [49.888577875020374, 26.651899349076864]]]}, "properties": {"congestion_score": 1.0, "congestion_level": "free_flow", "color": "rgb(43,200,43)", "road_pixel_count": 505}}, {"type": "Feature", "geometry": {"type": "Polygon", "coordinates": [[[49.89292732085642, 26.651899349076864], [49.89292732085642, 26.654145127014342], [49.890752597938395, 26.65526801598308], [49.888577875020374, 26.654145127014342], [49.888577875020374, 26.651899349076864], [49.890752597938395, 26.650776460108126], [49.89292732085642, 26.651899349076864]]]}, "properties": {"congestion_score": 1.0, "congestion_level": "free_flow", "color": "rgb(43,200,43)", "road_pixel_count": 1030}}, {"type": "Feature", "geometry": {"type": "Polygon", "coordinates": [[[49.89727676669247, 26.651899349076864], [49.89727676669247, 26.654145127014342], [49.89510204377445, 26.65526801598308], [49.89292732085642, 26.654145127014342], [49.89292732085642, 26.651899349076864], [49.89510204377445, 26.650776460108126], [49.89727676669247, 26.651899349076864]]]}, "properties": {"congestion_score": 1.0, "congestion_level": "free_flow", "color": "rgb(43,200,43)", "road_pixel_count": 1072}}, {"type": "Feature", "geometry": {"type": "Polygon", "coordinates": [[[49.91902399587272, 26.651899349076864], [49.91902399587272, 26.654145127014342], [49.9168492729547, 26.65526801598308], [49.91467455003667, 26.654145127014342], [49.91467455003667, 26.651899349076864], [49.9168492729547, 26.650776460108126], [49.91902399587272, 26.651899349076864]]]}, "properties": {"congestion_score": 1.0, "congestion_level": "free_flow", "color": "rgb(43,200,43)", "road_pixel_count": 2148}}, {"type": "Feature", "geometry": {"type": "Polygon", "coordinates": [[[49.92337344170877, 26.651899349076864], [49.92337344170877, 26.654145127014342], [49.92119871879075, 26.65526801598308], [49.91902399587272, 26.654145127014342], [49.91902399587272, 26.651899349076864], [49.92119871879075, 26.650776460108126], [49.92337344170877, 26.651899349076864]]]}, "properties": {"congestion_score": 1.0, "congestion_level": "free_flow", "color": "rgb(43,200,43)", "road_pixel_count": 994}}, {"type": "Feature", "geometry": {"type": "Polygon", "coordinates": [[[49.927722887544824, 26.651899349076864], [49.927722887544824, 26.654145127014342], [49.9255481646268, 26.65526801598308], [49.92337344170877, 26.654145127014342], [49.92337344170877, 26.651899349076864], [49.9255481646268, 26.650776460108126], [49.927722887544824, 26.651899349076864]]]}, "properties": {"congestion_score": 1.0, "congestion_level": "free_flow", "color": "rgb(43,200,43)", "road_pixel_count": 2293}}, {"type": "Feature", "geometry": {"type": "Polygon", "coordinates": [[[49.93207233338087, 26.651899349076864], [49.93207233338087, 26.654145127014342], [49.929897610462845, 26.65526801598308], [49.927722887544824, 26.654145127014342], [49.927722887544824, 26.651899349076864], [49.929897610462845, 26.650776460108126], [49.93207233338087, 26.651899349076864]]]}, "properties": {"congestion_score": 1.0, "congestion_level": "free_flow", "color": "rgb(43,200,43)", "road_pixel_count": 1582}}, {"type": "Feature", "geometry": {"type": "Polygon", "coordinates": [[[49.93642177921692, 26.651899349076864], [49.93642177921692, 26.654145127014342], [49.934247056298894, 26.65526801598308], [49.93207233338087, 26.654145127014342], [49.93207233338087, 26.651899349076864], [49.934247056298894, 26.650776460108126], [49.93642177921692, 26.651899349076864]]]}, "properties": {"congestion_score": 1.0, "congestion_level": "free_flow", "color": "rgb(43,200,43)", "road_pixel_count": 490}}, {"type": "Feature", "geometry": {"type": "Polygon", "coordinates": [[[49.94077122505297, 26.651899349076864], [49.94077122505297, 26.654145127014342], [49.93859650213495, 26.65526801598308], [49.93642177921692, 26.654145127014342], [49.93642177921692, 26.651899349076864], [49.93859650213495, 26.650776460108126], [49.94077122505297, 26.651899349076864]]]}, "properties": {"congestion_score": 1.0, "congestion_level": "free_flow", "color": "rgb(43,200,43)", "road_pixel_count": 96}}, {"type": "Feature", "geometry": {"type": "Polygon", "coordinates": [[[49.94512067088902, 26.651899349076864], [49.94512067088902, 26.654145127014342], [49.942945947971, 26.65526801598308], [49.94077122505297, 26.654145127014342], [49.94077122505297, 26.651899349076864], [49.942945947971, 26.650776460108126], [49.94512067088902, 26.651899349076864]]]}, "properties": {"congestion_score": 1.0, "congestion_level": "free_flow", "color": "rgb(43,200,43)", "road_pixel_count": 2219}}, {"type": "Feature", "geometry": {"type": "Polygon", "coordinates": [[[49.949470116725074, 26.651899349076864], [49.949470116725074, 26.654145127014342], [49.947295393807046, 26.65526801598308], [49.94512067088902, 26.654145127014342], [49.94512067088902, 26.651899349076864], [49.947295393807046, 26.650776460108126], [49.949470116725074, 26.651899349076864]]]}, "properties": {"congestion_score": 1.0, "congestion_level": "free_flow", "color": "rgb(43,200,43)", "road_pixel_count": 1513}}, {"type": "Feature", "geometry": {"type": "Polygon", "coordinates": [[[49.95381956256112, 26.651899349076864], [49.95381956256112, 26.654145127014342], [49.951644839643095, 26.65526801598308], [49.949470116725074, 26.654145127014342], [49.949470116725074, 26.651899349076864], [49.951644839643095, 26.650776460108126], [49.95381956256112, 26.651899349076864]]]}, "properties": {"congestion_score": 0.997, "congestion_level": "free_flow", "color": "rgb(43,200,43)", "road_pixel_count": 731}}, {"type": "Feature", "geometry": {"type": "Polygon", "coordinates": [[[49.95816900839717, 26.651899349076864], [49.95816900839717, 26.654145127014342], [49.95599428547914, 26.65526801598308], [49.95381956256112, 26.654145127014342], [49.95381956256112, 26.651899349076864], [49.95599428547914, 26.650776460108126], [49.95816900839717, 26.651899349076864]]]}, "properties": {"congestion_score": 0.986, "congestion_level": "free_flow", "color": "rgb(43,200,43)", "road_pixel_count": 2050}}, {"type": "Feature", "geometry": {"type": "Polygon", "coordinates": [[[49.96251845423322, 26.651899349076864], [49.96251845423322, 26.654145127014342], [49.96034373131519, 26.65526801598308], [49.95816900839717, 26.654145127014342], [49.95816900839717, 26.651899349076864], [49.96034373131519, 26.650776460108126], [49.96251845423322, 26.651899349076864]]]}, "properties": {"congestion_score": 0.977, "congestion_level": "free_flow", "color": "rgb(43,200,43)", "road_pixel_count": 1559}}, {"type": "Feature", "geometry": {"type": "Polygon", "coordinates": [[[49.96686790006927, 26.651899349076864], [49.96686790006927, 26.654145127014342], [49.96469317715125, 26.65526801598308], [49.96251845423322, 26.654145127014342], [49.96251845423322, 26.651899349076864], [49.96469317715125, 26.650776460108126], [49.96686790006927, 26.651899349076864]]]}, "properties": {"congestion_score": 0.996, "congestion_level": "free_flow", "color": "rgb(43,200,43)", "road_pixel_count": 533}}, {"type": "Feature", "geometry": {"type": "Polygon", "coordinates": [[[50.00601291259372, 26.651899349076864], [50.00601291259372, 26.654145127014342], [50.00383818967569, 26.65526801598308], [50.00166346675767, 26.654145127014342], [50.00166346675767, 26.651899349076864], [50.00383818967569, 26.650776460108126], [50.00601291259372, 26.651899349076864]]]}, "properties": {"congestion_score": 1.0, "congestion_level": "free_flow", "color": "rgb(43,200,43)", "road_pixel_count": 1284}}, {"type": "Feature", "geometry": {"type": "Polygon", "coordinates": [[[50.01036235842977, 26.651899349076864], [50.01036235842977, 26.654145127014342], [50.008187635511746, 26.65526801598308], [50.00601291259372, 26.654145127014342], [50.00601291259372, 26.651899349076864], [50.008187635511746, 26.650776460108126], [50.01036235842977, 26.651899349076864]]]}, "properties": {"congestion_score": 1.0, "congestion_level": "free_flow", "color": "rgb(43,200,43)", "road_pixel_count": 1293}}, {"type": "Feature", "geometry": {"type": "Polygon", "coordinates": [[[49.86030647708605, 26.65526801598308], [49.86030647708605, 26.657513793920558], [49.85813175416803, 26.6586366828893], [49.85595703125, 26.657513793920558], [49.85595703125, 26.65526801598308], [49.85813175416803, 26.654145127014342], [49.86030647708605, 26.65526801598308]]]}, "properties": {"congestion_score": 1.0, "congestion_level": "free_flow", "color": "rgb(43,200,43)", "road_pixel_count": 542}}, {"type": "Feature", "geometry": {"type": "Polygon", "coordinates": [[[49.8646559229221, 26.65526801598308], [49.8646559229221, 26.657513793920558], [49.862481200004076, 26.6586366828893], [49.86030647708605, 26.657513793920558], [49.86030647708605, 26.65526801598308], [49.862481200004076, 26.654145127014342], [49.8646559229221, 26.65526801598308]]]}, "properties": {"congestion_score": 1.0, "congestion_level": "free_flow", "color": "rgb(43,200,43)", "road_pixel_count": 184}}, {"type": "Feature", "geometry": {"type": "Polygon", "coordinates": [[[49.86900536875815, 26.65526801598308], [49.86900536875815, 26.657513793920558], [49.866830645840125, 26.6586366828893], [49.8646559229221, 26.657513793920558], [49.8646559229221, 26.65526801598308], [49.866830645840125, 26.654145127014342], [49.86900536875815, 26.65526801598308]]]}, "properties": {"congestion_score": 1.0, "congestion_level": "free_flow", "color": "rgb(43,200,43)", "road_pixel_count": 6}}, {"type": "Feature", "geometry": {"type": "Polygon", "coordinates": [[[49.886403152102346, 26.65526801598308], [49.886403152102346, 26.657513793920558], [49.884228429184326, 26.6586366828893], [49.8820537062663, 26.657513793920558], [49.8820537062663, 26.65526801598308], [49.884228429184326, 26.654145127014342], [49.886403152102346, 26.65526801598308]]]}, "properties": {"congestion_score": 1.0, "congestion_level": "free_flow", "color": "rgb(43,200,43)", "road_pixel_count": 633}}, {"type": "Feature", "geometry": {"type": "Polygon", "coordinates": [[[49.890752597938395, 26.65526801598308], [49.890752597938395, 26.657513793920558], [49.888577875020374, 26.6586366828893], [49.886403152102346, 26.657513793920558], [49.886403152102346, 26.65526801598308], [49.888577875020374, 26.654145127014342], [49.890752597938395, 26.65526801598308]]]}, "properties": {"congestion_score": 1.0, "congestion_level": "free_flow", "color": "rgb(43,200,43)", "road_pixel_count": 746}}, {"type": "Feature", "geometry": {"type": "Polygon", "coordinates": [[[49.92119871879075, 26.65526801598308], [49.92119871879075, 26.657513793920558], [49.91902399587272, 26.6586366828893], [49.9168492729547, 26.657513793920558], [49.9168492729547, 26.65526801598308], [49.91902399587272, 26.654145127014342], [49.92119871879075, 26.65526801598308]]]}, "properties": {"congestion_score": 1.0, "congestion_level": "free_flow", "color": "rgb(43,200,43)", "road_pixel_count": 262}}, {"type": "Feature", "geometry": {"type": "Polygon", "coordinates": [[[49.9255481646268, 26.65526801598308], [49.9255481646268, 26.657513793920558], [49.92337344170877, 26.6586366828893], [49.92119871879075, 26.657513793920558], [49.92119871879075, 26.65526801598308], [49.92337344170877, 26.654145127014342], [49.9255481646268, 26.65526801598308]]]}, "properties": {"congestion_score": 1.0, "congestion_level": "free_flow", "color": "rgb(43,200,43)", "road_pixel_count": 2166}}, {"type": "Feature", "geometry": {"type": "Polygon", "coordinates": [[[49.929897610462845, 26.65526801598308], [49.929897610462845, 26.657513793920558], [49.927722887544824, 26.6586366828893], [49.9255481646268, 26.657513793920558], [49.9255481646268, 26.65526801598308], [49.927722887544824, 26.654145127014342], [49.929897610462845, 26.65526801598308]]]}, "properties": {"congestion_score": 0.989, "congestion_level": "free_flow", "color": "rgb(43,200,43)", "road_pixel_count": 1975}}, {"type": "Feature", "geometry": {"type": "Polygon", "coordinates": [[[49.934247056298894, 26.65526801598308], [49.934247056298894, 26.657513793920558], [49.93207233338087, 26.6586366828893], [49.929897610462845, 26.657513793920558], [49.929897610462845, 26.65526801598308], [49.93207233338087, 26.654145127014342], [49.934247056298894, 26.65526801598308]]]}, "properties": {"congestion_score": 1.0, "congestion_level": "free_flow", "color": "rgb(43,200,43)", "road_pixel_count": 676}}, {"type": "Feature", "geometry": {"type": "Polygon", "coordinates": [[[49.93859650213495, 26.65526801598308], [49.93859650213495, 26.657513793920558], [49.93642177921692, 26.6586366828893], [49.934247056298894, 26.657513793920558], [49.934247056298894, 26.65526801598308], [49.93642177921692, 26.654145127014342], [49.93859650213495, 26.65526801598308]]]}, "properties": {"congestion_score": 0.985, "congestion_level": "free_flow", "color": "rgb(43,200,43)", "road_pixel_count": 1237}}, {"type": "Feature", "geometry": {"type": "Polygon", "coordinates": [[[49.942945947971, 26.65526801598308], [49.942945947971, 26.657513793920558], [49.94077122505297, 26.6586366828893], [49.93859650213495, 26.657513793920558], [49.93859650213495, 26.65526801598308], [49.94077122505297, 26.654145127014342], [49.942945947971, 26.65526801598308]]]}, "properties": {"congestion_score": 0.956, "congestion_level": "free_flow", "color": "rgb(43,200,43)", "road_pixel_count": 1810}}, {"type": "Feature", "geometry": {"type": "Polygon", "coordinates": [[[49.947295393807046, 26.65526801598308], [49.947295393807046, 26.657513793920558], [49.94512067088902, 26.6586366828893], [49.942945947971, 26.657513793920558], [49.942945947971, 26.65526801598308], [49.94512067088902, 26.654145127014342], [49.947295393807046, 26.65526801598308]]]}, "properties": {"congestion_score": 0.963, "congestion_level": "free_flow", "color": "rgb(43,200,43)", "road_pixel_count": 2495}}, {"type": "Feature", "geometry": {"type": "Polygon", "coordinates": [[[49.951644839643095, 26.65526801598308], [49.951644839643095, 26.657513793920558], [49.949470116725074, 26.6586366828893], [49.947295393807046, 26.657513793920558], [49.947295393807046, 26.65526801598308], [49.949470116725074, 26.654145127014342], [49.951644839643095, 26.65526801598308]]]}, "properties": {"congestion_score": 0.961, "congestion_level": "free_flow", "color": "rgb(43,200,43)", "road_pixel_count": 2366}}, {"type": "Feature", "geometry": {"type": "Polygon", "coordinates": [[[49.95599428547914, 26.65526801598308], [49.95599428547914, 26.657513793920558], [49.95381956256112, 26.6586366828893], [49.951644839643095, 26.657513793920558], [49.951644839643095, 26.65526801598308], [49.95381956256112, 26.654145127014342], [49.95599428547914, 26.65526801598308]]]}, "properties": {"congestion_score": 0.989, "congestion_level": "free_flow", "color": "rgb(43,200,43)", "road_pixel_count": 1617}}, {"type": "Feature", "geometry": {"type": "Polygon", "coordinates": [[[49.96034373131519, 26.65526801598308], [49.96034373131519, 26.657513793920558], [49.95816900839717, 26.6586366828893], [49.95599428547914, 26.657513793920558], [49.95599428547914, 26.65526801598308], [49.95816900839717, 26.654145127014342], [49.96034373131519, 26.65526801598308]]]}, "properties": {"congestion_score": 1.0, "congestion_level": "free_flow", "color": "rgb(43,200,43)", "road_pixel_count": 539}}, {"type": "Feature", "geometry": {"type": "Polygon", "coordinates": [[[49.96469317715125, 26.65526801598308], [49.96469317715125, 26.657513793920558], [49.96251845423322, 26.6586366828893], [49.96034373131519, 26.657513793920558], [49.96034373131519, 26.65526801598308], [49.96251845423322, 26.654145127014342], [49.96469317715125, 26.65526801598308]]]}, "properties": {"congestion_score": 0.958, "congestion_level": "free_flow", "color": "rgb(43,200,43)", "road_pixel_count": 47}}, {"type": "Feature", "geometry": {"type": "Polygon", "coordinates": [[[50.012537081347794, 26.65526801598308], [50.012537081347794, 26.657513793920558], [50.01036235842977, 26.6586366828893], [50.008187635511746, 26.657513793920558], [50.008187635511746, 26.65526801598308], [50.01036235842977, 26.654145127014342], [50.012537081347794, 26.65526801598308]]]}, "properties": {"congestion_score": 1.0, "congestion_level": "free_flow", "color": "rgb(43,200,43)", "road_pixel_count": 1430}}, {"type": "Feature", "geometry": {"type": "Polygon", "coordinates": [[[50.01688652718384, 26.65526801598308], [50.01688652718384, 26.657513793920558], [50.014711804265815, 26.6586366828893], [50.012537081347794, 26.657513793920558], [50.012537081347794, 26.65526801598308], [50.014711804265815, 26.654145127014342], [50.01688652718384, 26.65526801598308]]]}, "properties": {"congestion_score": 1.0, "congestion_level": "free_flow", "color": "rgb(43,200,43)", "road_pixel_count": 855}}, {"type": "Feature", "geometry": {"type": "Polygon", "coordinates": [[[49.92337344170877, 26.6586366828893], [49.92337344170877, 26.660882460826773], [49.92119871879075, 26.662005349795514], [49.91902399587272, 26.660882460826773], [49.91902399587272, 26.6586366828893], [49.92119871879075, 26.657513793920558], [49.92337344170877, 26.6586366828893]]]}, "properties": {"congestion_score": 1.0, "congestion_level": "free_flow", "color": "rgb(43,200,43)", "road_pixel_count": 731}}, {"type": "Feature", "geometry": {"type": "Polygon", "coordinates": [[[49.927722887544824, 26.6586366828893], [49.927722887544824, 26.660882460826773], [49.9255481646268, 26.662005349795514], [49.92337344170877, 26.660882460826773], [49.92337344170877, 26.6586366828893], [49.9255481646268, 26.657513793920558], [49.927722887544824, 26.6586366828893]]]}, "properties": {"congestion_score": 0.995, "congestion_level": "free_flow", "color": "rgb(43,200,43)", "road_pixel_count": 2834}}, {"type": "Feature", "geometry": {"type": "Polygon", "coordinates": [[[49.93207233338087, 26.6586366828893], [49.93207233338087, 26.660882460826773], [49.929897610462845, 26.662005349795514], [49.927722887544824, 26.660882460826773], [49.927722887544824, 26.6586366828893], [49.929897610462845, 26.657513793920558], [49.93207233338087, 26.6586366828893]]]}, "properties": {"congestion_score": 0.978, "congestion_level": "free_flow", "color": "rgb(43,200,43)", "road_pixel_count": 1884}}, {"type": "Feature", "geometry": {"type": "Polygon", "coordinates": [[[49.93642177921692, 26.6586366828893], [49.93642177921692, 26.660882460826773], [49.934247056298894, 26.662005349795514], [49.93207233338087, 26.660882460826773], [49.93207233338087, 26.6586366828893], [49.934247056298894, 26.657513793920558], [49.93642177921692, 26.6586366828893]]]}, "properties": {"congestion_score": 1.0, "congestion_level": "free_flow", "color": "rgb(43,200,43)", "road_pixel_count": 1012}}, {"type": "Feature", "geometry": {"type": "Polygon", "coordinates": [[[49.94077122505297, 26.6586366828893], [49.94077122505297, 26.660882460826773], [49.93859650213495, 26.662005349795514], [49.93642177921692, 26.660882460826773], [49.93642177921692, 26.6586366828893], [49.93859650213495, 26.657513793920558], [49.94077122505297, 26.6586366828893]]]}, "properties": {"congestion_score": 1.0, "congestion_level": "free_flow", "color": "rgb(43,200,43)", "road_pixel_count": 358}}, {"type": "Feature", "geometry": {"type": "Polygon", "coordinates": [[[49.949470116725074, 26.6586366828893], [49.949470116725074, 26.660882460826773], [49.947295393807046, 26.662005349795514], [49.94512067088902, 26.660882460826773], [49.94512067088902, 26.6586366828893], [49.947295393807046, 26.657513793920558], [49.949470116725074, 26.6586366828893]]]}, "properties": {"congestion_score": 0.994, "congestion_level": "free_flow", "color": "rgb(43,200,43)", "road_pixel_count": 2085}}, {"type": "Feature", "geometry": {"type": "Polygon", "coordinates": [[[49.95381956256112, 26.6586366828893], [49.95381956256112, 26.660882460826773], [49.951644839643095, 26.662005349795514], [49.949470116725074, 26.660882460826773], [49.949470116725074, 26.6586366828893], [49.951644839643095, 26.657513793920558], [49.95381956256112, 26.6586366828893]]]}, "properties": {"congestion_score": 0.988, "congestion_level": "free_flow", "color": "rgb(43,200,43)", "road_pixel_count": 2442}}, {"type": "Feature", "geometry": {"type": "Polygon", "coordinates": [[[50.014711804265815, 26.6586366828893], [50.014711804265815, 26.660882460826773], [50.012537081347794, 26.662005349795514], [50.01036235842977, 26.660882460826773], [50.01036235842977, 26.6586366828893], [50.012537081347794, 26.657513793920558], [50.014711804265815, 26.6586366828893]]]}, "properties": {"congestion_score": 1.0, "congestion_level": "free_flow", "color": "rgb(43,200,43)", "road_pixel_count": 236}}, {"type": "Feature", "geometry": {"type": "Polygon", "coordinates": [[[50.01906125010187, 26.6586366828893], [50.01906125010187, 26.660882460826773], [50.01688652718384, 26.662005349795514], [50.014711804265815, 26.660882460826773], [50.014711804265815, 26.6586366828893], [50.01688652718384, 26.657513793920558], [50.01906125010187, 26.6586366828893]]]}, "properties": {"congestion_score": 1.0, "congestion_level": "free_flow", "color": "rgb(43,200,43)", "road_pixel_count": 1563}}, {"type": "Feature", "geometry": {"type": "Polygon", "coordinates": [[[49.890752597938395, 26.662005349795514], [49.890752597938395, 26.664251127732992], [49.888577875020374, 26.66537401670173], [49.886403152102346, 26.664251127732992], [49.886403152102346, 26.662005349795514], [49.888577875020374, 26.660882460826773], [49.890752597938395, 26.662005349795514]]]}, "properties": {"congestion_score": 1.0, "congestion_level": "free_flow", "color": "rgb(43,200,43)", "road_pixel_count": 105}}, {"type": "Feature", "geometry": {"type": "Polygon", "coordinates": [[[49.89510204377445, 26.662005349795514], [49.89510204377445, 26.664251127732992], [49.89292732085642, 26.66537401670173], [49.890752597938395, 26.664251127732992], [49.890752597938395, 26.662005349795514], [49.89292732085642, 26.660882460826773], [49.89510204377445, 26.662005349795514]]]}, "properties": {"congestion_score": 0.986, "congestion_level": "free_flow", "color": "rgb(43,200,43)", "road_pixel_count": 424}}, {"type": "Feature", "geometry": {"type": "Polygon", "coordinates": [[[49.92119871879075, 26.662005349795514], [49.92119871879075, 26.664251127732992], [49.91902399587272, 26.66537401670173], [49.9168492729547, 26.664251127732992], [49.9168492729547, 26.662005349795514], [49.91902399587272, 26.660882460826773], [49.92119871879075, 26.662005349795514]]]}, "properties": {"congestion_score": 1.0, "congestion_level": "free_flow", "color": "rgb(43,200,43)", "road_pixel_count": 538}}, {"type": "Feature", "geometry": {"type": "Polygon", "coordinates": [[[49.9255481646268, 26.662005349795514], [49.9255481646268, 26.664251127732992], [49.92337344170877, 26.66537401670173], [49.92119871879075, 26.664251127732992], [49.92119871879075, 26.662005349795514], [49.92337344170877, 26.660882460826773], [49.9255481646268, 26.662005349795514]]]}, "properties": {"congestion_score": 1.0, "congestion_level": "free_flow", "color": "rgb(43,200,43)", "road_pixel_count": 566}}, {"type": "Feature", "geometry": {"type": "Polygon", "coordinates": [[[49.929897610462845, 26.662005349795514], [49.929897610462845, 26.664251127732992], [49.927722887544824, 26.66537401670173], [49.9255481646268, 26.664251127732992], [49.9255481646268, 26.662005349795514], [49.927722887544824, 26.660882460826773], [49.929897610462845, 26.662005349795514]]]}, "properties": {"congestion_score": 1.0, "congestion_level": "free_flow", "color": "rgb(43,200,43)", "road_pixel_count": 1142}}, {"type": "Feature", "geometry": {"type": "Polygon", "coordinates": [[[49.934247056298894, 26.662005349795514], [49.934247056298894, 26.664251127732992], [49.93207233338087, 26.66537401670173], [49.929897610462845, 26.664251127732992], [49.929897610462845, 26.662005349795514], [49.93207233338087, 26.660882460826773], [49.934247056298894, 26.662005349795514]]]}, "properties": {"congestion_score": 1.0, "congestion_level": "free_flow", "color": "rgb(43,200,43)", "road_pixel_count": 266}}, {"type": "Feature", "geometry": {"type": "Polygon", "coordinates": [[[49.93859650213495, 26.662005349795514], [49.93859650213495, 26.664251127732992], [49.93642177921692, 26.66537401670173], [49.934247056298894, 26.664251127732992], [49.934247056298894, 26.662005349795514], [49.93642177921692, 26.660882460826773], [49.93859650213495, 26.662005349795514]]]}, "properties": {"congestion_score": 1.0, "congestion_level": "free_flow", "color": "rgb(43,200,43)", "road_pixel_count": 872}}, {"type": "Feature", "geometry": {"type": "Polygon", "coordinates": [[[49.942945947971, 26.662005349795514], [49.942945947971, 26.664251127732992], [49.94077122505297, 26.66537401670173], [49.93859650213495, 26.664251127732992], [49.93859650213495, 26.662005349795514], [49.94077122505297, 26.660882460826773], [49.942945947971, 26.662005349795514]]]}, "properties": {"congestion_score": 1.0, "congestion_level": "free_flow", "color": "rgb(43,200,43)", "road_pixel_count": 1418}}, {"type": "Feature", "geometry": {"type": "Polygon", "coordinates": [[[49.947295393807046, 26.662005349795514], [49.947295393807046, 26.664251127732992], [49.94512067088902, 26.66537401670173], [49.942945947971, 26.664251127732992], [49.942945947971, 26.662005349795514], [49.94512067088902, 26.660882460826773], [49.947295393807046, 26.662005349795514]]]}, "properties": {"congestion_score": 0.999, "congestion_level": "free_flow", "color": "rgb(43,200,43)", "road_pixel_count": 1342}}, {"type": "Feature", "geometry": {"type": "Polygon", "coordinates": [[[49.951644839643095, 26.662005349795514], [49.951644839643095, 26.664251127732992], [49.949470116725074, 26.66537401670173], [49.947295393807046, 26.664251127732992], [49.947295393807046, 26.662005349795514], [49.949470116725074, 26.660882460826773], [49.951644839643095, 26.662005349795514]]]}, "properties": {"congestion_score": 0.997, "congestion_level": "free_flow", "color": "rgb(43,200,43)", "road_pixel_count": 1713}}, {"type": "Feature", "geometry": {"type": "Polygon", "coordinates": [[[49.95599428547914, 26.662005349795514], [49.95599428547914, 26.664251127732992], [49.95381956256112, 26.66537401670173], [49.951644839643095, 26.664251127732992], [49.951644839643095, 26.662005349795514], [49.95381956256112, 26.660882460826773], [49.95599428547914, 26.662005349795514]]]}, "properties": {"congestion_score": 0.991, "congestion_level": "free_flow", "color": "rgb(43,200,43)", "road_pixel_count": 1288}}, {"type": "Feature", "geometry": {"type": "Polygon", "coordinates": [[[50.02123597301989, 26.662005349795514], [50.02123597301989, 26.664251127732992], [50.01906125010187, 26.66537401670173], [50.01688652718384, 26.664251127732992], [50.01688652718384, 26.662005349795514], [50.01906125010187, 26.660882460826773], [50.02123597301989, 26.662005349795514]]]}, "properties": {"congestion_score": 1.0, "congestion_level": "free_flow", "color": "rgb(43,200,43)", "road_pixel_count": 1378}}, {"type": "Feature", "geometry": {"type": "Polygon", "coordinates": [[[50.02558541885594, 26.662005349795514], [50.02558541885594, 26.664251127732992], [50.02341069593792, 26.66537401670173], [50.02123597301989, 26.664251127732992], [50.02123597301989, 26.662005349795514], [50.02341069593792, 26.660882460826773], [50.02558541885594, 26.662005349795514]]]}, "properties": {"congestion_score": 1.0, "congestion_level": "free_flow", "color": "rgb(43,200,43)", "road_pixel_count": 597}}, {"type": "Feature", "geometry": {"type": "Polygon", "coordinates": [[[49.89292732085642, 26.66537401670173], [49.89292732085642, 26.667619794639208], [49.890752597938395, 26.668742683607945], [49.888577875020374, 26.667619794639208], [49.888577875020374, 26.66537401670173], [49.890752597938395, 26.664251127732992], [49.89292732085642, 26.66537401670173]]]}, "properties": {"congestion_score": 0.987, "congestion_level": "free_flow", "color": "rgb(43,200,43)", "road_pixel_count": 380}}, {"type": "Feature", "geometry": {"type": "Polygon", "coordinates": [[[49.89727676669247, 26.66537401670173], [49.89727676669247, 26.667619794639208], [49.89510204377445, 26.668742683607945], [49.89292732085642, 26.667619794639208], [49.89292732085642, 26.66537401670173], [49.89510204377445, 26.664251127732992], [49.89727676669247, 26.66537401670173]]]}, "properties": {"congestion_score": 0.998, "congestion_level": "free_flow", "color": "rgb(43,200,43)", "road_pixel_count": 415}}, {"type": "Feature", "geometry": {"type": "Polygon", "coordinates": [[[49.91902399587272, 26.66537401670173], [49.91902399587272, 26.667619794639208], [49.9168492729547, 26.668742683607945], [49.91467455003667, 26.667619794639208], [49.91467455003667, 26.66537401670173], [49.9168492729547, 26.664251127732992], [49.91902399587272, 26.66537401670173]]]}, "properties": {"congestion_score": 1.0, "congestion_level": "free_flow", "color": "rgb(43,200,43)", "road_pixel_count": 539}}, {"type": "Feature", "geometry": {"type": "Polygon", "coordinates": [[[49.927722887544824, 26.66537401670173], [49.927722887544824, 26.667619794639208], [49.9255481646268, 26.668742683607945], [49.92337344170877, 26.667619794639208], [49.92337344170877, 26.66537401670173], [49.9255481646268, 26.664251127732992], [49.927722887544824, 26.66537401670173]]]}, "properties": {"congestion_score": 1.0, "congestion_level": "free_flow", "color": "rgb(43,200,43)", "road_pixel_count": 1393}}, {"type": "Feature", "geometry": {"type": "Polygon", "coordinates": [[[49.949470116725074, 26.66537401670173], [49.949470116725074, 26.667619794639208], [49.947295393807046, 26.668742683607945], [49.94512067088902, 26.667619794639208], [49.94512067088902, 26.66537401670173], [49.947295393807046, 26.664251127732992], [49.949470116725074, 26.66537401670173]]]}, "properties": {"congestion_score": 0.999, "congestion_level": "free_flow", "color": "rgb(43,200,43)", "road_pixel_count": 1991}}, {"type": "Feature", "geometry": {"type": "Polygon", "coordinates": [[[49.95381956256112, 26.66537401670173], [49.95381956256112, 26.667619794639208], [49.951644839643095, 26.668742683607945], [49.949470116725074, 26.667619794639208], [49.949470116725074, 26.66537401670173], [49.951644839643095, 26.664251127732992], [49.95381956256112, 26.66537401670173]]]}, "properties": {"congestion_score": 0.988, "congestion_level": "free_flow", "color": "rgb(43,200,43)", "road_pixel_count": 2797}}, {"type": "Feature", "geometry": {"type": "Polygon", "coordinates": [[[49.95816900839717, 26.66537401670173], [49.95816900839717, 26.667619794639208], [49.95599428547914, 26.668742683607945], [49.95381956256112, 26.667619794639208], [49.95381956256112, 26.66537401670173], [49.95599428547914, 26.664251127732992], [49.95816900839717, 26.66537401670173]]]}, "properties": {"congestion_score": 0.997, "congestion_level": "free_flow", "color": "rgb(43,200,43)", "road_pixel_count": 347}}, {"type": "Feature", "geometry": {"type": "Polygon", "coordinates": [[[50.02341069593792, 26.66537401670173], [50.02341069593792, 26.667619794639208], [50.02123597301989, 26.668742683607945], [50.01906125010187, 26.667619794639208], [50.01906125010187, 26.66537401670173], [50.02123597301989, 26.664251127732992], [50.02341069593792, 26.66537401670173]]]}, "properties": {"congestion_score": 1.0, "congestion_level": "free_flow", "color": "rgb(43,200,43)", "road_pixel_count": 515}}, {"type": "Feature", "geometry": {"type": "Polygon", "coordinates": [[[50.02776014177397, 26.66537401670173], [50.02776014177397, 26.667619794639208], [50.02558541885594, 26.668742683607945], [50.02341069593792, 26.667619794639208], [50.02341069593792, 26.66537401670173], [50.02558541885594, 26.664251127732992], [50.02776014177397, 26.66537401670173]]]}, "properties": {"congestion_score": 1.0, "congestion_level": "free_flow", "color": "rgb(43,200,43)", "road_pixel_count": 1424}}, {"type": "Feature", "geometry": {"type": "Polygon", "coordinates": [[[49.8994514896105, 26.668742683607945], [49.8994514896105, 26.670988461545424], [49.89727676669247, 26.67211135051416], [49.89510204377445, 26.670988461545424], [49.89510204377445, 26.668742683607945], [49.89727676669247, 26.667619794639208], [49.8994514896105, 26.668742683607945]]]}, "properties": {"congestion_score": 1.0, "congestion_level": "free_flow", "color": "rgb(43,200,43)", "road_pixel_count": 529}}, {"type": "Feature", "geometry": {"type": "Polygon", "coordinates": [[[49.9168492729547, 26.668742683607945], [49.9168492729547, 26.670988461545424], [49.91467455003667, 26.67211135051416], [49.912499827118644, 26.670988461545424], [49.912499827118644, 26.668742683607945], [49.91467455003667, 26.667619794639208], [49.9168492729547, 26.668742683607945]]]}, "properties": {"congestion_score": 1.0, "congestion_level": "free_flow", "color": "rgb(43,200,43)", "road_pixel_count": 533}}, {"type": "Feature", "geometry": {"type": "Polygon", "coordinates": [[[49.9255481646268, 26.668742683607945], [49.9255481646268, 26.670988461545424], [49.92337344170877, 26.67211135051416], [49.92119871879075, 26.670988461545424], [49.92119871879075, 26.668742683607945], [49.92337344170877, 26.667619794639208], [49.9255481646268, 26.668742683607945]]]}, "properties": {"congestion_score": 1.0, "congestion_level": "free_flow", "color": "rgb(43,200,43)", "road_pixel_count": 1510}}, {"type": "Feature", "geometry": {"type": "Polygon", "coordinates": [[[49.951644839643095, 26.668742683607945], [49.951644839643095, 26.670988461545424], [49.949470116725074, 26.67211135051416], [49.947295393807046, 26.670988461545424], [49.947295393807046, 26.668742683607945], [49.949470116725074, 26.667619794639208], [49.951644839643095, 26.668742683607945]]]}, "properties": {"congestion_score": 0.988, "congestion_level": "free_flow", "color": "rgb(43,200,43)", "road_pixel_count": 1536}}, {"type": "Feature", "geometry": {"type": "Polygon", "coordinates": [[[49.95599428547914, 26.668742683607945], [49.95599428547914, 26.670988461545424], [49.95381956256112, 26.67211135051416], [49.951644839643095, 26.670988461545424], [49.951644839643095, 26.668742683607945], [49.95381956256112, 26.667619794639208], [49.95599428547914, 26.668742683607945]]]}, "properties": {"congestion_score": 0.996, "congestion_level": "free_flow", "color": "rgb(43,200,43)", "road_pixel_count": 1916}}, {"type": "Feature", "geometry": {"type": "Polygon", "coordinates": [[[50.02993486469199, 26.668742683607945], [50.02993486469199, 26.670988461545424], [50.02776014177397, 26.67211135051416], [50.02558541885594, 26.670988461545424], [50.02558541885594, 26.668742683607945], [50.02776014177397, 26.667619794639208], [50.02993486469199, 26.668742683607945]]]}, "properties": {"congestion_score": 1.0, "congestion_level": "free_flow", "color": "rgb(43,200,43)", "road_pixel_count": 1541}}, {"type": "Feature", "geometry": {"type": "Polygon", "coordinates": [[[50.034284310528044, 26.668742683607945], [50.034284310528044, 26.670988461545424], [50.032109587610016, 26.67211135051416], [50.02993486469199, 26.670988461545424], [50.02993486469199, 26.668742683607945], [50.032109587610016, 26.667619794639208], [50.034284310528044, 26.668742683607945]]]}, "properties": {"congestion_score": 1.0, "congestion_level": "free_flow", "color": "rgb(43,200,43)", "road_pixel_count": 31}}, {"type": "Feature", "geometry": {"type": "Polygon", "coordinates": [[[49.90162621252852, 26.67211135051416], [49.90162621252852, 26.67435712845164], [49.8994514896105, 26.67548001742038], [49.89727676669247, 26.67435712845164], [49.89727676669247, 26.67211135051416], [49.8994514896105, 26.670988461545424], [49.90162621252852, 26.67211135051416]]]}, "properties": {"congestion_score": 1.0, "congestion_level": "free_flow", "color": "rgb(43,200,43)", "road_pixel_count": 546}}, {"type": "Feature", "geometry": {"type": "Polygon", "coordinates": [[[49.91467455003667, 26.67211135051416], [49.91467455003667, 26.67435712845164], [49.912499827118644, 26.67548001742038], [49.91032510420062, 26.67435712845164], [49.91032510420062, 26.67211135051416], [49.912499827118644, 26.670988461545424], [49.91467455003667, 26.67211135051416]]]}, "properties": {"congestion_score": 1.0, "congestion_level": "free_flow", "color": "rgb(43,200,43)", "road_pixel_count": 532}}, {"type": "Feature", "geometry": {"type": "Polygon", "coordinates": [[[49.92337344170877, 26.67211135051416], [49.92337344170877, 26.67435712845164], [49.92119871879075, 26.67548001742038], [49.91902399587272, 26.67435712845164], [49.91902399587272, 26.67211135051416], [49.92119871879075, 26.670988461545424], [49.92337344170877, 26.67211135051416]]]}, "properties": {"congestion_score": 1.0, "congestion_level": "free_flow", "color": "rgb(43,200,43)", "road_pixel_count": 1495}}, {"type": "Feature", "geometry": {"type": "Polygon", "coordinates": [[[49.95381956256112, 26.67211135051416], [49.95381956256112, 26.67435712845164], [49.951644839643095, 26.67548001742038], [49.949470116725074, 26.67435712845164], [49.949470116725074, 26.67211135051416], [49.951644839643095, 26.670988461545424], [49.95381956256112, 26.67211135051416]]]}, "properties": {"congestion_score": 1.0, "congestion_level": "free_flow", "color": "rgb(43,200,43)", "road_pixel_count": 361}}, {"type": "Feature", "geometry": {"type": "Polygon", "coordinates": [[[49.95816900839717, 26.67211135051416], [49.95816900839717, 26.67435712845164], [49.95599428547914, 26.67548001742038], [49.95381956256112, 26.67435712845164], [49.95381956256112, 26.67211135051416], [49.95599428547914, 26.670988461545424], [49.95816900839717, 26.67211135051416]]]}, "properties": {"congestion_score": 0.992, "congestion_level": "free_flow", "color": "rgb(43,200,43)", "road_pixel_count": 1459}}, {"type": "Feature", "geometry": {"type": "Polygon", "coordinates": [[[50.032109587610016, 26.67211135051416], [50.032109587610016, 26.67435712845164], [50.02993486469199, 26.67548001742038], [50.02776014177397, 26.67435712845164], [50.02776014177397, 26.67211135051416], [50.02993486469199, 26.670988461545424], [50.032109587610016, 26.67211135051416]]]}, "properties": {"congestion_score": 1.0, "congestion_level": "free_flow", "color": "rgb(43,200,43)", "road_pixel_count": 1252}}, {"type": "Feature", "geometry": {"type": "Polygon", "coordinates": [[[50.036459033446064, 26.67211135051416], [50.036459033446064, 26.67435712845164], [50.034284310528044, 26.67548001742038], [50.032109587610016, 26.67435712845164], [50.032109587610016, 26.67211135051416], [50.034284310528044, 26.670988461545424], [50.036459033446064, 26.67211135051416]]]}, "properties": {"congestion_score": 1.0, "congestion_level": "free_flow", "color": "rgb(43,200,43)", "road_pixel_count": 677}}, {"type": "Feature", "geometry": {"type": "Polygon", "coordinates": [[[49.90380093544655, 26.67548001742038], [49.90380093544655, 26.677725795357855], [49.90162621252852, 26.678848684326596], [49.8994514896105, 26.677725795357855], [49.8994514896105, 26.67548001742038], [49.90162621252852, 26.67435712845164], [49.90380093544655, 26.67548001742038]]]}, "properties": {"congestion_score": 1.0, "congestion_level": "free_flow", "color": "rgb(43,200,43)", "road_pixel_count": 539}}, {"type": "Feature", "geometry": {"type": "Polygon", "coordinates": [[[49.908150381282596, 26.67548001742038], [49.908150381282596, 26.677725795357855], [49.905975658364575, 26.678848684326596], [49.90380093544655, 26.677725795357855], [49.90380093544655, 26.67548001742038], [49.905975658364575, 26.67435712845164], [49.908150381282596, 26.67548001742038]]]}, "properties": {"congestion_score": 1.0, "congestion_level": "free_flow", "color": "rgb(43,200,43)", "road_pixel_count": 292}}, {"type": "Feature", "geometry": {"type": "Polygon", "coordinates": [[[49.912499827118644, 26.67548001742038], [49.912499827118644, 26.677725795357855], [49.91032510420062, 26.678848684326596], [49.908150381282596, 26.677725795357855], [49.908150381282596, 26.67548001742038], [49.91032510420062, 26.67435712845164], [49.912499827118644, 26.67548001742038]]]}, "properties": {"congestion_score": 1.0, "congestion_level": "free_flow", "color": "rgb(43,200,43)", "road_pixel_count": 537}}, {"type": "Feature", "geometry": {"type": "Polygon", "coordinates": [[[49.92119871879075, 26.67548001742038], [49.92119871879075, 26.677725795357855], [49.91902399587272, 26.678848684326596], [49.9168492729547, 26.677725795357855], [49.9168492729547, 26.67548001742038], [49.91902399587272, 26.67435712845164], [49.92119871879075, 26.67548001742038]]]}, "properties": {"congestion_score": 1.0, "congestion_level": "free_flow", "color": "rgb(43,200,43)", "road_pixel_count": 1493}}, {"type": "Feature", "geometry": {"type": "Polygon", "coordinates": [[[49.9255481646268, 26.67548001742038], [49.9255481646268, 26.677725795357855], [49.92337344170877, 26.678848684326596], [49.92119871879075, 26.677725795357855], [49.92119871879075, 26.67548001742038], [49.92337344170877, 26.67435712845164], [49.9255481646268, 26.67548001742038]]]}, "properties": {"congestion_score": 1.0, "congestion_level": "free_flow", "color": "rgb(43,200,43)", "road_pixel_count": 7}}, {"type": "Feature", "geometry": {"type": "Polygon", "coordinates": [[[49.96034373131519, 26.67548001742038], [49.96034373131519, 26.677725795357855], [49.95816900839717, 26.678848684326596], [49.95599428547914, 26.677725795357855], [49.95599428547914, 26.67548001742038], [49.95816900839717, 26.67435712845164], [49.96034373131519, 26.67548001742038]]]}, "properties": {"congestion_score": 0.989, "congestion_level": "free_flow", "color": "rgb(43,200,43)", "road_pixel_count": 1483}}, {"type": "Feature", "geometry": {"type": "Polygon", "coordinates": [[[50.034284310528044, 26.67548001742038], [50.034284310528044, 26.677725795357855], [50.032109587610016, 26.678848684326596], [50.02993486469199, 26.677725795357855], [50.02993486469199, 26.67548001742038], [50.032109587610016, 26.67435712845164], [50.034284310528044, 26.67548001742038]]]}, "properties": {"congestion_score": 1.0, "congestion_level": "free_flow", "color": "rgb(43,200,43)", "road_pixel_count": 751}}, {"type": "Feature", "geometry": {"type": "Polygon", "coordinates": [[[50.03863375636409, 26.67548001742038], [50.03863375636409, 26.677725795357855], [50.036459033446064, 26.678848684326596], [50.034284310528044, 26.677725795357855], [50.034284310528044, 26.67548001742038], [50.036459033446064, 26.67435712845164], [50.03863375636409, 26.67548001742038]]]}, "properties": {"congestion_score": 1.0, "congestion_level": "free_flow", "color": "rgb(43,200,43)", "road_pixel_count": 549}}, {"type": "Feature", "geometry": {"type": "Polygon", "coordinates": [[[49.905975658364575, 26.678848684326596], [49.905975658364575, 26.681094462264074], [49.90380093544655, 26.68221735123281], [49.90162621252852, 26.681094462264074], [49.90162621252852, 26.678848684326596], [49.90380093544655, 26.677725795357855], [49.905975658364575, 26.678848684326596]]]}, "properties": {"congestion_score": 1.0, "congestion_level": "free_flow", "color": "rgb(43,200,43)", "road_pixel_count": 79}}, {"type": "Feature", "geometry": {"type": "Polygon", "coordinates": [[[49.91032510420062, 26.678848684326596], [49.91032510420062, 26.681094462264074], [49.908150381282596, 26.68221735123281], [49.905975658364575, 26.681094462264074], [49.905975658364575, 26.678848684326596], [49.908150381282596, 26.677725795357855], [49.91032510420062, 26.678848684326596]]]}, "properties": {"congestion_score": 1.0, "congestion_level": "free_flow", "color": "rgb(43,200,43)", "road_pixel_count": 595}}, {"type": "Feature", "geometry": {"type": "Polygon", "coordinates": [[[49.91902399587272, 26.678848684326596], [49.91902399587272, 26.681094462264074], [49.9168492729547, 26.68221735123281], [49.91467455003667, 26.681094462264074], [49.91467455003667, 26.678848684326596], [49.9168492729547, 26.677725795357855], [49.91902399587272, 26.678848684326596]]]}, "properties": {"congestion_score": 1.0, "congestion_level": "free_flow", "color": "rgb(43,200,43)", "road_pixel_count": 1505}}, {"type": "Feature", "geometry": {"type": "Polygon", "coordinates": [[[49.96251845423322, 26.678848684326596], [49.96251845423322, 26.681094462264074], [49.96034373131519, 26.68221735123281], [49.95816900839717, 26.681094462264074], [49.95816900839717, 26.678848684326596], [49.96034373131519, 26.677725795357855], [49.96251845423322, 26.678848684326596]]]}, "properties": {"congestion_score": 0.991, "congestion_level": "free_flow", "color": "rgb(43,200,43)", "road_pixel_count": 1492}}, {"type": "Feature", "geometry": {"type": "Polygon", "coordinates": [[[49.96686790006927, 26.678848684326596], [49.96686790006927, 26.681094462264074], [49.96469317715125, 26.68221735123281], [49.96251845423322, 26.681094462264074], [49.96251845423322, 26.678848684326596], [49.96469317715125, 26.677725795357855], [49.96686790006927, 26.678848684326596]]]}, "properties": {"congestion_score": 1.0, "congestion_level": "free_flow", "color": "rgb(43,200,43)", "road_pixel_count": 8}}, {"type": "Feature", "geometry": {"type": "Polygon", "coordinates": [[[50.036459033446064, 26.678848684326596], [50.036459033446064, 26.681094462264074], [50.034284310528044, 26.68221735123281], [50.032109587610016, 26.681094462264074], [50.032109587610016, 26.678848684326596], [50.034284310528044, 26.677725795357855], [50.036459033446064, 26.678848684326596]]]}, "properties": {"congestion_score": 1.0, "congestion_level": "free_flow", "color": "rgb(43,200,43)", "road_pixel_count": 1396}}, {"type": "Feature", "geometry": {"type": "Polygon", "coordinates": [[[49.9168492729547, 26.68221735123281], [49.9168492729547, 26.68446312917029], [49.91467455003667, 26.685586018139027], [49.912499827118644, 26.68446312917029], [49.912499827118644, 26.68221735123281], [49.91467455003667, 26.681094462264074], [49.9168492729547, 26.68221735123281]]]}, "properties": {"congestion_score": 1.0, "congestion_level": "free_flow", "color": "rgb(43,200,43)", "road_pixel_count": 1511}}, {"type": "Feature", "geometry": {"type": "Polygon", "coordinates": [[[49.96469317715125, 26.68221735123281], [49.96469317715125, 26.68446312917029], [49.96251845423322, 26.685586018139027], [49.96034373131519, 26.68446312917029], [49.96034373131519, 26.68221735123281], [49.96251845423322, 26.681094462264074], [49.96469317715125, 26.68221735123281]]]}, "properties": {"congestion_score": 0.987, "congestion_level": "free_flow", "color": "rgb(43,200,43)", "road_pixel_count": 1418}}, {"type": "Feature", "geometry": {"type": "Polygon", "coordinates": [[[49.969042622987295, 26.68221735123281], [49.969042622987295, 26.68446312917029], [49.96686790006927, 26.685586018139027], [49.96469317715125, 26.68446312917029], [49.96469317715125, 26.68221735123281], [49.96686790006927, 26.681094462264074], [49.969042622987295, 26.68221735123281]]]}, "properties": {"congestion_score": 1.0, "congestion_level": "free_flow", "color": "rgb(43,200,43)", "road_pixel_count": 203}}, {"type": "Feature", "geometry": {"type": "Polygon", "coordinates": [[[50.034284310528044, 26.68221735123281], [50.034284310528044, 26.68446312917029], [50.032109587610016, 26.685586018139027], [50.02993486469199, 26.68446312917029], [50.02993486469199, 26.68221735123281], [50.032109587610016, 26.681094462264074], [50.034284310528044, 26.68221735123281]]]}, "properties": {"congestion_score": 1.0, "congestion_level": "free_flow", "color": "rgb(43,200,43)", "road_pixel_count": 139}}, {"type": "Feature", "geometry": {"type": "Polygon", "coordinates": [[[50.03863375636409, 26.68221735123281], [50.03863375636409, 26.68446312917029], [50.036459033446064, 26.685586018139027], [50.034284310528044, 26.68446312917029], [50.034284310528044, 26.68221735123281], [50.036459033446064, 26.681094462264074], [50.03863375636409, 26.68221735123281]]]}, "properties": {"congestion_score": 1.0, "congestion_level": "free_flow", "color": "rgb(43,200,43)", "road_pixel_count": 1001}}, {"type": "Feature", "geometry": {"type": "Polygon", "coordinates": [[[49.91467455003667, 26.685586018139027], [49.91467455003667, 26.687831796076505], [49.912499827118644, 26.688954685045243], [49.91032510420062, 26.687831796076505], [49.91032510420062, 26.685586018139027], [49.912499827118644, 26.68446312917029], [49.91467455003667, 26.685586018139027]]]}, "properties": {"congestion_score": 1.0, "congestion_level": "free_flow", "color": "rgb(43,200,43)", "road_pixel_count": 1509}}, {"type": "Feature", "geometry": {"type": "Polygon", "coordinates": [[[49.96686790006927, 26.685586018139027], [49.96686790006927, 26.687831796076505], [49.96469317715125, 26.688954685045243], [49.96251845423322, 26.687831796076505], [49.96251845423322, 26.685586018139027], [49.96469317715125, 26.68446312917029], [49.96686790006927, 26.685586018139027]]]}, "properties": {"congestion_score": 0.99, "congestion_level": "free_flow", "color": "rgb(43,200,43)", "road_pixel_count": 1181}}, {"type": "Feature", "geometry": {"type": "Polygon", "coordinates": [[[49.971217345905316, 26.685586018139027], [49.971217345905316, 26.687831796076505], [49.969042622987295, 26.688954685045243], [49.96686790006927, 26.687831796076505], [49.96686790006927, 26.685586018139027], [49.969042622987295, 26.68446312917029], [49.971217345905316, 26.685586018139027]]]}, "properties": {"congestion_score": 0.998, "congestion_level": "free_flow", "color": "rgb(43,200,43)", "road_pixel_count": 518}}, {"type": "Feature", "geometry": {"type": "Polygon", "coordinates": [[[50.032109587610016, 26.685586018139027], [50.032109587610016, 26.687831796076505], [50.02993486469199, 26.688954685045243], [50.02776014177397, 26.687831796076505], [50.02776014177397, 26.685586018139027], [50.02993486469199, 26.68446312917029], [50.032109587610016, 26.685586018139027]]]}, "properties": {"congestion_score": 1.0, "congestion_level": "free_flow", "color": "rgb(43,200,43)", "road_pixel_count": 103}}, {"type": "Feature", "geometry": {"type": "Polygon", "coordinates": [[[50.036459033446064, 26.685586018139027], [50.036459033446064, 26.687831796076505], [50.034284310528044, 26.688954685045243], [50.032109587610016, 26.687831796076505], [50.032109587610016, 26.685586018139027], [50.034284310528044, 26.68446312917029], [50.036459033446064, 26.685586018139027]]]}, "properties": {"congestion_score": 1.0, "congestion_level": "free_flow", "color": "rgb(43,200,43)", "road_pixel_count": 1409}}, {"type": "Feature", "geometry": {"type": "Polygon", "coordinates": [[[49.908150381282596, 26.688954685045243], [49.908150381282596, 26.69120046298272], [49.905975658364575, 26.69232335195146], [49.90380093544655, 26.69120046298272], [49.90380093544655, 26.688954685045243], [49.905975658364575, 26.687831796076505], [49.908150381282596, 26.688954685045243]]]}, "properties": {"congestion_score": 1.0, "congestion_level": "free_flow", "color": "rgb(43,200,43)", "road_pixel_count": 39}}, {"type": "Feature", "geometry": {"type": "Polygon", "coordinates": [[[49.912499827118644, 26.688954685045243], [49.912499827118644, 26.69120046298272], [49.91032510420062, 26.69232335195146], [49.908150381282596, 26.69120046298272], [49.908150381282596, 26.688954685045243], [49.91032510420062, 26.687831796076505], [49.912499827118644, 26.688954685045243]]]}, "properties": {"congestion_score": 1.0, "congestion_level": "free_flow", "color": "rgb(43,200,43)", "road_pixel_count": 1488}}, {"type": "Feature", "geometry": {"type": "Polygon", "coordinates": [[[49.969042622987295, 26.688954685045243], [49.969042622987295, 26.69120046298272], [49.96686790006927, 26.69232335195146], [49.96469317715125, 26.69120046298272], [49.96469317715125, 26.688954685045243], [49.96686790006927, 26.687831796076505], [49.969042622987295, 26.688954685045243]]]}, "properties": {"congestion_score": 0.996, "congestion_level": "free_flow", "color": "rgb(43,200,43)", "road_pixel_count": 838}}, {"type": "Feature", "geometry": {"type": "Polygon", "coordinates": [[[49.973392068823344, 26.688954685045243], [49.973392068823344, 26.69120046298272], [49.971217345905316, 26.69232335195146], [49.969042622987295, 26.69120046298272], [49.969042622987295, 26.688954685045243], [49.971217345905316, 26.687831796076505], [49.973392068823344, 26.688954685045243]]]}, "properties": {"congestion_score": 0.999, "congestion_level": "free_flow", "color": "rgb(43,200,43)", "road_pixel_count": 803}}, {"type": "Feature", "geometry": {"type": "Polygon", "coordinates": [[[50.02993486469199, 26.688954685045243], [50.02993486469199, 26.69120046298272], [50.02776014177397, 26.69232335195146], [50.02558541885594, 26.69120046298272], [50.02558541885594, 26.688954685045243], [50.02776014177397, 26.687831796076505], [50.02993486469199, 26.688954685045243]]]}, "properties": {"congestion_score": 1.0, "congestion_level": "free_flow", "color": "rgb(43,200,43)", "road_pixel_count": 355}}, {"type": "Feature", "geometry": {"type": "Polygon", "coordinates": [[[50.034284310528044, 26.688954685045243], [50.034284310528044, 26.69120046298272], [50.032109587610016, 26.69232335195146], [50.02993486469199, 26.69120046298272], [50.02993486469199, 26.688954685045243], [50.032109587610016, 26.687831796076505], [50.034284310528044, 26.688954685045243]]]}, "properties": {"congestion_score": 1.0, "congestion_level": "free_flow", "color": "rgb(43,200,43)", "road_pixel_count": 2448}}, {"type": "Feature", "geometry": {"type": "Polygon", "coordinates": [[[50.03863375636409, 26.688954685045243], [50.03863375636409, 26.69120046298272], [50.036459033446064, 26.69232335195146], [50.034284310528044, 26.69120046298272], [50.034284310528044, 26.688954685045243], [50.036459033446064, 26.687831796076505], [50.03863375636409, 26.688954685045243]]]}, "properties": {"congestion_score": 1.0, "congestion_level": "free_flow", "color": "rgb(43,200,43)", "road_pixel_count": 768}}, {"type": "Feature", "geometry": {"type": "Polygon", "coordinates": [[[49.905975658364575, 26.69232335195146], [49.905975658364575, 26.694569129888936], [49.90380093544655, 26.695692018857677], [49.90162621252852, 26.694569129888936], [49.90162621252852, 26.69232335195146], [49.90380093544655, 26.69120046298272], [49.905975658364575, 26.69232335195146]]]}, "properties": {"congestion_score": 1.0, "congestion_level": "free_flow", "color": "rgb(43,200,43)", "road_pixel_count": 181}}, {"type": "Feature", "geometry": {"type": "Polygon", "coordinates": [[[49.91032510420062, 26.69232335195146], [49.91032510420062, 26.694569129888936], [49.908150381282596, 26.695692018857677], [49.905975658364575, 26.694569129888936], [49.905975658364575, 26.69232335195146], [49.908150381282596, 26.69120046298272], [49.91032510420062, 26.69232335195146]]]}, "properties": {"congestion_score": 1.0, "congestion_level": "free_flow", "color": "rgb(43,200,43)", "road_pixel_count": 1420}}, {"type": "Feature", "geometry": {"type": "Polygon", "coordinates": [[[49.971217345905316, 26.69232335195146], [49.971217345905316, 26.694569129888936], [49.969042622987295, 26.695692018857677], [49.96686790006927, 26.694569129888936], [49.96686790006927, 26.69232335195146], [49.969042622987295, 26.69120046298272], [49.971217345905316, 26.69232335195146]]]}, "properties": {"congestion_score": 0.996, "congestion_level": "free_flow", "color": "rgb(43,200,43)", "road_pixel_count": 677}}, {"type": "Feature", "geometry": {"type": "Polygon", "coordinates": [[[49.97556679174137, 26.69232335195146], [49.97556679174137, 26.694569129888936], [49.973392068823344, 26.695692018857677], [49.971217345905316, 26.694569129888936], [49.971217345905316, 26.69232335195146], [49.973392068823344, 26.69120046298272], [49.97556679174137, 26.69232335195146]]]}, "properties": {"congestion_score": 0.999, "congestion_level": "free_flow", "color": "rgb(43,200,43)", "road_pixel_count": 881}}, {"type": "Feature", "geometry": {"type": "Polygon", "coordinates": [[[50.02776014177397, 26.69232335195146], [50.02776014177397, 26.694569129888936], [50.02558541885594, 26.695692018857677], [50.02341069593792, 26.694569129888936], [50.02341069593792, 26.69232335195146], [50.02558541885594, 26.69120046298272], [50.02776014177397, 26.69232335195146]]]}, "properties": {"congestion_score": 1.0, "congestion_level": "free_flow", "color": "rgb(43,200,43)", "road_pixel_count": 326}}, {"type": "Feature", "geometry": {"type": "Polygon", "coordinates": [[[50.032109587610016, 26.69232335195146], [50.032109587610016, 26.694569129888936], [50.02993486469199, 26.695692018857677], [50.02776014177397, 26.694569129888936], [50.02776014177397, 26.69232335195146], [50.02993486469199, 26.69120046298272], [50.032109587610016, 26.69232335195146]]]}, "properties": {"congestion_score": 1.0, "congestion_level": "free_flow", "color": "rgb(43,200,43)", "road_pixel_count": 1292}}, {"type": "Feature", "geometry": {"type": "Polygon", "coordinates": [[[50.036459033446064, 26.69232335195146], [50.036459033446064, 26.694569129888936], [50.034284310528044, 26.695692018857677], [50.032109587610016, 26.694569129888936], [50.032109587610016, 26.69232335195146], [50.034284310528044, 26.69120046298272], [50.036459033446064, 26.69232335195146]]]}, "properties": {"congestion_score": 1.0, "congestion_level": "free_flow", "color": "rgb(43,200,43)", "road_pixel_count": 360}}, {"type": "Feature", "geometry": {"type": "Polygon", "coordinates": [[[50.04080847928211, 26.69232335195146], [50.04080847928211, 26.694569129888936], [50.03863375636409, 26.695692018857677], [50.036459033446064, 26.694569129888936], [50.036459033446064, 26.69232335195146], [50.03863375636409, 26.69120046298272], [50.04080847928211, 26.69232335195146]]]}, "properties": {"congestion_score": 1.0, "congestion_level": "free_flow", "color": "rgb(43,200,43)", "road_pixel_count": 1297}}, {"type": "Feature", "geometry": {"type": "Polygon", "coordinates": [[[50.04515792511817, 26.69232335195146], [50.04515792511817, 26.694569129888936], [50.04298320220014, 26.695692018857677], [50.04080847928211, 26.694569129888936], [50.04080847928211, 26.69232335195146], [50.04298320220014, 26.69120046298272], [50.04515792511817, 26.69232335195146]]]}, "properties": {"congestion_score": 1.0, "congestion_level": "free_flow", "color": "rgb(43,200,43)", "road_pixel_count": 1457}}, {"type": "Feature", "geometry": {"type": "Polygon", "coordinates": [[[50.04950737095422, 26.69232335195146], [50.04950737095422, 26.694569129888936], [50.04733264803619, 26.695692018857677], [50.04515792511817, 26.694569129888936], [50.04515792511817, 26.69232335195146], [50.04733264803619, 26.69120046298272], [50.04950737095422, 26.69232335195146]]]}, "properties": {"congestion_score": 1.0, "congestion_level": "free_flow", "color": "rgb(43,200,43)", "road_pixel_count": 398}}, {"type": "Feature", "geometry": {"type": "Polygon", "coordinates": [[[50.058206262626314, 26.69232335195146], [50.058206262626314, 26.694569129888936], [50.05603153970829, 26.695692018857677], [50.053856816790265, 26.694569129888936], [50.053856816790265, 26.69232335195146], [50.05603153970829, 26.69120046298272], [50.058206262626314, 26.69232335195146]]]}, "properties": {"congestion_score": 1.0, "congestion_level": "free_flow", "color": "rgb(43,200,43)", "road_pixel_count": 252}}, {"type": "Feature", "geometry": {"type": "Polygon", "coordinates": [[[50.10170072098681, 26.69232335195146], [50.10170072098681, 26.694569129888936], [50.099525998068785, 26.695692018857677], [50.097351275150764, 26.694569129888936], [50.097351275150764, 26.69232335195146], [50.099525998068785, 26.69120046298272], [50.10170072098681, 26.69232335195146]]]}, "properties": {"congestion_score": 1.0, "congestion_level": "free_flow", "color": "rgb(43,200,43)", "road_pixel_count": 198}}, {"type": "Feature", "geometry": {"type": "Polygon", "coordinates": [[[49.90380093544655, 26.695692018857677], [49.90380093544655, 26.697937796795156], [49.90162621252852, 26.699060685763893], [49.8994514896105, 26.697937796795156], [49.8994514896105, 26.695692018857677], [49.90162621252852, 26.694569129888936], [49.90380093544655, 26.695692018857677]]]}, "properties": {"congestion_score": 1.0, "congestion_level": "free_flow", "color": "rgb(43,200,43)", "road_pixel_count": 453}}, {"type": "Feature", "geometry": {"type": "Polygon", "coordinates": [[[49.908150381282596, 26.695692018857677], [49.908150381282596, 26.697937796795156], [49.905975658364575, 26.699060685763893], [49.90380093544655, 26.697937796795156], [49.90380093544655, 26.695692018857677], [49.905975658364575, 26.694569129888936], [49.908150381282596, 26.695692018857677]]]}, "properties": {"congestion_score": 1.0, "congestion_level": "free_flow", "color": "rgb(43,200,43)", "road_pixel_count": 1233}}, {"type": "Feature", "geometry": {"type": "Polygon", "coordinates": [[[49.973392068823344, 26.695692018857677], [49.973392068823344, 26.697937796795156], [49.971217345905316, 26.699060685763893], [49.969042622987295, 26.697937796795156], [49.969042622987295, 26.695692018857677], [49.971217345905316, 26.694569129888936], [49.973392068823344, 26.695692018857677]]]}, "properties": {"congestion_score": 0.994, "congestion_level": "free_flow", "color": "rgb(43,200,43)", "road_pixel_count": 680}}, {"type": "Feature", "geometry": {"type": "Polygon", "coordinates": [[[49.97774151465939, 26.695692018857677], [49.97774151465939, 26.697937796795156], [49.97556679174137, 26.699060685763893], [49.973392068823344, 26.697937796795156], [49.973392068823344, 26.695692018857677], [49.97556679174137, 26.694569129888936], [49.97774151465939, 26.695692018857677]]]}, "properties": {"congestion_score": 0.997, "congestion_level": "free_flow", "color": "rgb(43,200,43)", "road_pixel_count": 786}}, {"type": "Feature", "geometry": {"type": "Polygon", "coordinates": [[[50.02993486469199, 26.695692018857677], [50.02993486469199, 26.697937796795156], [50.02776014177397, 26.699060685763893], [50.02558541885594, 26.697937796795156], [50.02558541885594, 26.695692018857677], [50.02776014177397, 26.694569129888936], [50.02993486469199, 26.695692018857677]]]}, "properties": {"congestion_score": 1.0, "congestion_level": "free_flow", "color": "rgb(43,200,43)", "road_pixel_count": 1578}}, {"type": "Feature", "geometry": {"type": "Polygon", "coordinates": [[[50.034284310528044, 26.695692018857677], [50.034284310528044, 26.697937796795156], [50.032109587610016, 26.699060685763893], [50.02993486469199, 26.697937796795156], [50.02993486469199, 26.695692018857677], [50.032109587610016, 26.694569129888936], [50.034284310528044, 26.695692018857677]]]}, "properties": {"congestion_score": 1.0, "congestion_level": "free_flow", "color": "rgb(43,200,43)", "road_pixel_count": 1219}}, {"type": "Feature", "geometry": {"type": "Polygon", "coordinates": [[[50.04733264803619, 26.695692018857677], [50.04733264803619, 26.697937796795156], [50.04515792511817, 26.699060685763893], [50.04298320220014, 26.697937796795156], [50.04298320220014, 26.695692018857677], [50.04515792511817, 26.694569129888936], [50.04733264803619, 26.695692018857677]]]}, "properties": {"congestion_score": 1.0, "congestion_level": "free_flow", "color": "rgb(43,200,43)", "road_pixel_count": 655}}, {"type": "Feature", "geometry": {"type": "Polygon", "coordinates": [[[50.05168209387224, 26.695692018857677], [50.05168209387224, 26.697937796795156], [50.04950737095422, 26.699060685763893], [50.04733264803619, 26.697937796795156], [50.04733264803619, 26.695692018857677], [50.04950737095422, 26.694569129888936], [50.05168209387224, 26.695692018857677]]]}, "properties": {"congestion_score": 1.0, "congestion_level": "free_flow", "color": "rgb(43,200,43)", "road_pixel_count": 1896}}, {"type": "Feature", "geometry": {"type": "Polygon", "coordinates": [[[50.05603153970829, 26.695692018857677], [50.05603153970829, 26.697937796795156], [50.053856816790265, 26.699060685763893], [50.05168209387224, 26.697937796795156], [50.05168209387224, 26.695692018857677], [50.053856816790265, 26.694569129888936], [50.05603153970829, 26.695692018857677]]]}, "properties": {"congestion_score": 0.993, "congestion_level": "free_flow", "color": "rgb(43,200,43)", "road_pixel_count": 2450}}, {"type": "Feature", "geometry": {"type": "Polygon", "coordinates": [[[50.06038098554434, 26.695692018857677], [50.06038098554434, 26.697937796795156], [50.058206262626314, 26.699060685763893], [50.05603153970829, 26.697937796795156], [50.05603153970829, 26.695692018857677], [50.058206262626314, 26.694569129888936], [50.06038098554434, 26.695692018857677]]]}, "properties": {"congestion_score": 0.891, "congestion_level": "light_congestion", "color": "rgb(255,255,55)", "road_pixel_count": 2443}}, {"type": "Feature", "geometry": {"type": "Polygon", "coordinates": [[[50.06473043138039, 26.695692018857677], [50.06473043138039, 26.697937796795156], [50.06255570846236, 26.699060685763893], [50.06038098554434, 26.697937796795156], [50.06038098554434, 26.695692018857677], [50.06255570846236, 26.694569129888936], [50.06473043138039, 26.695692018857677]]]}, "properties": {"congestion_score": 0.999, "congestion_level": "free_flow", "color": "rgb(43,200,43)", "road_pixel_count": 2046}}, {"type": "Feature", "geometry": {"type": "Polygon", "coordinates": [[[50.06907987721644, 26.695692018857677], [50.06907987721644, 26.697937796795156], [50.06690515429842, 26.699060685763893], [50.06473043138039, 26.697937796795156], [50.06473043138039, 26.695692018857677], [50.06690515429842, 26.694569129888936], [50.06907987721644, 26.695692018857677]]]}, "properties": {"congestion_score": 1.0, "congestion_level": "free_flow", "color": "rgb(43,200,43)", "road_pixel_count": 150}}, {"type": "Feature", "geometry": {"type": "Polygon", "coordinates": [[[50.08212821472459, 26.695692018857677], [50.08212821472459, 26.697937796795156], [50.07995349180656, 26.699060685763893], [50.07777876888854, 26.697937796795156], [50.07777876888854, 26.695692018857677], [50.07995349180656, 26.694569129888936], [50.08212821472459, 26.695692018857677]]]}, "properties": {"congestion_score": 0.828, "congestion_level": "light_congestion", "color": "rgb(255,255,55)", "road_pixel_count": 219}}, {"type": "Feature", "geometry": {"type": "Polygon", "coordinates": [[[50.099525998068785, 26.695692018857677], [50.099525998068785, 26.697937796795156], [50.097351275150764, 26.699060685763893], [50.095176552232736, 26.697937796795156], [50.095176552232736, 26.695692018857677], [50.097351275150764, 26.694569129888936], [50.099525998068785, 26.695692018857677]]]}, "properties": {"congestion_score": 1.0, "congestion_level": "free_flow", "color": "rgb(43,200,43)", "road_pixel_count": 1371}}, {"type": "Feature", "geometry": {"type": "Polygon", "coordinates": [[[50.10387544390484, 26.695692018857677], [50.10387544390484, 26.697937796795156], [50.10170072098681, 26.699060685763893], [50.099525998068785, 26.697937796795156], [50.099525998068785, 26.695692018857677], [50.10170072098681, 26.694569129888936], [50.10387544390484, 26.695692018857677]]]}, "properties": {"congestion_score": 1.0, "congestion_level": "free_flow", "color": "rgb(43,200,43)", "road_pixel_count": 1071}}, {"type": "Feature", "geometry": {"type": "Polygon", "coordinates": [[[49.90162621252852, 26.699060685763893], [49.90162621252852, 26.70130646370137], [49.8994514896105, 26.70242935267011], [49.89727676669247, 26.70130646370137], [49.89727676669247, 26.699060685763893], [49.8994514896105, 26.697937796795156], [49.90162621252852, 26.699060685763893]]]}, "properties": {"congestion_score": 1.0, "congestion_level": "free_flow", "color": "rgb(43,200,43)", "road_pixel_count": 800}}, {"type": "Feature", "geometry": {"type": "Polygon", "coordinates": [[[49.905975658364575, 26.699060685763893], [49.905975658364575, 26.70130646370137], [49.90380093544655, 26.70242935267011], [49.90162621252852, 26.70130646370137], [49.90162621252852, 26.699060685763893], [49.90380093544655, 26.697937796795156], [49.905975658364575, 26.699060685763893]]]}, "properties": {"congestion_score": 1.0, "congestion_level": "free_flow", "color": "rgb(43,200,43)", "road_pixel_count": 910}}, {"type": "Feature", "geometry": {"type": "Polygon", "coordinates": [[[49.97556679174137, 26.699060685763893], [49.97556679174137, 26.70130646370137], [49.973392068823344, 26.70242935267011], [49.971217345905316, 26.70130646370137], [49.971217345905316, 26.699060685763893], [49.973392068823344, 26.697937796795156], [49.97556679174137, 26.699060685763893]]]}, "properties": {"congestion_score": 0.996, "congestion_level": "free_flow", "color": "rgb(43,200,43)", "road_pixel_count": 885}}, {"type": "Feature", "geometry": {"type": "Polygon", "coordinates": [[[49.97991623757742, 26.699060685763893], [49.97991623757742, 26.70130646370137], [49.97774151465939, 26.70242935267011], [49.97556679174137, 26.70130646370137], [49.97556679174137, 26.699060685763893], [49.97774151465939, 26.697937796795156], [49.97991623757742, 26.699060685763893]]]}, "properties": {"congestion_score": 1.0, "congestion_level": "free_flow", "color": "rgb(43,200,43)", "road_pixel_count": 513}}, {"type": "Feature", "geometry": {"type": "Polygon", "coordinates": [[[50.036459033446064, 26.699060685763893], [50.036459033446064, 26.70130646370137], [50.034284310528044, 26.70242935267011], [50.032109587610016, 26.70130646370137], [50.032109587610016, 26.699060685763893], [50.034284310528044, 26.697937796795156], [50.036459033446064, 26.699060685763893]]]}, "properties": {"congestion_score": 1.0, "congestion_level": "free_flow", "color": "rgb(43,200,43)", "road_pixel_count": 1167}}, {"type": "Feature", "geometry": {"type": "Polygon", "coordinates": [[[50.04080847928211, 26.699060685763893], [50.04080847928211, 26.70130646370137], [50.03863375636409, 26.70242935267011], [50.036459033446064, 26.70130646370137], [50.036459033446064, 26.699060685763893], [50.03863375636409, 26.697937796795156], [50.04080847928211, 26.699060685763893]]]}, "properties": {"congestion_score": 1.0, "congestion_level": "free_flow", "color": "rgb(43,200,43)", "road_pixel_count": 1461}}, {"type": "Feature", "geometry": {"type": "Polygon", "coordinates": [[[50.04515792511817, 26.699060685763893], [50.04515792511817, 26.70130646370137], [50.04298320220014, 26.70242935267011], [50.04080847928211, 26.70130646370137], [50.04080847928211, 26.699060685763893], [50.04298320220014, 26.697937796795156], [50.04515792511817, 26.699060685763893]]]}, "properties": {"congestion_score": 1.0, "congestion_level": "free_flow", "color": "rgb(43,200,43)", "road_pixel_count": 398}}, {"type": "Feature", "geometry": {"type": "Polygon", "coordinates": [[[50.04950737095422, 26.699060685763893], [50.04950737095422, 26.70130646370137], [50.04733264803619, 26.70242935267011], [50.04515792511817, 26.70130646370137], [50.04515792511817, 26.699060685763893], [50.04733264803619, 26.697937796795156], [50.04950737095422, 26.699060685763893]]]}, "properties": {"congestion_score": 0.984, "congestion_level": "free_flow", "color": "rgb(43,200,43)", "road_pixel_count": 1431}}, {"type": "Feature", "geometry": {"type": "Polygon", "coordinates": [[[50.053856816790265, 26.699060685763893], [50.053856816790265, 26.70130646370137], [50.05168209387224, 26.70242935267011], [50.04950737095422, 26.70130646370137], [50.04950737095422, 26.699060685763893], [50.05168209387224, 26.697937796795156], [50.053856816790265, 26.699060685763893]]]}, "properties": {"congestion_score": 1.0, "congestion_level": "free_flow", "color": "rgb(43,200,43)", "road_pixel_count": 538}}, {"type": "Feature", "geometry": {"type": "Polygon", "coordinates": [[[50.058206262626314, 26.699060685763893], [50.058206262626314, 26.70130646370137], [50.05603153970829, 26.70242935267011], [50.053856816790265, 26.70130646370137], [50.053856816790265, 26.699060685763893], [50.05603153970829, 26.697937796795156], [50.058206262626314, 26.699060685763893]]]}, "properties": {"congestion_score": 0.969, "congestion_level": "free_flow", "color": "rgb(43,200,43)", "road_pixel_count": 2238}}, {"type": "Feature", "geometry": {"type": "Polygon", "coordinates": [[[50.06255570846236, 26.699060685763893], [50.06255570846236, 26.70130646370137], [50.06038098554434, 26.70242935267011], [50.058206262626314, 26.70130646370137], [50.058206262626314, 26.699060685763893], [50.06038098554434, 26.697937796795156], [50.06255570846236, 26.699060685763893]]]}, "properties": {"congestion_score": 0.984, "congestion_level": "free_flow", "color": "rgb(43,200,43)", "road_pixel_count": 2636}}, {"type": "Feature", "geometry": {"type": "Polygon", "coordinates": [[[50.06690515429842, 26.699060685763893], [50.06690515429842, 26.70130646370137], [50.06473043138039, 26.70242935267011], [50.06255570846236, 26.70130646370137], [50.06255570846236, 26.699060685763893], [50.06473043138039, 26.697937796795156], [50.06690515429842, 26.699060685763893]]]}, "properties": {"congestion_score": 0.998, "congestion_level": "free_flow", "color": "rgb(43,200,43)", "road_pixel_count": 2949}}, {"type": "Feature", "geometry": {"type": "Polygon", "coordinates": [[[50.071254600134466, 26.699060685763893], [50.071254600134466, 26.70130646370137], [50.06907987721644, 26.70242935267011], [50.06690515429842, 26.70130646370137], [50.06690515429842, 26.699060685763893], [50.06907987721644, 26.697937796795156], [50.071254600134466, 26.699060685763893]]]}, "properties": {"congestion_score": 0.973, "congestion_level": "free_flow", "color": "rgb(43,200,43)", "road_pixel_count": 1816}}, {"type": "Feature", "geometry": {"type": "Polygon", "coordinates": [[[50.075604045970515, 26.699060685763893], [50.075604045970515, 26.70130646370137], [50.07342932305249, 26.70242935267011], [50.071254600134466, 26.70130646370137], [50.071254600134466, 26.699060685763893], [50.07342932305249, 26.697937796795156], [50.075604045970515, 26.699060685763893]]]}, "properties": {"congestion_score": 0.487, "congestion_level": "heavy_traffic", "color": "rgb(255,35,35)", "road_pixel_count": 496}}, {"type": "Feature", "geometry": {"type": "Polygon", "coordinates": [[[50.08430293764261, 26.699060685763893], [50.08430293764261, 26.70130646370137], [50.08212821472459, 26.70242935267011], [50.07995349180656, 26.70130646370137], [50.07995349180656, 26.699060685763893], [50.08212821472459, 26.697937796795156], [50.08430293764261, 26.699060685763893]]]}, "properties": {"congestion_score": 0.811, "congestion_level": "light_congestion", "color": "rgb(255,255,55)", "road_pixel_count": 563}}, {"type": "Feature", "geometry": {"type": "Polygon", "coordinates": [[[50.08865238347867, 26.699060685763893], [50.08865238347867, 26.70130646370137], [50.08647766056064, 26.70242935267011], [50.08430293764261, 26.70130646370137], [50.08430293764261, 26.699060685763893], [50.08647766056064, 26.697937796795156], [50.08865238347867, 26.699060685763893]]]}, "properties": {"congestion_score": 0.733, "congestion_level": "light_congestion", "color": "rgb(255,255,55)", "road_pixel_count": 1428}}, {"type": "Feature", "geometry": {"type": "Polygon", "coordinates": [[[50.093001829314716, 26.699060685763893], [50.093001829314716, 26.70130646370137], [50.09082710639669, 26.70242935267011], [50.08865238347867, 26.70130646370137], [50.08865238347867, 26.699060685763893], [50.09082710639669, 26.697937796795156], [50.093001829314716, 26.699060685763893]]]}, "properties": {"congestion_score": 0.89, "congestion_level": "light_congestion", "color": "rgb(255,255,55)", "road_pixel_count": 887}}, {"type": "Feature", "geometry": {"type": "Polygon", "coordinates": [[[50.097351275150764, 26.699060685763893], [50.097351275150764, 26.70130646370137], [50.095176552232736, 26.70242935267011], [50.093001829314716, 26.70130646370137], [50.093001829314716, 26.699060685763893], [50.095176552232736, 26.697937796795156], [50.097351275150764, 26.699060685763893]]]}, "properties": {"congestion_score": 1.0, "congestion_level": "free_flow", "color": "rgb(43,200,43)", "road_pixel_count": 1643}}, {"type": "Feature", "geometry": {"type": "Polygon", "coordinates": [[[50.10170072098681, 26.699060685763893], [50.10170072098681, 26.70130646370137], [50.099525998068785, 26.70242935267011], [50.097351275150764, 26.70130646370137], [50.097351275150764, 26.699060685763893], [50.099525998068785, 26.697937796795156], [50.10170072098681, 26.699060685763893]]]}, "properties": {"congestion_score": 1.0, "congestion_level": "free_flow", "color": "rgb(43,200,43)", "road_pixel_count": 1270}}, {"type": "Feature", "geometry": {"type": "Polygon", "coordinates": [[[49.8994514896105, 26.70242935267011], [49.8994514896105, 26.704675130607587], [49.89727676669247, 26.705798019576324], [49.89510204377445, 26.704675130607587], [49.89510204377445, 26.70242935267011], [49.89727676669247, 26.70130646370137], [49.8994514896105, 26.70242935267011]]]}, "properties": {"congestion_score": 1.0, "congestion_level": "free_flow", "color": "rgb(43,200,43)", "road_pixel_count": 1101}}, {"type": "Feature", "geometry": {"type": "Polygon", "coordinates": [[[49.90380093544655, 26.70242935267011], [49.90380093544655, 26.704675130607587], [49.90162621252852, 26.705798019576324], [49.8994514896105, 26.704675130607587], [49.8994514896105, 26.70242935267011], [49.90162621252852, 26.70130646370137], [49.90380093544655, 26.70242935267011]]]}, "properties": {"congestion_score": 1.0, "congestion_level": "free_flow", "color": "rgb(43,200,43)", "road_pixel_count": 586}}, {"type": "Feature", "geometry": {"type": "Polygon", "coordinates": [[[49.97774151465939, 26.70242935267011], [49.97774151465939, 26.704675130607587], [49.97556679174137, 26.705798019576324], [49.973392068823344, 26.704675130607587], [49.973392068823344, 26.70242935267011], [49.97556679174137, 26.70130646370137], [49.97774151465939, 26.70242935267011]]]}, "properties": {"congestion_score": 0.997, "congestion_level": "free_flow", "color": "rgb(43,200,43)", "road_pixel_count": 1184}}, {"type": "Feature", "geometry": {"type": "Polygon", "coordinates": [[[49.98209096049544, 26.70242935267011], [49.98209096049544, 26.704675130607587], [49.97991623757742, 26.705798019576324], [49.97774151465939, 26.704675130607587], [49.97774151465939, 26.70242935267011], [49.97991623757742, 26.70130646370137], [49.98209096049544, 26.70242935267011]]]}, "properties": {"congestion_score": 1.0, "congestion_level": "free_flow", "color": "rgb(43,200,43)", "road_pixel_count": 206}}, {"type": "Feature", "geometry": {"type": "Polygon", "coordinates": [[[50.04298320220014, 26.70242935267011], [50.04298320220014, 26.704675130607587], [50.04080847928211, 26.705798019576324], [50.03863375636409, 26.704675130607587], [50.03863375636409, 26.70242935267011], [50.04080847928211, 26.70130646370137], [50.04298320220014, 26.70242935267011]]]}, "properties": {"congestion_score": 1.0, "congestion_level": "free_flow", "color": "rgb(43,200,43)", "road_pixel_count": 563}}, {"type": "Feature", "geometry": {"type": "Polygon", "coordinates": [[[50.04733264803619, 26.70242935267011], [50.04733264803619, 26.704675130607587], [50.04515792511817, 26.705798019576324], [50.04298320220014, 26.704675130607587], [50.04298320220014, 26.70242935267011], [50.04515792511817, 26.70130646370137], [50.04733264803619, 26.70242935267011]]]}, "properties": {"congestion_score": 0.984, "congestion_level": "free_flow", "color": "rgb(43,200,43)", "road_pixel_count": 2200}}, {"type": "Feature", "geometry": {"type": "Polygon", "coordinates": [[[50.05168209387224, 26.70242935267011], [50.05168209387224, 26.704675130607587], [50.04950737095422, 26.705798019576324], [50.04733264803619, 26.704675130607587], [50.04733264803619, 26.70242935267011], [50.04950737095422, 26.70130646370137], [50.05168209387224, 26.70242935267011]]]}, "properties": {"congestion_score": 1.0, "congestion_level": "free_flow", "color": "rgb(43,200,43)", "road_pixel_count": 1005}}, {"type": "Feature", "geometry": {"type": "Polygon", "coordinates": [[[50.05603153970829, 26.70242935267011], [50.05603153970829, 26.704675130607587], [50.053856816790265, 26.705798019576324], [50.05168209387224, 26.704675130607587], [50.05168209387224, 26.70242935267011], [50.053856816790265, 26.70130646370137], [50.05603153970829, 26.70242935267011]]]}, "properties": {"congestion_score": 0.786, "congestion_level": "light_congestion", "color": "rgb(255,255,55)", "road_pixel_count": 1935}}, {"type": "Feature", "geometry": {"type": "Polygon", "coordinates": [[[50.06038098554434, 26.70242935267011], [50.06038098554434, 26.704675130607587], [50.058206262626314, 26.705798019576324], [50.05603153970829, 26.704675130607587], [50.05603153970829, 26.70242935267011], [50.058206262626314, 26.70130646370137], [50.06038098554434, 26.70242935267011]]]}, "properties": {"congestion_score": 1.0, "congestion_level": "free_flow", "color": "rgb(43,200,43)", "road_pixel_count": 1552}}, {"type": "Feature", "geometry": {"type": "Polygon", "coordinates": [[[50.06473043138039, 26.70242935267011], [50.06473043138039, 26.704675130607587], [50.06255570846236, 26.705798019576324], [50.06038098554434, 26.704675130607587], [50.06038098554434, 26.70242935267011], [50.06255570846236, 26.70130646370137], [50.06473043138039, 26.70242935267011]]]}, "properties": {"congestion_score": 1.0, "congestion_level": "free_flow", "color": "rgb(43,200,43)", "road_pixel_count": 1811}}, {"type": "Feature", "geometry": {"type": "Polygon", "coordinates": [[[50.06907987721644, 26.70242935267011], [50.06907987721644, 26.704675130607587], [50.06690515429842, 26.705798019576324], [50.06473043138039, 26.704675130607587], [50.06473043138039, 26.70242935267011], [50.06690515429842, 26.70130646370137], [50.06907987721644, 26.70242935267011]]]}, "properties": {"congestion_score": 0.994, "congestion_level": "free_flow", "color": "rgb(43,200,43)", "road_pixel_count": 2624}}, {"type": "Feature", "geometry": {"type": "Polygon", "coordinates": [[[50.07342932305249, 26.70242935267011], [50.07342932305249, 26.704675130607587], [50.071254600134466, 26.705798019576324], [50.06907987721644, 26.704675130607587], [50.06907987721644, 26.70242935267011], [50.071254600134466, 26.70130646370137], [50.07342932305249, 26.70242935267011]]]}, "properties": {"congestion_score": 0.914, "congestion_level": "light_congestion", "color": "rgb(255,255,55)", "road_pixel_count": 2112}}, {"type": "Feature", "geometry": {"type": "Polygon", "coordinates": [[[50.07777876888854, 26.70242935267011], [50.07777876888854, 26.704675130607587], [50.075604045970515, 26.705798019576324], [50.07342932305249, 26.704675130607587], [50.07342932305249, 26.70242935267011], [50.075604045970515, 26.70130646370137], [50.07777876888854, 26.70242935267011]]]}, "properties": {"congestion_score": 0.785, "congestion_level": "light_congestion", "color": "rgb(255,255,55)", "road_pixel_count": 1943}}, {"type": "Feature", "geometry": {"type": "Polygon", "coordinates": [[[50.08212821472459, 26.70242935267011], [50.08212821472459, 26.704675130607587], [50.07995349180656, 26.705798019576324], [50.07777876888854, 26.704675130607587], [50.07777876888854, 26.70242935267011], [50.07995349180656, 26.70130646370137], [50.08212821472459, 26.70242935267011]]]}, "properties": {"congestion_score": 0.945, "congestion_level": "light_congestion", "color": "rgb(255,255,55)", "road_pixel_count": 517}}, {"type": "Feature", "geometry": {"type": "Polygon", "coordinates": [[[50.08647766056064, 26.70242935267011], [50.08647766056064, 26.704675130607587], [50.08430293764261, 26.705798019576324], [50.08212821472459, 26.704675130607587], [50.08212821472459, 26.70242935267011], [50.08430293764261, 26.70130646370137], [50.08647766056064, 26.70242935267011]]]}, "properties": {"congestion_score": 0.766, "congestion_level": "light_congestion", "color": "rgb(255,255,55)", "road_pixel_count": 1149}}, {"type": "Feature", "geometry": {"type": "Polygon", "coordinates": [[[50.09082710639669, 26.70242935267011], [50.09082710639669, 26.704675130607587], [50.08865238347867, 26.705798019576324], [50.08647766056064, 26.704675130607587], [50.08647766056064, 26.70242935267011], [50.08865238347867, 26.70130646370137], [50.09082710639669, 26.70242935267011]]]}, "properties": {"congestion_score": 0.976, "congestion_level": "free_flow", "color": "rgb(43,200,43)", "road_pixel_count": 1934}}, {"type": "Feature", "geometry": {"type": "Polygon", "coordinates": [[[50.095176552232736, 26.70242935267011], [50.095176552232736, 26.704675130607587], [50.093001829314716, 26.705798019576324], [50.09082710639669, 26.704675130607587], [50.09082710639669, 26.70242935267011], [50.093001829314716, 26.70130646370137], [50.095176552232736, 26.70242935267011]]]}, "properties": {"congestion_score": 0.962, "congestion_level": "free_flow", "color": "rgb(43,200,43)", "road_pixel_count": 1836}}, {"type": "Feature", "geometry": {"type": "Polygon", "coordinates": [[[50.099525998068785, 26.70242935267011], [50.099525998068785, 26.704675130607587], [50.097351275150764, 26.705798019576324], [50.095176552232736, 26.704675130607587], [50.095176552232736, 26.70242935267011], [50.097351275150764, 26.70130646370137], [50.099525998068785, 26.70242935267011]]]}, "properties": {"congestion_score": 1.0, "congestion_level": "free_flow", "color": "rgb(43,200,43)", "road_pixel_count": 1177}}, {"type": "Feature", "geometry": {"type": "Polygon", "coordinates": [[[50.10387544390484, 26.70242935267011], [50.10387544390484, 26.704675130607587], [50.10170072098681, 26.705798019576324], [50.099525998068785, 26.704675130607587], [50.099525998068785, 26.70242935267011], [50.10170072098681, 26.70130646370137], [50.10387544390484, 26.70242935267011]]]}, "properties": {"congestion_score": 1.0, "congestion_level": "free_flow", "color": "rgb(43,200,43)", "road_pixel_count": 1045}}, {"type": "Feature", "geometry": {"type": "Polygon", "coordinates": [[[49.89727676669247, 26.705798019576324], [49.89727676669247, 26.708043797513803], [49.89510204377445, 26.709166686482543], [49.89292732085642, 26.708043797513803], [49.89292732085642, 26.705798019576324], [49.89510204377445, 26.704675130607587], [49.89727676669247, 26.705798019576324]]]}, "properties": {"congestion_score": 1.0, "congestion_level": "free_flow", "color": "rgb(43,200,43)", "road_pixel_count": 178}}, {"type": "Feature", "geometry": {"type": "Polygon", "coordinates": [[[49.90162621252852, 26.705798019576324], [49.90162621252852, 26.708043797513803], [49.8994514896105, 26.709166686482543], [49.89727676669247, 26.708043797513803], [49.89727676669247, 26.705798019576324], [49.8994514896105, 26.704675130607587], [49.90162621252852, 26.705798019576324]]]}, "properties": {"congestion_score": 1.0, "congestion_level": "free_flow", "color": "rgb(43,200,43)", "road_pixel_count": 239}}, {"type": "Feature", "geometry": {"type": "Polygon", "coordinates": [[[49.97991623757742, 26.705798019576324], [49.97991623757742, 26.708043797513803], [49.97774151465939, 26.709166686482543], [49.97556679174137, 26.708043797513803], [49.97556679174137, 26.705798019576324], [49.97774151465939, 26.704675130607587], [49.97991623757742, 26.705798019576324]]]}, "properties": {"congestion_score": 0.998, "congestion_level": "free_flow", "color": "rgb(43,200,43)", "road_pixel_count": 607}}, {"type": "Feature", "geometry": {"type": "Polygon", "coordinates": [[[50.04515792511817, 26.705798019576324], [50.04515792511817, 26.708043797513803], [50.04298320220014, 26.709166686482543], [50.04080847928211, 26.708043797513803], [50.04080847928211, 26.705798019576324], [50.04298320220014, 26.704675130607587], [50.04515792511817, 26.705798019576324]]]}, "properties": {"congestion_score": 1.0, "congestion_level": "free_flow", "color": "rgb(43,200,43)", "road_pixel_count": 88}}, {"type": "Feature", "geometry": {"type": "Polygon", "coordinates": [[[50.04950737095422, 26.705798019576324], [50.04950737095422, 26.708043797513803], [50.04733264803619, 26.709166686482543], [50.04515792511817, 26.708043797513803], [50.04515792511817, 26.705798019576324], [50.04733264803619, 26.704675130607587], [50.04950737095422, 26.705798019576324]]]}, "properties": {"congestion_score": 1.0, "congestion_level": "free_flow", "color": "rgb(43,200,43)", "road_pixel_count": 348}}, {"type": "Feature", "geometry": {"type": "Polygon", "coordinates": [[[50.053856816790265, 26.705798019576324], [50.053856816790265, 26.708043797513803], [50.05168209387224, 26.709166686482543], [50.04950737095422, 26.708043797513803], [50.04950737095422, 26.705798019576324], [50.05168209387224, 26.704675130607587], [50.053856816790265, 26.705798019576324]]]}, "properties": {"congestion_score": 0.935, "congestion_level": "light_congestion", "color": "rgb(255,255,55)", "road_pixel_count": 1054}}, {"type": "Feature", "geometry": {"type": "Polygon", "coordinates": [[[50.058206262626314, 26.705798019576324], [50.058206262626314, 26.708043797513803], [50.05603153970829, 26.709166686482543], [50.053856816790265, 26.708043797513803], [50.053856816790265, 26.705798019576324], [50.05603153970829, 26.704675130607587], [50.058206262626314, 26.705798019576324]]]}, "properties": {"congestion_score": 0.934, "congestion_level": "light_congestion", "color": "rgb(255,255,55)", "road_pixel_count": 536}}, {"type": "Feature", "geometry": {"type": "Polygon", "coordinates": [[[50.06255570846236, 26.705798019576324], [50.06255570846236, 26.708043797513803], [50.06038098554434, 26.709166686482543], [50.058206262626314, 26.708043797513803], [50.058206262626314, 26.705798019576324], [50.06038098554434, 26.704675130607587], [50.06255570846236, 26.705798019576324]]]}, "properties": {"congestion_score": 1.0, "congestion_level": "free_flow", "color": "rgb(43,200,43)", "road_pixel_count": 281}}, {"type": "Feature", "geometry": {"type": "Polygon", "coordinates": [[[50.06690515429842, 26.705798019576324], [50.06690515429842, 26.708043797513803], [50.06473043138039, 26.709166686482543], [50.06255570846236, 26.708043797513803], [50.06255570846236, 26.705798019576324], [50.06473043138039, 26.704675130607587], [50.06690515429842, 26.705798019576324]]]}, "properties": {"congestion_score": 0.986, "congestion_level": "free_flow", "color": "rgb(43,200,43)", "road_pixel_count": 415}}, {"type": "Feature", "geometry": {"type": "Polygon", "coordinates": [[[50.071254600134466, 26.705798019576324], [50.071254600134466, 26.708043797513803], [50.06907987721644, 26.709166686482543], [50.06690515429842, 26.708043797513803], [50.06690515429842, 26.705798019576324], [50.06907987721644, 26.704675130607587], [50.071254600134466, 26.705798019576324]]]}, "properties": {"congestion_score": 1.0, "congestion_level": "free_flow", "color": "rgb(43,200,43)", "road_pixel_count": 732}}, {"type": "Feature", "geometry": {"type": "Polygon", "coordinates": [[[50.075604045970515, 26.705798019576324], [50.075604045970515, 26.708043797513803], [50.07342932305249, 26.709166686482543], [50.071254600134466, 26.708043797513803], [50.071254600134466, 26.705798019576324], [50.07342932305249, 26.704675130607587], [50.075604045970515, 26.705798019576324]]]}, "properties": {"congestion_score": 0.98, "congestion_level": "free_flow", "color": "rgb(43,200,43)", "road_pixel_count": 839}}, {"type": "Feature", "geometry": {"type": "Polygon", "coordinates": [[[50.07995349180656, 26.705798019576324], [50.07995349180656, 26.708043797513803], [50.07777876888854, 26.709166686482543], [50.075604045970515, 26.708043797513803], [50.075604045970515, 26.705798019576324], [50.07777876888854, 26.704675130607587], [50.07995349180656, 26.705798019576324]]]}, "properties": {"congestion_score": 0.893, "congestion_level": "light_congestion", "color": "rgb(255,255,55)", "road_pixel_count": 121}}, {"type": "Feature", "geometry": {"type": "Polygon", "coordinates": [[[50.08430293764261, 26.705798019576324], [50.08430293764261, 26.708043797513803], [50.08212821472459, 26.709166686482543], [50.07995349180656, 26.708043797513803], [50.07995349180656, 26.705798019576324], [50.08212821472459, 26.704675130607587], [50.08430293764261, 26.705798019576324]]]}, "properties": {"congestion_score": 0.964, "congestion_level": "free_flow", "color": "rgb(43,200,43)", "road_pixel_count": 387}}, {"type": "Feature", "geometry": {"type": "Polygon", "coordinates": [[[50.08865238347867, 26.705798019576324], [50.08865238347867, 26.708043797513803], [50.08647766056064, 26.709166686482543], [50.08430293764261, 26.708043797513803], [50.08430293764261, 26.705798019576324], [50.08647766056064, 26.704675130607587], [50.08865238347867, 26.705798019576324]]]}, "properties": {"congestion_score": 1.0, "congestion_level": "free_flow", "color": "rgb(43,200,43)", "road_pixel_count": 233}}, {"type": "Feature", "geometry": {"type": "Polygon", "coordinates": [[[50.093001829314716, 26.705798019576324], [50.093001829314716, 26.708043797513803], [50.09082710639669, 26.709166686482543], [50.08865238347867, 26.708043797513803], [50.08865238347867, 26.705798019576324], [50.09082710639669, 26.704675130607587], [50.093001829314716, 26.705798019576324]]]}, "properties": {"congestion_score": 1.0, "congestion_level": "free_flow", "color": "rgb(43,200,43)", "road_pixel_count": 162}}, {"type": "Feature", "geometry": {"type": "Polygon", "coordinates": [[[50.097351275150764, 26.705798019576324], [50.097351275150764, 26.708043797513803], [50.095176552232736, 26.709166686482543], [50.093001829314716, 26.708043797513803], [50.093001829314716, 26.705798019576324], [50.095176552232736, 26.704675130607587], [50.097351275150764, 26.705798019576324]]]}, "properties": {"congestion_score": 1.0, "congestion_level": "free_flow", "color": "rgb(43,200,43)", "road_pixel_count": 31}}, {"type": "Feature", "geometry": {"type": "Polygon", "coordinates": [[[50.10170072098681, 26.705798019576324], [50.10170072098681, 26.708043797513803], [50.099525998068785, 26.709166686482543], [50.097351275150764, 26.708043797513803], [50.097351275150764, 26.705798019576324], [50.099525998068785, 26.704675130607587], [50.10170072098681, 26.705798019576324]]]}, "properties": {"congestion_score": 1.0, "congestion_level": "free_flow", "color": "rgb(43,200,43)", "road_pixel_count": 751}}]}