{"type": "FeatureCollection", "features": [{"type": "Feature", "geometry": {"type": "Polygon", "coordinates": [[[50.11658461879056, 26.095132017999784], [50.11658461879056, 26.09737779593726], [50.11441656081502, 26.098500684906], [50.112248502839485, 26.09737779593726], [50.112248502839485, 26.095132017999784], [50.11441656081502, 26.094009129031043], [50.11658461879056, 26.095132017999784]]]}, "properties": {"congestion_score": 1.0, "congestion_level": "free_flow", "color": "rgb(43,200,43)", "road_pixel_count": 83}}, {"type": "Feature", "geometry": {"type": "Polygon", "coordinates": [[[50.12092073474163, 26.095132017999784], [50.12092073474163, 26.09737779593726], [50.1187526767661, 26.098500684906], [50.11658461879056, 26.09737779593726], [50.11658461879056, 26.095132017999784], [50.1187526767661, 26.094009129031043], [50.12092073474163, 26.095132017999784]]]}, "properties": {"congestion_score": 1.0, "congestion_level": "free_flow", "color": "rgb(43,200,43)", "road_pixel_count": 481}}, {"type": "Feature", "geometry": {"type": "Polygon", "coordinates": [[[50.155609662350216, 26.095132017999784], [50.155609662350216, 26.09737779593726], [50.153441604374684, 26.098500684906], [50.151273546399146, 26.09737779593726], [50.151273546399146, 26.095132017999784], [50.153441604374684, 26.094009129031043], [50.155609662350216, 26.095132017999784]]]}, "properties": {"congestion_score": 1.0, "congestion_level": "free_flow", "color": "rgb(43,200,43)", "road_pixel_count": 9}}, {"type": "Feature", "geometry": {"type": "Polygon", "coordinates": [[[50.15994577830129, 26.095132017999784], [50.15994577830129, 26.09737779593726], [50.157777720325754, 26.098500684906], [50.155609662350216, 26.09737779593726], [50.155609662350216, 26.095132017999784], [50.157777720325754, 26.094009129031043], [50.15994577830129, 26.095132017999784]]]}, "properties": {"congestion_score": 1.0, "congestion_level": "free_flow", "color": "rgb(43,200,43)", "road_pixel_count": 655}}, {"type": "Feature", "geometry": {"type": "Polygon", "coordinates": [[[50.1187526767661, 26.098500684906], [50.1187526767661, 26.100746462843478], [50.11658461879056, 26.101869351812216], [50.11441656081502, 26.100746462843478], [50.11441656081502, 26.098500684906], [50.11658461879056, 26.09737779593726], [50.1187526767661, 26.098500684906]]]}, "properties": {"congestion_score": 1.0, "congestion_level": "free_flow", "color": "rgb(43,200,43)", "road_pixel_count": 1546}}, {"type": "Feature", "geometry": {"type": "Polygon", "coordinates": [[[50.153441604374684, 26.098500684906], [50.153441604374684, 26.100746462843478], [50.151273546399146, 26.101869351812216], [50.14910548842361, 26.100746462843478], [50.14910548842361, 26.098500684906], [50.151273546399146, 26.09737779593726], [50.153441604374684, 26.098500684906]]]}, "properties": {"congestion_score": 1.0, "congestion_level": "free_flow", "color": "rgb(43,200,43)", "road_pixel_count": 343}}, {"type": "Feature", "geometry": {"type": "Polygon", "coordinates": [[[50.157777720325754, 26.098500684906], [50.157777720325754, 26.100746462843478], [50.155609662350216, 26.101869351812216], [50.153441604374684, 26.100746462843478], [50.153441604374684, 26.098500684906], [50.155609662350216, 26.09737779593726], [50.157777720325754, 26.098500684906]]]}, "properties": {"congestion_score": 1.0, "congestion_level": "free_flow", "color": "rgb(43,200,43)", "road_pixel_count": 1538}}, {"type": "Feature", "geometry": {"type": "Polygon", "coordinates": [[[50.11658461879056, 26.101869351812216], [50.11658461879056, 26.104115129749694], [50.11441656081502, 26.10523801871843], [50.112248502839485, 26.104115129749694], [50.112248502839485, 26.101869351812216], [50.11441656081502, 26.100746462843478], [50.11658461879056, 26.101869351812216]]]}, "properties": {"congestion_score": 1.0, "congestion_level": "free_flow", "color": "rgb(43,200,43)", "road_pixel_count": 1101}}, {"type": "Feature", "geometry": {"type": "Polygon", "coordinates": [[[50.12092073474163, 26.101869351812216], [50.12092073474163, 26.104115129749694], [50.1187526767661, 26.10523801871843], [50.11658461879056, 26.104115129749694], [50.11658461879056, 26.101869351812216], [50.1187526767661, 26.100746462843478], [50.12092073474163, 26.101869351812216]]]}, "properties": {"congestion_score": 1.0, "congestion_level": "free_flow", "color": "rgb(43,200,43)", "road_pixel_count": 121}}, {"type": "Feature", "geometry": {"type": "Polygon", "coordinates": [[[50.15994577830129, 26.101869351812216], [50.15994577830129, 26.104115129749694], [50.157777720325754, 26.10523801871843], [50.155609662350216, 26.104115129749694], [50.155609662350216, 26.101869351812216], [50.157777720325754, 26.100746462843478], [50.15994577830129, 26.101869351812216]]]}, "properties": {"congestion_score": 1.0, "congestion_level": "free_flow", "color": "rgb(43,200,43)", "road_pixel_count": 1491}}, {"type": "Feature", "geometry": {"type": "Polygon", "coordinates": [[[50.11441656081502, 26.10523801871843], [50.11441656081502, 26.10748379665591], [50.112248502839485, 26.108606685624647], [50.110080444863954, 26.10748379665591], [50.110080444863954, 26.10523801871843], [50.112248502839485, 26.104115129749694], [50.11441656081502, 26.10523801871843]]]}, "properties": {"congestion_score": 1.0, "congestion_level": "free_flow", "color": "rgb(43,200,43)", "road_pixel_count": 352}}, {"type": "Feature", "geometry": {"type": "Polygon", "coordinates": [[[50.1187526767661, 26.10523801871843], [50.1187526767661, 26.10748379665591], [50.11658461879056, 26.108606685624647], [50.11441656081502, 26.10748379665591], [50.11441656081502, 26.10523801871843], [50.11658461879056, 26.104115129749694], [50.1187526767661, 26.10523801871843]]]}, "properties": {"congestion_score": 1.0, "congestion_level": "free_flow", "color": "rgb(43,200,43)", "road_pixel_count": 959}}, {"type": "Feature", "geometry": {"type": "Polygon", "coordinates": [[[50.14910548842361, 26.10523801871843], [50.14910548842361, 26.10748379665591], [50.14693743044807, 26.108606685624647], [50.14476937247254, 26.10748379665591], [50.14476937247254, 26.10523801871843], [50.14693743044807, 26.104115129749694], [50.14910548842361, 26.10523801871843]]]}, "properties": {"congestion_score": 1.0, "congestion_level": "free_flow", "color": "rgb(43,200,43)", "road_pixel_count": 656}}, {"type": "Feature", "geometry": {"type": "Polygon", "coordinates": [[[50.153441604374684, 26.10523801871843], [50.153441604374684, 26.10748379665591], [50.151273546399146, 26.108606685624647], [50.14910548842361, 26.10748379665591], [50.14910548842361, 26.10523801871843], [50.151273546399146, 26.104115129749694], [50.153441604374684, 26.10523801871843]]]}, "properties": {"congestion_score": 1.0, "congestion_level": "free_flow", "color": "rgb(43,200,43)", "road_pixel_count": 778}}, {"type": "Feature", "geometry": {"type": "Polygon", "coordinates": [[[50.157777720325754, 26.10523801871843], [50.157777720325754, 26.10748379665591], [50.155609662350216, 26.108606685624647], [50.153441604374684, 26.10748379665591], [50.153441604374684, 26.10523801871843], [50.155609662350216, 26.104115129749694], [50.157777720325754, 26.10523801871843]]]}, "properties": {"congestion_score": 1.0, "congestion_level": "free_flow", "color": "rgb(43,200,43)", "road_pixel_count": 1183}}, {"type": "Feature", "geometry": {"type": "Polygon", "coordinates": [[[50.16211383627683, 26.10523801871843], [50.16211383627683, 26.10748379665591], [50.15994577830129, 26.108606685624647], [50.157777720325754, 26.10748379665591], [50.157777720325754, 26.10523801871843], [50.15994577830129, 26.104115129749694], [50.16211383627683, 26.10523801871843]]]}, "properties": {"congestion_score": 1.0, "congestion_level": "free_flow", "color": "rgb(43,200,43)", "road_pixel_count": 446}}, {"type": "Feature", "geometry": {"type": "Polygon", "coordinates": [[[50.112248502839485, 26.108606685624647], [50.112248502839485, 26.110852463562125], [50.110080444863954, 26.111975352530866], [50.107912386888415, 26.110852463562125], [50.107912386888415, 26.108606685624647], [50.110080444863954, 26.10748379665591], [50.112248502839485, 26.108606685624647]]]}, "properties": {"congestion_score": 1.0, "congestion_level": "free_flow", "color": "rgb(43,200,43)", "road_pixel_count": 363}}, {"type": "Feature", "geometry": {"type": "Polygon", "coordinates": [[[50.11658461879056, 26.108606685624647], [50.11658461879056, 26.110852463562125], [50.11441656081502, 26.111975352530866], [50.112248502839485, 26.110852463562125], [50.112248502839485, 26.108606685624647], [50.11441656081502, 26.10748379665591], [50.11658461879056, 26.108606685624647]]]}, "properties": {"congestion_score": 1.0, "congestion_level": "free_flow", "color": "rgb(43,200,43)", "road_pixel_count": 1201}}, {"type": "Feature", "geometry": {"type": "Polygon", "coordinates": [[[50.14693743044807, 26.108606685624647], [50.14693743044807, 26.110852463562125], [50.14476937247254, 26.111975352530866], [50.142601314497, 26.110852463562125], [50.142601314497, 26.108606685624647], [50.14476937247254, 26.10748379665591], [50.14693743044807, 26.108606685624647]]]}, "properties": {"congestion_score": 1.0, "congestion_level": "free_flow", "color": "rgb(43,200,43)", "road_pixel_count": 269}}, {"type": "Feature", "geometry": {"type": "Polygon", "coordinates": [[[50.151273546399146, 26.108606685624647], [50.151273546399146, 26.110852463562125], [50.14910548842361, 26.111975352530866], [50.14693743044807, 26.110852463562125], [50.14693743044807, 26.108606685624647], [50.14910548842361, 26.10748379665591], [50.151273546399146, 26.108606685624647]]]}, "properties": {"congestion_score": 1.0, "congestion_level": "free_flow", "color": "rgb(43,200,43)", "road_pixel_count": 133}}, {"type": "Feature", "geometry": {"type": "Polygon", "coordinates": [[[50.15994577830129, 26.108606685624647], [50.15994577830129, 26.110852463562125], [50.157777720325754, 26.111975352530866], [50.155609662350216, 26.110852463562125], [50.155609662350216, 26.108606685624647], [50.157777720325754, 26.10748379665591], [50.15994577830129, 26.108606685624647]]]}, "properties": {"congestion_score": 1.0, "congestion_level": "free_flow", "color": "rgb(43,200,43)", "road_pixel_count": 1526}}, {"type": "Feature", "geometry": {"type": "Polygon", "coordinates": [[[50.110080444863954, 26.111975352530866], [50.110080444863954, 26.11422113046834], [50.107912386888415, 26.11534401943708], [50.10574432891288, 26.11422113046834], [50.10574432891288, 26.111975352530866], [50.107912386888415, 26.110852463562125], [50.110080444863954, 26.111975352530866]]]}, "properties": {"congestion_score": 1.0, "congestion_level": "free_flow", "color": "rgb(43,200,43)", "road_pixel_count": 576}}, {"type": "Feature", "geometry": {"type": "Polygon", "coordinates": [[[50.11441656081502, 26.111975352530866], [50.11441656081502, 26.11422113046834], [50.112248502839485, 26.11534401943708], [50.110080444863954, 26.11422113046834], [50.110080444863954, 26.111975352530866], [50.112248502839485, 26.110852463562125], [50.11441656081502, 26.111975352530866]]]}, "properties": {"congestion_score": 1.0, "congestion_level": "free_flow", "color": "rgb(43,200,43)", "road_pixel_count": 1047}}, {"type": "Feature", "geometry": {"type": "Polygon", "coordinates": [[[50.14910548842361, 26.111975352530866], [50.14910548842361, 26.11422113046834], [50.14693743044807, 26.11534401943708], [50.14476937247254, 26.11422113046834], [50.14476937247254, 26.111975352530866], [50.14693743044807, 26.110852463562125], [50.14910548842361, 26.111975352530866]]]}, "properties": {"congestion_score": 1.0, "congestion_level": "free_flow", "color": "rgb(43,200,43)", "road_pixel_count": 513}}, {"type": "Feature", "geometry": {"type": "Polygon", "coordinates": [[[50.157777720325754, 26.111975352530866], [50.157777720325754, 26.11422113046834], [50.155609662350216, 26.11534401943708], [50.153441604374684, 26.11422113046834], [50.153441604374684, 26.111975352530866], [50.155609662350216, 26.110852463562125], [50.157777720325754, 26.111975352530866]]]}, "properties": {"congestion_score": 1.0, "congestion_level": "free_flow", "color": "rgb(43,200,43)", "road_pixel_count": 171}}, {"type": "Feature", "geometry": {"type": "Polygon", "coordinates": [[[50.16211383627683, 26.111975352530866], [50.16211383627683, 26.11422113046834], [50.15994577830129, 26.11534401943708], [50.157777720325754, 26.11422113046834], [50.157777720325754, 26.111975352530866], [50.15994577830129, 26.110852463562125], [50.16211383627683, 26.111975352530866]]]}, "properties": {"congestion_score": 1.0, "congestion_level": "free_flow", "color": "rgb(43,200,43)", "road_pixel_count": 954}}, {"type": "Feature", "geometry": {"type": "Polygon", "coordinates": [[[50.107912386888415, 26.11534401943708], [50.107912386888415, 26.11758979737456], [50.10574432891288, 26.118712686343297], [50.10357627093734, 26.11758979737456], [50.10357627093734, 26.11534401943708], [50.10574432891288, 26.11422113046834], [50.107912386888415, 26.11534401943708]]]}, "properties": {"congestion_score": 1.0, "congestion_level": "free_flow", "color": "rgb(43,200,43)", "road_pixel_count": 798}}, {"type": "Feature", "geometry": {"type": "Polygon", "coordinates": [[[50.112248502839485, 26.11534401943708], [50.112248502839485, 26.11758979737456], [50.110080444863954, 26.118712686343297], [50.107912386888415, 26.11758979737456], [50.107912386888415, 26.11534401943708], [50.110080444863954, 26.11422113046834], [50.112248502839485, 26.11534401943708]]]}, "properties": {"congestion_score": 1.0, "congestion_level": "free_flow", "color": "rgb(43,200,43)", "road_pixel_count": 840}}, {"type": "Feature", "geometry": {"type": "Polygon", "coordinates": [[[50.151273546399146, 26.11534401943708], [50.151273546399146, 26.11758979737456], [50.14910548842361, 26.118712686343297], [50.14693743044807, 26.11758979737456], [50.14693743044807, 26.11534401943708], [50.14910548842361, 26.11422113046834], [50.151273546399146, 26.11534401943708]]]}, "properties": {"congestion_score": 1.0, "congestion_level": "free_flow", "color": "rgb(43,200,43)", "road_pixel_count": 549}}, {"type": "Feature", "geometry": {"type": "Polygon", "coordinates": [[[50.15994577830129, 26.11534401943708], [50.15994577830129, 26.11758979737456], [50.157777720325754, 26.118712686343297], [50.155609662350216, 26.11758979737456], [50.155609662350216, 26.11534401943708], [50.157777720325754, 26.11422113046834], [50.15994577830129, 26.11534401943708]]]}, "properties": {"congestion_score": 1.0, "congestion_level": "free_flow", "color": "rgb(43,200,43)", "road_pixel_count": 1494}}, {"type": "Feature", "geometry": {"type": "Polygon", "coordinates": [[[50.10574432891288, 26.118712686343297], [50.10574432891288, 26.120958464280776], [50.10357627093734, 26.122081353249513], [50.10140821296181, 26.120958464280776], [50.10140821296181, 26.118712686343297], [50.10357627093734, 26.11758979737456], [50.10574432891288, 26.118712686343297]]]}, "properties": {"congestion_score": 1.0, "congestion_level": "free_flow", "color": "rgb(43,200,43)", "road_pixel_count": 950}}, {"type": "Feature", "geometry": {"type": "Polygon", "coordinates": [[[50.110080444863954, 26.118712686343297], [50.110080444863954, 26.120958464280776], [50.107912386888415, 26.122081353249513], [50.10574432891288, 26.120958464280776], [50.10574432891288, 26.118712686343297], [50.107912386888415, 26.11758979737456], [50.110080444863954, 26.118712686343297]]]}, "properties": {"congestion_score": 1.0, "congestion_level": "free_flow", "color": "rgb(43,200,43)", "road_pixel_count": 626}}, {"type": "Feature", "geometry": {"type": "Polygon", "coordinates": [[[50.153441604374684, 26.118712686343297], [50.153441604374684, 26.120958464280776], [50.151273546399146, 26.122081353249513], [50.14910548842361, 26.120958464280776], [50.14910548842361, 26.118712686343297], [50.151273546399146, 26.11758979737456], [50.153441604374684, 26.118712686343297]]]}, "properties": {"congestion_score": 1.0, "congestion_level": "free_flow", "color": "rgb(43,200,43)", "road_pixel_count": 793}}, {"type": "Feature", "geometry": {"type": "Polygon", "coordinates": [[[50.157777720325754, 26.118712686343297], [50.157777720325754, 26.120958464280776], [50.155609662350216, 26.122081353249513], [50.153441604374684, 26.120958464280776], [50.153441604374684, 26.118712686343297], [50.155609662350216, 26.11758979737456], [50.157777720325754, 26.118712686343297]]]}, "properties": {"congestion_score": 1.0, "congestion_level": "free_flow", "color": "rgb(43,200,43)", "road_pixel_count": 1030}}, {"type": "Feature", "geometry": {"type": "Polygon", "coordinates": [[[50.16211383627683, 26.118712686343297], [50.16211383627683, 26.120958464280776], [50.15994577830129, 26.122081353249513], [50.157777720325754, 26.120958464280776], [50.157777720325754, 26.118712686343297], [50.15994577830129, 26.11758979737456], [50.16211383627683, 26.118712686343297]]]}, "properties": {"congestion_score": 1.0, "congestion_level": "free_flow", "color": "rgb(43,200,43)", "road_pixel_count": 697}}, {"type": "Feature", "geometry": {"type": "Polygon", "coordinates": [[[50.10357627093734, 26.122081353249513], [50.10357627093734, 26.12432713118699], [50.10140821296181, 26.12545002015573], [50.09924015498627, 26.12432713118699], [50.09924015498627, 26.122081353249513], [50.10140821296181, 26.120958464280776], [50.10357627093734, 26.122081353249513]]]}, "properties": {"congestion_score": 1.0, "congestion_level": "free_flow", "color": "rgb(43,200,43)", "road_pixel_count": 942}}, {"type": "Feature", "geometry": {"type": "Polygon", "coordinates": [[[50.107912386888415, 26.122081353249513], [50.107912386888415, 26.12432713118699], [50.10574432891288, 26.12545002015573], [50.10357627093734, 26.12432713118699], [50.10357627093734, 26.122081353249513], [50.10574432891288, 26.120958464280776], [50.107912386888415, 26.122081353249513]]]}, "properties": {"congestion_score": 1.0, "congestion_level": "free_flow", "color": "rgb(43,200,43)", "road_pixel_count": 543}}, {"type": "Feature", "geometry": {"type": "Polygon", "coordinates": [[[50.13826519854592, 26.122081353249513], [50.13826519854592, 26.12432713118699], [50.13609714057039, 26.12545002015573], [50.133929082594854, 26.12432713118699], [50.133929082594854, 26.122081353249513], [50.13609714057039, 26.120958464280776], [50.13826519854592, 26.122081353249513]]]}, "properties": {"congestion_score": 1.0, "congestion_level": "free_flow", "color": "rgb(43,200,43)", "road_pixel_count": 67}}, {"type": "Feature", "geometry": {"type": "Polygon", "coordinates": [[[50.142601314497, 26.122081353249513], [50.142601314497, 26.12432713118699], [50.14043325652146, 26.12545002015573], [50.13826519854592, 26.12432713118699], [50.13826519854592, 26.122081353249513], [50.14043325652146, 26.120958464280776], [50.142601314497, 26.122081353249513]]]}, "properties": {"congestion_score": 1.0, "congestion_level": "free_flow", "color": "rgb(43,200,43)", "road_pixel_count": 707}}, {"type": "Feature", "geometry": {"type": "Polygon", "coordinates": [[[50.14693743044807, 26.122081353249513], [50.14693743044807, 26.12432713118699], [50.14476937247254, 26.12545002015573], [50.142601314497, 26.12432713118699], [50.142601314497, 26.122081353249513], [50.14476937247254, 26.120958464280776], [50.14693743044807, 26.122081353249513]]]}, "properties": {"congestion_score": 1.0, "congestion_level": "free_flow", "color": "rgb(43,200,43)", "road_pixel_count": 735}}, {"type": "Feature", "geometry": {"type": "Polygon", "coordinates": [[[50.151273546399146, 26.122081353249513], [50.151273546399146, 26.12432713118699], [50.14910548842361, 26.12545002015573], [50.14693743044807, 26.12432713118699], [50.14693743044807, 26.122081353249513], [50.14910548842361, 26.120958464280776], [50.151273546399146, 26.122081353249513]]]}, "properties": {"congestion_score": 1.0, "congestion_level": "free_flow", "color": "rgb(43,200,43)", "road_pixel_count": 899}}, {"type": "Feature", "geometry": {"type": "Polygon", "coordinates": [[[50.155609662350216, 26.122081353249513], [50.155609662350216, 26.12432713118699], [50.153441604374684, 26.12545002015573], [50.151273546399146, 26.12432713118699], [50.151273546399146, 26.122081353249513], [50.153441604374684, 26.120958464280776], [50.155609662350216, 26.122081353249513]]]}, "properties": {"congestion_score": 1.0, "congestion_level": "free_flow", "color": "rgb(43,200,43)", "road_pixel_count": 253}}, {"type": "Feature", "geometry": {"type": "Polygon", "coordinates": [[[50.15994577830129, 26.122081353249513], [50.15994577830129, 26.12432713118699], [50.157777720325754, 26.12545002015573], [50.155609662350216, 26.12432713118699], [50.155609662350216, 26.122081353249513], [50.157777720325754, 26.120958464280776], [50.15994577830129, 26.122081353249513]]]}, "properties": {"congestion_score": 1.0, "congestion_level": "free_flow", "color": "rgb(43,200,43)", "road_pixel_count": 1527}}, {"type": "Feature", "geometry": {"type": "Polygon", "coordinates": [[[50.10140821296181, 26.12545002015573], [50.10140821296181, 26.127695798093207], [50.09924015498627, 26.128818687061948], [50.09707209701073, 26.127695798093207], [50.09707209701073, 26.12545002015573], [50.09924015498627, 26.12432713118699], [50.10140821296181, 26.12545002015573]]]}, "properties": {"congestion_score": 1.0, "congestion_level": "free_flow", "color": "rgb(43,200,43)", "road_pixel_count": 838}}, {"type": "Feature", "geometry": {"type": "Polygon", "coordinates": [[[50.10574432891288, 26.12545002015573], [50.10574432891288, 26.127695798093207], [50.10357627093734, 26.128818687061948], [50.10140821296181, 26.127695798093207], [50.10140821296181, 26.12545002015573], [50.10357627093734, 26.12432713118699], [50.10574432891288, 26.12545002015573]]]}, "properties": {"congestion_score": 1.0, "congestion_level": "free_flow", "color": "rgb(43,200,43)", "road_pixel_count": 682}}, {"type": "Feature", "geometry": {"type": "Polygon", "coordinates": [[[50.153441604374684, 26.12545002015573], [50.153441604374684, 26.127695798093207], [50.151273546399146, 26.128818687061948], [50.14910548842361, 26.127695798093207], [50.14910548842361, 26.12545002015573], [50.151273546399146, 26.12432713118699], [50.153441604374684, 26.12545002015573]]]}, "properties": {"congestion_score": 1.0, "congestion_level": "free_flow", "color": "rgb(43,200,43)", "road_pixel_count": 536}}, {"type": "Feature", "geometry": {"type": "Polygon", "coordinates": [[[50.157777720325754, 26.12545002015573], [50.157777720325754, 26.127695798093207], [50.155609662350216, 26.128818687061948], [50.153441604374684, 26.127695798093207], [50.153441604374684, 26.12545002015573], [50.155609662350216, 26.12432713118699], [50.157777720325754, 26.12545002015573]]]}, "properties": {"congestion_score": 1.0, "congestion_level": "free_flow", "color": "rgb(43,200,43)", "road_pixel_count": 1092}}, {"type": "Feature", "geometry": {"type": "Polygon", "coordinates": [[[50.16211383627683, 26.12545002015573], [50.16211383627683, 26.127695798093207], [50.15994577830129, 26.128818687061948], [50.157777720325754, 26.127695798093207], [50.157777720325754, 26.12545002015573], [50.15994577830129, 26.12432713118699], [50.16211383627683, 26.12545002015573]]]}, "properties": {"congestion_score": 1.0, "congestion_level": "free_flow", "color": "rgb(43,200,43)", "road_pixel_count": 66}}, {"type": "Feature", "geometry": {"type": "Polygon", "coordinates": [[[50.09924015498627, 26.128818687061948], [50.09924015498627, 26.131064464999422], [50.09707209701073, 26.132187353968163], [50.09490403903519, 26.131064464999422], [50.09490403903519, 26.128818687061948], [50.09707209701073, 26.127695798093207], [50.09924015498627, 26.128818687061948]]]}, "properties": {"congestion_score": 1.0, "congestion_level": "free_flow", "color": "rgb(43,200,43)", "road_pixel_count": 761}}, {"type": "Feature", "geometry": {"type": "Polygon", "coordinates": [[[50.10357627093734, 26.128818687061948], [50.10357627093734, 26.131064464999422], [50.10140821296181, 26.132187353968163], [50.09924015498627, 26.131064464999422], [50.09924015498627, 26.128818687061948], [50.10140821296181, 26.127695798093207], [50.10357627093734, 26.128818687061948]]]}, "properties": {"congestion_score": 1.0, "congestion_level": "free_flow", "color": "rgb(43,200,43)", "road_pixel_count": 999}}, {"type": "Feature", "geometry": {"type": "Polygon", "coordinates": [[[50.14693743044807, 26.128818687061948], [50.14693743044807, 26.131064464999422], [50.14476937247254, 26.132187353968163], [50.142601314497, 26.131064464999422], [50.142601314497, 26.128818687061948], [50.14476937247254, 26.127695798093207], [50.14693743044807, 26.128818687061948]]]}, "properties": {"congestion_score": 1.0, "congestion_level": "free_flow", "color": "rgb(43,200,43)", "road_pixel_count": 494}}, {"type": "Feature", "geometry": {"type": "Polygon", "coordinates": [[[50.151273546399146, 26.128818687061948], [50.151273546399146, 26.131064464999422], [50.14910548842361, 26.132187353968163], [50.14693743044807, 26.131064464999422], [50.14693743044807, 26.128818687061948], [50.14910548842361, 26.127695798093207], [50.151273546399146, 26.128818687061948]]]}, "properties": {"congestion_score": 1.0, "congestion_level": "free_flow", "color": "rgb(43,200,43)", "road_pixel_count": 816}}, {"type": "Feature", "geometry": {"type": "Polygon", "coordinates": [[[50.155609662350216, 26.128818687061948], [50.155609662350216, 26.131064464999422], [50.153441604374684, 26.132187353968163], [50.151273546399146, 26.131064464999422], [50.151273546399146, 26.128818687061948], [50.153441604374684, 26.127695798093207], [50.155609662350216, 26.128818687061948]]]}, "properties": {"congestion_score": 1.0, "congestion_level": "free_flow", "color": "rgb(43,200,43)", "road_pixel_count": 799}}, {"type": "Feature", "geometry": {"type": "Polygon", "coordinates": [[[50.15994577830129, 26.128818687061948], [50.15994577830129, 26.131064464999422], [50.157777720325754, 26.132187353968163], [50.155609662350216, 26.131064464999422], [50.155609662350216, 26.128818687061948], [50.157777720325754, 26.127695798093207], [50.15994577830129, 26.128818687061948]]]}, "properties": {"congestion_score": 1.0, "congestion_level": "free_flow", "color": "rgb(43,200,43)", "road_pixel_count": 1516}}, {"type": "Feature", "geometry": {"type": "Polygon", "coordinates": [[[50.09707209701073, 26.132187353968163], [50.09707209701073, 26.13443313190564], [50.09490403903519, 26.13555602087438], [50.09273598105966, 26.13443313190564], [50.09273598105966, 26.132187353968163], [50.09490403903519, 26.131064464999422], [50.09707209701073, 26.132187353968163]]]}, "properties": {"congestion_score": 1.0, "congestion_level": "free_flow", "color": "rgb(43,200,43)", "road_pixel_count": 630}}, {"type": "Feature", "geometry": {"type": "Polygon", "coordinates": [[[50.10140821296181, 26.132187353968163], [50.10140821296181, 26.13443313190564], [50.09924015498627, 26.13555602087438], [50.09707209701073, 26.13443313190564], [50.09707209701073, 26.132187353968163], [50.09924015498627, 26.131064464999422], [50.10140821296181, 26.132187353968163]]]}, "properties": {"congestion_score": 0.972, "congestion_level": "free_flow", "color": "rgb(43,200,43)", "road_pixel_count": 1594}}, {"type": "Feature", "geometry": {"type": "Polygon", "coordinates": [[[50.14476937247254, 26.132187353968163], [50.14476937247254, 26.13443313190564], [50.142601314497, 26.13555602087438], [50.14043325652146, 26.13443313190564], [50.14043325652146, 26.132187353968163], [50.142601314497, 26.131064464999422], [50.14476937247254, 26.132187353968163]]]}, "properties": {"congestion_score": 1.0, "congestion_level": "free_flow", "color": "rgb(43,200,43)", "road_pixel_count": 119}}, {"type": "Feature", "geometry": {"type": "Polygon", "coordinates": [[[50.14910548842361, 26.132187353968163], [50.14910548842361, 26.13443313190564], [50.14693743044807, 26.13555602087438], [50.14476937247254, 26.13443313190564], [50.14476937247254, 26.132187353968163], [50.14693743044807, 26.131064464999422], [50.14910548842361, 26.132187353968163]]]}, "properties": {"congestion_score": 1.0, "congestion_level": "free_flow", "color": "rgb(43,200,43)", "road_pixel_count": 421}}, {"type": "Feature", "geometry": {"type": "Polygon", "coordinates": [[[50.157777720325754, 26.132187353968163], [50.157777720325754, 26.13443313190564], [50.155609662350216, 26.13555602087438], [50.153441604374684, 26.13443313190564], [50.153441604374684, 26.132187353968163], [50.155609662350216, 26.131064464999422], [50.157777720325754, 26.132187353968163]]]}, "properties": {"congestion_score": 1.0, "congestion_level": "free_flow", "color": "rgb(43,200,43)", "road_pixel_count": 768}}, {"type": "Feature", "geometry": {"type": "Polygon", "coordinates": [[[50.16211383627683, 26.132187353968163], [50.16211383627683, 26.13443313190564], [50.15994577830129, 26.13555602087438], [50.157777720325754, 26.13443313190564], [50.157777720325754, 26.132187353968163], [50.15994577830129, 26.131064464999422], [50.16211383627683, 26.132187353968163]]]}, "properties": {"congestion_score": 1.0, "congestion_level": "free_flow", "color": "rgb(43,200,43)", "road_pixel_count": 879}}, {"type": "Feature", "geometry": {"type": "Polygon", "coordinates": [[[50.09490403903519, 26.13555602087438], [50.09490403903519, 26.137801798811857], [50.09273598105966, 26.138924687780595], [50.09056792308412, 26.137801798811857], [50.09056792308412, 26.13555602087438], [50.09273598105966, 26.13443313190564], [50.09490403903519, 26.13555602087438]]]}, "properties": {"congestion_score": 1.0, "congestion_level": "free_flow", "color": "rgb(43,200,43)", "road_pixel_count": 731}}, {"type": "Feature", "geometry": {"type": "Polygon", "coordinates": [[[50.09924015498627, 26.13555602087438], [50.09924015498627, 26.137801798811857], [50.09707209701073, 26.138924687780595], [50.09490403903519, 26.137801798811857], [50.09490403903519, 26.13555602087438], [50.09707209701073, 26.13443313190564], [50.09924015498627, 26.13555602087438]]]}, "properties": {"congestion_score": 0.995, "congestion_level": "free_flow", "color": "rgb(43,200,43)", "road_pixel_count": 1728}}, {"type": "Feature", "geometry": {"type": "Polygon", "coordinates": [[[50.10357627093734, 26.13555602087438], [50.10357627093734, 26.137801798811857], [50.10140821296181, 26.138924687780595], [50.09924015498627, 26.137801798811857], [50.09924015498627, 26.13555602087438], [50.10140821296181, 26.13443313190564], [50.10357627093734, 26.13555602087438]]]}, "properties": {"congestion_score": 0.969, "congestion_level": "free_flow", "color": "rgb(43,200,43)", "road_pixel_count": 818}}, {"type": "Feature", "geometry": {"type": "Polygon", "coordinates": [[[50.142601314497, 26.13555602087438], [50.142601314497, 26.137801798811857], [50.14043325652146, 26.138924687780595], [50.13826519854592, 26.137801798811857], [50.13826519854592, 26.13555602087438], [50.14043325652146, 26.13443313190564], [50.142601314497, 26.13555602087438]]]}, "properties": {"congestion_score": 1.0, "congestion_level": "free_flow", "color": "rgb(43,200,43)", "road_pixel_count": 256}}, {"type": "Feature", "geometry": {"type": "Polygon", "coordinates": [[[50.14693743044807, 26.13555602087438], [50.14693743044807, 26.137801798811857], [50.14476937247254, 26.138924687780595], [50.142601314497, 26.137801798811857], [50.142601314497, 26.13555602087438], [50.14476937247254, 26.13443313190564], [50.14693743044807, 26.13555602087438]]]}, "properties": {"congestion_score": 1.0, "congestion_level": "free_flow", "color": "rgb(43,200,43)", "road_pixel_count": 158}}, {"type": "Feature", "geometry": {"type": "Polygon", "coordinates": [[[50.151273546399146, 26.13555602087438], [50.151273546399146, 26.137801798811857], [50.14910548842361, 26.138924687780595], [50.14693743044807, 26.137801798811857], [50.14693743044807, 26.13555602087438], [50.14910548842361, 26.13443313190564], [50.151273546399146, 26.13555602087438]]]}, "properties": {"congestion_score": 0.98, "congestion_level": "free_flow", "color": "rgb(43,200,43)", "road_pixel_count": 586}}, {"type": "Feature", "geometry": {"type": "Polygon", "coordinates": [[[50.155609662350216, 26.13555602087438], [50.155609662350216, 26.137801798811857], [50.153441604374684, 26.138924687780595], [50.151273546399146, 26.137801798811857], [50.151273546399146, 26.13555602087438], [50.153441604374684, 26.13443313190564], [50.155609662350216, 26.13555602087438]]]}, "properties": {"congestion_score": 0.991, "congestion_level": "free_flow", "color": "rgb(43,200,43)", "road_pixel_count": 772}}, {"type": "Feature", "geometry": {"type": "Polygon", "coordinates": [[[50.15994577830129, 26.13555602087438], [50.15994577830129, 26.137801798811857], [50.157777720325754, 26.138924687780595], [50.155609662350216, 26.137801798811857], [50.155609662350216, 26.13555602087438], [50.157777720325754, 26.13443313190564], [50.15994577830129, 26.13555602087438]]]}, "properties": {"congestion_score": 1.0, "congestion_level": "free_flow", "color": "rgb(43,200,43)", "road_pixel_count": 1210}}, {"type": "Feature", "geometry": {"type": "Polygon", "coordinates": [[[50.16428189425236, 26.13555602087438], [50.16428189425236, 26.137801798811857], [50.16211383627683, 26.138924687780595], [50.15994577830129, 26.137801798811857], [50.15994577830129, 26.13555602087438], [50.16211383627683, 26.13443313190564], [50.16428189425236, 26.13555602087438]]]}, "properties": {"congestion_score": 1.0, "congestion_level": "free_flow", "color": "rgb(43,200,43)", "road_pixel_count": 95}}, {"type": "Feature", "geometry": {"type": "Polygon", "coordinates": [[[50.07972763320644, 26.138924687780595], [50.07972763320644, 26.141170465718073], [50.0775595752309, 26.14229335468681], [50.07539151725537, 26.141170465718073], [50.07539151725537, 26.138924687780595], [50.0775595752309, 26.137801798811857], [50.07972763320644, 26.138924687780595]]]}, "properties": {"congestion_score": 1.0, "congestion_level": "free_flow", "color": "rgb(43,200,43)", "road_pixel_count": 642}}, {"type": "Feature", "geometry": {"type": "Polygon", "coordinates": [[[50.084063749157515, 26.138924687780595], [50.084063749157515, 26.141170465718073], [50.08189569118198, 26.14229335468681], [50.07972763320644, 26.141170465718073], [50.07972763320644, 26.138924687780595], [50.08189569118198, 26.137801798811857], [50.084063749157515, 26.138924687780595]]]}, "properties": {"congestion_score": 1.0, "congestion_level": "free_flow", "color": "rgb(43,200,43)", "road_pixel_count": 1523}}, {"type": "Feature", "geometry": {"type": "Polygon", "coordinates": [[[50.088399865108585, 26.138924687780595], [50.088399865108585, 26.141170465718073], [50.086231807133046, 26.14229335468681], [50.084063749157515, 26.141170465718073], [50.084063749157515, 26.138924687780595], [50.086231807133046, 26.137801798811857], [50.088399865108585, 26.138924687780595]]]}, "properties": {"congestion_score": 1.0, "congestion_level": "free_flow", "color": "rgb(43,200,43)", "road_pixel_count": 1546}}, {"type": "Feature", "geometry": {"type": "Polygon", "coordinates": [[[50.09273598105966, 26.138924687780595], [50.09273598105966, 26.141170465718073], [50.09056792308412, 26.14229335468681], [50.088399865108585, 26.141170465718073], [50.088399865108585, 26.138924687780595], [50.09056792308412, 26.137801798811857], [50.09273598105966, 26.138924687780595]]]}, "properties": {"congestion_score": 1.0, "congestion_level": "free_flow", "color": "rgb(43,200,43)", "road_pixel_count": 2044}}, {"type": "Feature", "geometry": {"type": "Polygon", "coordinates": [[[50.09707209701073, 26.138924687780595], [50.09707209701073, 26.141170465718073], [50.09490403903519, 26.14229335468681], [50.09273598105966, 26.141170465718073], [50.09273598105966, 26.138924687780595], [50.09490403903519, 26.137801798811857], [50.09707209701073, 26.138924687780595]]]}, "properties": {"congestion_score": 1.0, "congestion_level": "free_flow", "color": "rgb(43,200,43)", "road_pixel_count": 743}}, {"type": "Feature", "geometry": {"type": "Polygon", "coordinates": [[[50.10140821296181, 26.138924687780595], [50.10140821296181, 26.141170465718073], [50.09924015498627, 26.14229335468681], [50.09707209701073, 26.141170465718073], [50.09707209701073, 26.138924687780595], [50.09924015498627, 26.137801798811857], [50.10140821296181, 26.138924687780595]]]}, "properties": {"congestion_score": 0.996, "congestion_level": "free_flow", "color": "rgb(43,200,43)", "road_pixel_count": 766}}, {"type": "Feature", "geometry": {"type": "Polygon", "coordinates": [[[50.10574432891288, 26.138924687780595], [50.10574432891288, 26.141170465718073], [50.10357627093734, 26.14229335468681], [50.10140821296181, 26.141170465718073], [50.10140821296181, 26.138924687780595], [50.10357627093734, 26.137801798811857], [50.10574432891288, 26.138924687780595]]]}, "properties": {"congestion_score": 0.991, "congestion_level": "free_flow", "color": "rgb(43,200,43)", "road_pixel_count": 652}}, {"type": "Feature", "geometry": {"type": "Polygon", "coordinates": [[[50.13609714057039, 26.138924687780595], [50.13609714057039, 26.141170465718073], [50.133929082594854, 26.14229335468681], [50.131761024619315, 26.141170465718073], [50.131761024619315, 26.138924687780595], [50.133929082594854, 26.137801798811857], [50.13609714057039, 26.138924687780595]]]}, "properties": {"congestion_score": 1.0, "congestion_level": "free_flow", "color": "rgb(43,200,43)", "road_pixel_count": 80}}, {"type": "Feature", "geometry": {"type": "Polygon", "coordinates": [[[50.14043325652146, 26.138924687780595], [50.14043325652146, 26.141170465718073], [50.13826519854592, 26.14229335468681], [50.13609714057039, 26.141170465718073], [50.13609714057039, 26.138924687780595], [50.13826519854592, 26.137801798811857], [50.14043325652146, 26.138924687780595]]]}, "properties": {"congestion_score": 1.0, "congestion_level": "free_flow", "color": "rgb(43,200,43)", "road_pixel_count": 562}}, {"type": "Feature", "geometry": {"type": "Polygon", "coordinates": [[[50.14476937247254, 26.138924687780595], [50.14476937247254, 26.141170465718073], [50.142601314497, 26.14229335468681], [50.14043325652146, 26.141170465718073], [50.14043325652146, 26.138924687780595], [50.142601314497, 26.137801798811857], [50.14476937247254, 26.138924687780595]]]}, "properties": {"congestion_score": 0.994, "congestion_level": "free_flow", "color": "rgb(43,200,43)", "road_pixel_count": 1154}}, {"type": "Feature", "geometry": {"type": "Polygon", "coordinates": [[[50.14910548842361, 26.138924687780595], [50.14910548842361, 26.141170465718073], [50.14693743044807, 26.14229335468681], [50.14476937247254, 26.141170465718073], [50.14476937247254, 26.138924687780595], [50.14693743044807, 26.137801798811857], [50.14910548842361, 26.138924687780595]]]}, "properties": {"congestion_score": 0.988, "congestion_level": "free_flow", "color": "rgb(43,200,43)", "road_pixel_count": 734}}, {"type": "Feature", "geometry": {"type": "Polygon", "coordinates": [[[50.153441604374684, 26.138924687780595], [50.153441604374684, 26.141170465718073], [50.151273546399146, 26.14229335468681], [50.14910548842361, 26.141170465718073], [50.14910548842361, 26.138924687780595], [50.151273546399146, 26.137801798811857], [50.153441604374684, 26.138924687780595]]]}, "properties": {"congestion_score": 0.973, "congestion_level": "free_flow", "color": "rgb(43,200,43)", "road_pixel_count": 580}}, {"type": "Feature", "geometry": {"type": "Polygon", "coordinates": [[[50.157777720325754, 26.138924687780595], [50.157777720325754, 26.141170465718073], [50.155609662350216, 26.14229335468681], [50.153441604374684, 26.141170465718073], [50.153441604374684, 26.138924687780595], [50.155609662350216, 26.137801798811857], [50.157777720325754, 26.138924687780595]]]}, "properties": {"congestion_score": 0.995, "congestion_level": "free_flow", "color": "rgb(43,200,43)", "road_pixel_count": 640}}, {"type": "Feature", "geometry": {"type": "Polygon", "coordinates": [[[50.16211383627683, 26.138924687780595], [50.16211383627683, 26.141170465718073], [50.15994577830129, 26.14229335468681], [50.157777720325754, 26.141170465718073], [50.157777720325754, 26.138924687780595], [50.15994577830129, 26.137801798811857], [50.16211383627683, 26.138924687780595]]]}, "properties": {"congestion_score": 1.0, "congestion_level": "free_flow", "color": "rgb(43,200,43)", "road_pixel_count": 1469}}, {"type": "Feature", "geometry": {"type": "Polygon", "coordinates": [[[50.0775595752309, 26.14229335468681], [50.0775595752309, 26.14453913262429], [50.07539151725537, 26.14566202159303], [50.07322345927983, 26.14453913262429], [50.07322345927983, 26.14229335468681], [50.07539151725537, 26.141170465718073], [50.0775595752309, 26.14229335468681]]]}, "properties": {"congestion_score": 1.0, "congestion_level": "free_flow", "color": "rgb(43,200,43)", "road_pixel_count": 1044}}, {"type": "Feature", "geometry": {"type": "Polygon", "coordinates": [[[50.08189569118198, 26.14229335468681], [50.08189569118198, 26.14453913262429], [50.07972763320644, 26.14566202159303], [50.0775595752309, 26.14453913262429], [50.0775595752309, 26.14229335468681], [50.07972763320644, 26.141170465718073], [50.08189569118198, 26.14229335468681]]]}, "properties": {"congestion_score": 1.0, "congestion_level": "free_flow", "color": "rgb(43,200,43)", "road_pixel_count": 454}}, {"type": "Feature", "geometry": {"type": "Polygon", "coordinates": [[[50.09056792308412, 26.14229335468681], [50.09056792308412, 26.14453913262429], [50.088399865108585, 26.14566202159303], [50.086231807133046, 26.14453913262429], [50.086231807133046, 26.14229335468681], [50.088399865108585, 26.141170465718073], [50.09056792308412, 26.14229335468681]]]}, "properties": {"congestion_score": 1.0, "congestion_level": "free_flow", "color": "rgb(43,200,43)", "road_pixel_count": 1057}}, {"type": "Feature", "geometry": {"type": "Polygon", "coordinates": [[[50.09490403903519, 26.14229335468681], [50.09490403903519, 26.14453913262429], [50.09273598105966, 26.14566202159303], [50.09056792308412, 26.14453913262429], [50.09056792308412, 26.14229335468681], [50.09273598105966, 26.141170465718073], [50.09490403903519, 26.14229335468681]]]}, "properties": {"congestion_score": 1.0, "congestion_level": "free_flow", "color": "rgb(43,200,43)", "road_pixel_count": 1141}}, {"type": "Feature", "geometry": {"type": "Polygon", "coordinates": [[[50.10357627093734, 26.14229335468681], [50.10357627093734, 26.14453913262429], [50.10140821296181, 26.14566202159303], [50.09924015498627, 26.14453913262429], [50.09924015498627, 26.14229335468681], [50.10140821296181, 26.141170465718073], [50.10357627093734, 26.14229335468681]]]}, "properties": {"congestion_score": 0.999, "congestion_level": "free_flow", "color": "rgb(43,200,43)", "road_pixel_count": 1007}}, {"type": "Feature", "geometry": {"type": "Polygon", "coordinates": [[[50.107912386888415, 26.14229335468681], [50.107912386888415, 26.14453913262429], [50.10574432891288, 26.14566202159303], [50.10357627093734, 26.14453913262429], [50.10357627093734, 26.14229335468681], [50.10574432891288, 26.141170465718073], [50.107912386888415, 26.14229335468681]]]}, "properties": {"congestion_score": 0.998, "congestion_level": "free_flow", "color": "rgb(43,200,43)", "road_pixel_count": 409}}, {"type": "Feature", "geometry": {"type": "Polygon", "coordinates": [[[50.13826519854592, 26.14229335468681], [50.13826519854592, 26.14453913262429], [50.13609714057039, 26.14566202159303], [50.133929082594854, 26.14453913262429], [50.133929082594854, 26.14229335468681], [50.13609714057039, 26.141170465718073], [50.13826519854592, 26.14229335468681]]]}, "properties": {"congestion_score": 1.0, "congestion_level": "free_flow", "color": "rgb(43,200,43)", "road_pixel_count": 719}}, {"type": "Feature", "geometry": {"type": "Polygon", "coordinates": [[[50.142601314497, 26.14229335468681], [50.142601314497, 26.14453913262429], [50.14043325652146, 26.14566202159303], [50.13826519854592, 26.14453913262429], [50.13826519854592, 26.14229335468681], [50.14043325652146, 26.141170465718073], [50.142601314497, 26.14229335468681]]]}, "properties": {"congestion_score": 0.978, "congestion_level": "free_flow", "color": "rgb(43,200,43)", "road_pixel_count": 266}}, {"type": "Feature", "geometry": {"type": "Polygon", "coordinates": [[[50.14693743044807, 26.14229335468681], [50.14693743044807, 26.14453913262429], [50.14476937247254, 26.14566202159303], [50.142601314497, 26.14453913262429], [50.142601314497, 26.14229335468681], [50.14476937247254, 26.141170465718073], [50.14693743044807, 26.14229335468681]]]}, "properties": {"congestion_score": 0.983, "congestion_level": "free_flow", "color": "rgb(43,200,43)", "road_pixel_count": 119}}, {"type": "Feature", "geometry": {"type": "Polygon", "coordinates": [[[50.15994577830129, 26.14229335468681], [50.15994577830129, 26.14453913262429], [50.157777720325754, 26.14566202159303], [50.155609662350216, 26.14453913262429], [50.155609662350216, 26.14229335468681], [50.157777720325754, 26.141170465718073], [50.15994577830129, 26.14229335468681]]]}, "properties": {"congestion_score": 1.0, "congestion_level": "free_flow", "color": "rgb(43,200,43)", "road_pixel_count": 554}}, {"type": "Feature", "geometry": {"type": "Polygon", "coordinates": [[[50.16428189425236, 26.14229335468681], [50.16428189425236, 26.14453913262429], [50.16211383627683, 26.14566202159303], [50.15994577830129, 26.14453913262429], [50.15994577830129, 26.14229335468681], [50.16211383627683, 26.141170465718073], [50.16428189425236, 26.14229335468681]]]}, "properties": {"congestion_score": 1.0, "congestion_level": "free_flow", "color": "rgb(43,200,43)", "road_pixel_count": 1389}}, {"type": "Feature", "geometry": {"type": "Polygon", "coordinates": [[[50.07539151725537, 26.14566202159303], [50.07539151725537, 26.147907799530504], [50.07322345927983, 26.149030688499245], [50.07105540130429, 26.147907799530504], [50.07105540130429, 26.14566202159303], [50.07322345927983, 26.14453913262429], [50.07539151725537, 26.14566202159303]]]}, "properties": {"congestion_score": 1.0, "congestion_level": "free_flow", "color": "rgb(43,200,43)", "road_pixel_count": 313}}, {"type": "Feature", "geometry": {"type": "Polygon", "coordinates": [[[50.07972763320644, 26.14566202159303], [50.07972763320644, 26.147907799530504], [50.0775595752309, 26.149030688499245], [50.07539151725537, 26.147907799530504], [50.07539151725537, 26.14566202159303], [50.0775595752309, 26.14453913262429], [50.07972763320644, 26.14566202159303]]]}, "properties": {"congestion_score": 1.0, "congestion_level": "free_flow", "color": "rgb(43,200,43)", "road_pixel_count": 893}}, {"type": "Feature", "geometry": {"type": "Polygon", "coordinates": [[[50.09273598105966, 26.14566202159303], [50.09273598105966, 26.147907799530504], [50.09056792308412, 26.149030688499245], [50.088399865108585, 26.147907799530504], [50.088399865108585, 26.14566202159303], [50.09056792308412, 26.14453913262429], [50.09273598105966, 26.14566202159303]]]}, "properties": {"congestion_score": 1.0, "congestion_level": "free_flow", "color": "rgb(43,200,43)", "road_pixel_count": 1155}}, {"type": "Feature", "geometry": {"type": "Polygon", "coordinates": [[[50.09707209701073, 26.14566202159303], [50.09707209701073, 26.147907799530504], [50.09490403903519, 26.149030688499245], [50.09273598105966, 26.147907799530504], [50.09273598105966, 26.14566202159303], [50.09490403903519, 26.14453913262429], [50.09707209701073, 26.14566202159303]]]}, "properties": {"congestion_score": 1.0, "congestion_level": "free_flow", "color": "rgb(43,200,43)", "road_pixel_count": 1127}}, {"type": "Feature", "geometry": {"type": "Polygon", "coordinates": [[[50.10574432891288, 26.14566202159303], [50.10574432891288, 26.147907799530504], [50.10357627093734, 26.149030688499245], [50.10140821296181, 26.147907799530504], [50.10140821296181, 26.14566202159303], [50.10357627093734, 26.14453913262429], [50.10574432891288, 26.14566202159303]]]}, "properties": {"congestion_score": 0.998, "congestion_level": "free_flow", "color": "rgb(43,200,43)", "road_pixel_count": 1235}}, {"type": "Feature", "geometry": {"type": "Polygon", "coordinates": [[[50.110080444863954, 26.14566202159303], [50.110080444863954, 26.147907799530504], [50.107912386888415, 26.149030688499245], [50.10574432891288, 26.147907799530504], [50.10574432891288, 26.14566202159303], [50.107912386888415, 26.14453913262429], [50.110080444863954, 26.14566202159303]]]}, "properties": {"congestion_score": 1.0, "congestion_level": "free_flow", "color": "rgb(43,200,43)", "road_pixel_count": 195}}, {"type": "Feature", "geometry": {"type": "Polygon", "coordinates": [[[50.14043325652146, 26.14566202159303], [50.14043325652146, 26.147907799530504], [50.13826519854592, 26.149030688499245], [50.13609714057039, 26.147907799530504], [50.13609714057039, 26.14566202159303], [50.13826519854592, 26.14453913262429], [50.14043325652146, 26.14566202159303]]]}, "properties": {"congestion_score": 1.0, "congestion_level": "free_flow", "color": "rgb(43,200,43)", "road_pixel_count": 477}}, {"type": "Feature", "geometry": {"type": "Polygon", "coordinates": [[[50.14476937247254, 26.14566202159303], [50.14476937247254, 26.147907799530504], [50.142601314497, 26.149030688499245], [50.14043325652146, 26.147907799530504], [50.14043325652146, 26.14566202159303], [50.142601314497, 26.14453913262429], [50.14476937247254, 26.14566202159303]]]}, "properties": {"congestion_score": 0.98, "congestion_level": "free_flow", "color": "rgb(43,200,43)", "road_pixel_count": 561}}, {"type": "Feature", "geometry": {"type": "Polygon", "coordinates": [[[50.14910548842361, 26.14566202159303], [50.14910548842361, 26.147907799530504], [50.14693743044807, 26.149030688499245], [50.14476937247254, 26.147907799530504], [50.14476937247254, 26.14566202159303], [50.14693743044807, 26.14453913262429], [50.14910548842361, 26.14566202159303]]]}, "properties": {"congestion_score": 1.0, "congestion_level": "free_flow", "color": "rgb(43,200,43)", "road_pixel_count": 222}}, {"type": "Feature", "geometry": {"type": "Polygon", "coordinates": [[[50.153441604374684, 26.14566202159303], [50.153441604374684, 26.147907799530504], [50.151273546399146, 26.149030688499245], [50.14910548842361, 26.147907799530504], [50.14910548842361, 26.14566202159303], [50.151273546399146, 26.14453913262429], [50.153441604374684, 26.14566202159303]]]}, "properties": {"congestion_score": 1.0, "congestion_level": "free_flow", "color": "rgb(43,200,43)", "road_pixel_count": 459}}, {"type": "Feature", "geometry": {"type": "Polygon", "coordinates": [[[50.157777720325754, 26.14566202159303], [50.157777720325754, 26.147907799530504], [50.155609662350216, 26.149030688499245], [50.153441604374684, 26.147907799530504], [50.153441604374684, 26.14566202159303], [50.155609662350216, 26.14453913262429], [50.157777720325754, 26.14566202159303]]]}, "properties": {"congestion_score": 0.996, "congestion_level": "free_flow", "color": "rgb(43,200,43)", "road_pixel_count": 684}}, {"type": "Feature", "geometry": {"type": "Polygon", "coordinates": [[[50.16211383627683, 26.14566202159303], [50.16211383627683, 26.147907799530504], [50.15994577830129, 26.149030688499245], [50.157777720325754, 26.147907799530504], [50.157777720325754, 26.14566202159303], [50.15994577830129, 26.14453913262429], [50.16211383627683, 26.14566202159303]]]}, "properties": {"congestion_score": 0.987, "congestion_level": "free_flow", "color": "rgb(43,200,43)", "road_pixel_count": 1444}}, {"type": "Feature", "geometry": {"type": "Polygon", "coordinates": [[[50.1664499522279, 26.14566202159303], [50.1664499522279, 26.147907799530504], [50.16428189425236, 26.149030688499245], [50.16211383627683, 26.147907799530504], [50.16211383627683, 26.14566202159303], [50.16428189425236, 26.14453913262429], [50.1664499522279, 26.14566202159303]]]}, "properties": {"congestion_score": 1.0, "congestion_level": "free_flow", "color": "rgb(43,200,43)", "road_pixel_count": 416}}, {"type": "Feature", "geometry": {"type": "Polygon", "coordinates": [[[50.07322345927983, 26.149030688499245], [50.07322345927983, 26.151276466436723], [50.07105540130429, 26.15239935540546], [50.068887343328754, 26.151276466436723], [50.068887343328754, 26.149030688499245], [50.07105540130429, 26.147907799530504], [50.07322345927983, 26.149030688499245]]]}, "properties": {"congestion_score": 1.0, "congestion_level": "free_flow", "color": "rgb(43,200,43)", "road_pixel_count": 21}}, {"type": "Feature", "geometry": {"type": "Polygon", "coordinates": [[[50.0775595752309, 26.149030688499245], [50.0775595752309, 26.151276466436723], [50.07539151725537, 26.15239935540546], [50.07322345927983, 26.151276466436723], [50.07322345927983, 26.149030688499245], [50.07539151725537, 26.147907799530504], [50.0775595752309, 26.149030688499245]]]}, "properties": {"congestion_score": 1.0, "congestion_level": "free_flow", "color": "rgb(43,200,43)", "road_pixel_count": 1407}}, {"type": "Feature", "geometry": {"type": "Polygon", "coordinates": [[[50.09490403903519, 26.149030688499245], [50.09490403903519, 26.151276466436723], [50.09273598105966, 26.15239935540546], [50.09056792308412, 26.151276466436723], [50.09056792308412, 26.149030688499245], [50.09273598105966, 26.147907799530504], [50.09490403903519, 26.149030688499245]]]}, "properties": {"congestion_score": 1.0, "congestion_level": "free_flow", "color": "rgb(43,200,43)", "road_pixel_count": 1350}}, {"type": "Feature", "geometry": {"type": "Polygon", "coordinates": [[[50.09924015498627, 26.149030688499245], [50.09924015498627, 26.151276466436723], [50.09707209701073, 26.15239935540546], [50.09490403903519, 26.151276466436723], [50.09490403903519, 26.149030688499245], [50.09707209701073, 26.147907799530504], [50.09924015498627, 26.149030688499245]]]}, "properties": {"congestion_score": 1.0, "congestion_level": "free_flow", "color": "rgb(43,200,43)", "road_pixel_count": 1629}}, {"type": "Feature", "geometry": {"type": "Polygon", "coordinates": [[[50.10357627093734, 26.149030688499245], [50.10357627093734, 26.151276466436723], [50.10140821296181, 26.15239935540546], [50.09924015498627, 26.151276466436723], [50.09924015498627, 26.149030688499245], [50.10140821296181, 26.147907799530504], [50.10357627093734, 26.149030688499245]]]}, "properties": {"congestion_score": 1.0, "congestion_level": "free_flow", "color": "rgb(43,200,43)", "road_pixel_count": 1204}}, {"type": "Feature", "geometry": {"type": "Polygon", "coordinates": [[[50.107912386888415, 26.149030688499245], [50.107912386888415, 26.151276466436723], [50.10574432891288, 26.15239935540546], [50.10357627093734, 26.151276466436723], [50.10357627093734, 26.149030688499245], [50.10574432891288, 26.147907799530504], [50.107912386888415, 26.149030688499245]]]}, "properties": {"congestion_score": 1.0, "congestion_level": "free_flow", "color": "rgb(43,200,43)", "road_pixel_count": 2089}}, {"type": "Feature", "geometry": {"type": "Polygon", "coordinates": [[[50.112248502839485, 26.149030688499245], [50.112248502839485, 26.151276466436723], [50.110080444863954, 26.15239935540546], [50.107912386888415, 26.151276466436723], [50.107912386888415, 26.149030688499245], [50.110080444863954, 26.147907799530504], [50.112248502839485, 26.149030688499245]]]}, "properties": {"congestion_score": 0.986, "congestion_level": "free_flow", "color": "rgb(43,200,43)", "road_pixel_count": 73}}, {"type": "Feature", "geometry": {"type": "Polygon", "coordinates": [[[50.13826519854592, 26.149030688499245], [50.13826519854592, 26.151276466436723], [50.13609714057039, 26.15239935540546], [50.133929082594854, 26.151276466436723], [50.133929082594854, 26.149030688499245], [50.13609714057039, 26.147907799530504], [50.13826519854592, 26.149030688499245]]]}, "properties": {"congestion_score": 1.0, "congestion_level": "free_flow", "color": "rgb(43,200,43)", "road_pixel_count": 676}}, {"type": "Feature", "geometry": {"type": "Polygon", "coordinates": [[[50.142601314497, 26.149030688499245], [50.142601314497, 26.151276466436723], [50.14043325652146, 26.15239935540546], [50.13826519854592, 26.151276466436723], [50.13826519854592, 26.149030688499245], [50.14043325652146, 26.147907799530504], [50.142601314497, 26.149030688499245]]]}, "properties": {"congestion_score": 0.996, "congestion_level": "free_flow", "color": "rgb(43,200,43)", "road_pixel_count": 554}}, {"type": "Feature", "geometry": {"type": "Polygon", "coordinates": [[[50.14693743044807, 26.149030688499245], [50.14693743044807, 26.151276466436723], [50.14476937247254, 26.15239935540546], [50.142601314497, 26.151276466436723], [50.142601314497, 26.149030688499245], [50.14476937247254, 26.147907799530504], [50.14693743044807, 26.149030688499245]]]}, "properties": {"congestion_score": 0.997, "congestion_level": "free_flow", "color": "rgb(43,200,43)", "road_pixel_count": 879}}, {"type": "Feature", "geometry": {"type": "Polygon", "coordinates": [[[50.151273546399146, 26.149030688499245], [50.151273546399146, 26.151276466436723], [50.14910548842361, 26.15239935540546], [50.14693743044807, 26.151276466436723], [50.14693743044807, 26.149030688499245], [50.14910548842361, 26.147907799530504], [50.151273546399146, 26.149030688499245]]]}, "properties": {"congestion_score": 1.0, "congestion_level": "free_flow", "color": "rgb(43,200,43)", "road_pixel_count": 238}}, {"type": "Feature", "geometry": {"type": "Polygon", "coordinates": [[[50.155609662350216, 26.149030688499245], [50.155609662350216, 26.151276466436723], [50.153441604374684, 26.15239935540546], [50.151273546399146, 26.151276466436723], [50.151273546399146, 26.149030688499245], [50.153441604374684, 26.147907799530504], [50.155609662350216, 26.149030688499245]]]}, "properties": {"congestion_score": 1.0, "congestion_level": "free_flow", "color": "rgb(43,200,43)", "road_pixel_count": 53}}, {"type": "Feature", "geometry": {"type": "Polygon", "coordinates": [[[50.15994577830129, 26.149030688499245], [50.15994577830129, 26.151276466436723], [50.157777720325754, 26.15239935540546], [50.155609662350216, 26.151276466436723], [50.155609662350216, 26.149030688499245], [50.157777720325754, 26.147907799530504], [50.15994577830129, 26.149030688499245]]]}, "properties": {"congestion_score": 0.989, "congestion_level": "free_flow", "color": "rgb(43,200,43)", "road_pixel_count": 897}}, {"type": "Feature", "geometry": {"type": "Polygon", "coordinates": [[[50.16428189425236, 26.149030688499245], [50.16428189425236, 26.151276466436723], [50.16211383627683, 26.15239935540546], [50.15994577830129, 26.151276466436723], [50.15994577830129, 26.149030688499245], [50.16211383627683, 26.147907799530504], [50.16428189425236, 26.149030688499245]]]}, "properties": {"congestion_score": 1.0, "congestion_level": "free_flow", "color": "rgb(43,200,43)", "road_pixel_count": 1833}}, {"type": "Feature", "geometry": {"type": "Polygon", "coordinates": [[[50.07539151725537, 26.15239935540546], [50.07539151725537, 26.15464513334294], [50.07322345927983, 26.155768022311676], [50.07105540130429, 26.15464513334294], [50.07105540130429, 26.15239935540546], [50.07322345927983, 26.151276466436723], [50.07539151725537, 26.15239935540546]]]}, "properties": {"congestion_score": 1.0, "congestion_level": "free_flow", "color": "rgb(43,200,43)", "road_pixel_count": 1490}}, {"type": "Feature", "geometry": {"type": "Polygon", "coordinates": [[[50.09707209701073, 26.15239935540546], [50.09707209701073, 26.15464513334294], [50.09490403903519, 26.155768022311676], [50.09273598105966, 26.15464513334294], [50.09273598105966, 26.15239935540546], [50.09490403903519, 26.151276466436723], [50.09707209701073, 26.15239935540546]]]}, "properties": {"congestion_score": 1.0, "congestion_level": "free_flow", "color": "rgb(43,200,43)", "road_pixel_count": 305}}, {"type": "Feature", "geometry": {"type": "Polygon", "coordinates": [[[50.110080444863954, 26.15239935540546], [50.110080444863954, 26.15464513334294], [50.107912386888415, 26.155768022311676], [50.10574432891288, 26.15464513334294], [50.10574432891288, 26.15239935540546], [50.107912386888415, 26.151276466436723], [50.110080444863954, 26.15239935540546]]]}, "properties": {"congestion_score": 0.992, "congestion_level": "free_flow", "color": "rgb(43,200,43)", "road_pixel_count": 1514}}, {"type": "Feature", "geometry": {"type": "Polygon", "coordinates": [[[50.11441656081502, 26.15239935540546], [50.11441656081502, 26.15464513334294], [50.112248502839485, 26.155768022311676], [50.110080444863954, 26.15464513334294], [50.110080444863954, 26.15239935540546], [50.112248502839485, 26.151276466436723], [50.11441656081502, 26.15239935540546]]]}, "properties": {"congestion_score": 0.779, "congestion_level": "light_congestion", "color": "rgb(255,255,55)", "road_pixel_count": 9}}, {"type": "Feature", "geometry": {"type": "Polygon", "coordinates": [[[50.12308879271717, 26.15239935540546], [50.12308879271717, 26.15464513334294], [50.12092073474163, 26.155768022311676], [50.1187526767661, 26.15464513334294], [50.1187526767661, 26.15239935540546], [50.12092073474163, 26.151276466436723], [50.12308879271717, 26.15239935540546]]]}, "properties": {"congestion_score": 1.0, "congestion_level": "free_flow", "color": "rgb(43,200,43)", "road_pixel_count": 451}}, {"type": "Feature", "geometry": {"type": "Polygon", "coordinates": [[[50.13609714057039, 26.15239935540546], [50.13609714057039, 26.15464513334294], [50.133929082594854, 26.155768022311676], [50.131761024619315, 26.15464513334294], [50.131761024619315, 26.15239935540546], [50.133929082594854, 26.151276466436723], [50.13609714057039, 26.15239935540546]]]}, "properties": {"congestion_score": 1.0, "congestion_level": "free_flow", "color": "rgb(43,200,43)", "road_pixel_count": 273}}, {"type": "Feature", "geometry": {"type": "Polygon", "coordinates": [[[50.14043325652146, 26.15239935540546], [50.14043325652146, 26.15464513334294], [50.13826519854592, 26.155768022311676], [50.13609714057039, 26.15464513334294], [50.13609714057039, 26.15239935540546], [50.13826519854592, 26.151276466436723], [50.14043325652146, 26.15239935540546]]]}, "properties": {"congestion_score": 1.0, "congestion_level": "free_flow", "color": "rgb(43,200,43)", "road_pixel_count": 1209}}, {"type": "Feature", "geometry": {"type": "Polygon", "coordinates": [[[50.14476937247254, 26.15239935540546], [50.14476937247254, 26.15464513334294], [50.142601314497, 26.155768022311676], [50.14043325652146, 26.15464513334294], [50.14043325652146, 26.15239935540546], [50.142601314497, 26.151276466436723], [50.14476937247254, 26.15239935540546]]]}, "properties": {"congestion_score": 1.0, "congestion_level": "free_flow", "color": "rgb(43,200,43)", "road_pixel_count": 1101}}, {"type": "Feature", "geometry": {"type": "Polygon", "coordinates": [[[50.14910548842361, 26.15239935540546], [50.14910548842361, 26.15464513334294], [50.14693743044807, 26.155768022311676], [50.14476937247254, 26.15464513334294], [50.14476937247254, 26.15239935540546], [50.14693743044807, 26.151276466436723], [50.14910548842361, 26.15239935540546]]]}, "properties": {"congestion_score": 1.0, "congestion_level": "free_flow", "color": "rgb(43,200,43)", "road_pixel_count": 1471}}, {"type": "Feature", "geometry": {"type": "Polygon", "coordinates": [[[50.153441604374684, 26.15239935540546], [50.153441604374684, 26.15464513334294], [50.151273546399146, 26.155768022311676], [50.14910548842361, 26.15464513334294], [50.14910548842361, 26.15239935540546], [50.151273546399146, 26.151276466436723], [50.153441604374684, 26.15239935540546]]]}, "properties": {"congestion_score": 1.0, "congestion_level": "free_flow", "color": "rgb(43,200,43)", "road_pixel_count": 1452}}, {"type": "Feature", "geometry": {"type": "Polygon", "coordinates": [[[50.157777720325754, 26.15239935540546], [50.157777720325754, 26.15464513334294], [50.155609662350216, 26.155768022311676], [50.153441604374684, 26.15464513334294], [50.153441604374684, 26.15239935540546], [50.155609662350216, 26.151276466436723], [50.157777720325754, 26.15239935540546]]]}, "properties": {"congestion_score": 1.0, "congestion_level": "free_flow", "color": "rgb(43,200,43)", "road_pixel_count": 1046}}, {"type": "Feature", "geometry": {"type": "Polygon", "coordinates": [[[50.16211383627683, 26.15239935540546], [50.16211383627683, 26.15464513334294], [50.15994577830129, 26.155768022311676], [50.157777720325754, 26.15464513334294], [50.157777720325754, 26.15239935540546], [50.15994577830129, 26.151276466436723], [50.16211383627683, 26.15239935540546]]]}, "properties": {"congestion_score": 1.0, "congestion_level": "free_flow", "color": "rgb(43,200,43)", "road_pixel_count": 1034}}, {"type": "Feature", "geometry": {"type": "Polygon", "coordinates": [[[50.1664499522279, 26.15239935540546], [50.1664499522279, 26.15464513334294], [50.16428189425236, 26.155768022311676], [50.16211383627683, 26.15464513334294], [50.16211383627683, 26.15239935540546], [50.16428189425236, 26.151276466436723], [50.1664499522279, 26.15239935540546]]]}, "properties": {"congestion_score": 1.0, "congestion_level": "free_flow", "color": "rgb(43,200,43)", "road_pixel_count": 602}}, {"type": "Feature", "geometry": {"type": "Polygon", "coordinates": [[[50.07322345927983, 26.155768022311676], [50.07322345927983, 26.158013800249154], [50.07105540130429, 26.159136689217892], [50.068887343328754, 26.158013800249154], [50.068887343328754, 26.155768022311676], [50.07105540130429, 26.15464513334294], [50.07322345927983, 26.155768022311676]]]}, "properties": {"congestion_score": 1.0, "congestion_level": "free_flow", "color": "rgb(43,200,43)", "road_pixel_count": 1457}}, {"type": "Feature", "geometry": {"type": "Polygon", "coordinates": [[[50.112248502839485, 26.155768022311676], [50.112248502839485, 26.158013800249154], [50.110080444863954, 26.159136689217892], [50.107912386888415, 26.158013800249154], [50.107912386888415, 26.155768022311676], [50.110080444863954, 26.15464513334294], [50.112248502839485, 26.155768022311676]]]}, "properties": {"congestion_score": 0.914, "congestion_level": "light_congestion", "color": "rgb(255,255,55)", "road_pixel_count": 1407}}, {"type": "Feature", "geometry": {"type": "Polygon", "coordinates": [[[50.11658461879056, 26.155768022311676], [50.11658461879056, 26.158013800249154], [50.11441656081502, 26.159136689217892], [50.112248502839485, 26.158013800249154], [50.112248502839485, 26.155768022311676], [50.11441656081502, 26.15464513334294], [50.11658461879056, 26.155768022311676]]]}, "properties": {"congestion_score": 0.987, "congestion_level": "free_flow", "color": "rgb(43,200,43)", "road_pixel_count": 464}}, {"type": "Feature", "geometry": {"type": "Polygon", "coordinates": [[[50.12092073474163, 26.155768022311676], [50.12092073474163, 26.158013800249154], [50.1187526767661, 26.159136689217892], [50.11658461879056, 26.158013800249154], [50.11658461879056, 26.155768022311676], [50.1187526767661, 26.15464513334294], [50.12092073474163, 26.155768022311676]]]}, "properties": {"congestion_score": 0.986, "congestion_level": "free_flow", "color": "rgb(43,200,43)", "road_pixel_count": 952}}, {"type": "Feature", "geometry": {"type": "Polygon", "coordinates": [[[50.12525685069271, 26.155768022311676], [50.12525685069271, 26.158013800249154], [50.12308879271717, 26.159136689217892], [50.12092073474163, 26.158013800249154], [50.12092073474163, 26.155768022311676], [50.12308879271717, 26.15464513334294], [50.12525685069271, 26.155768022311676]]]}, "properties": {"congestion_score": 1.0, "congestion_level": "free_flow", "color": "rgb(43,200,43)", "road_pixel_count": 1424}}, {"type": "Feature", "geometry": {"type": "Polygon", "coordinates": [[[50.12959296664378, 26.155768022311676], [50.12959296664378, 26.158013800249154], [50.127424908668246, 26.159136689217892], [50.12525685069271, 26.158013800249154], [50.12525685069271, 26.155768022311676], [50.127424908668246, 26.15464513334294], [50.12959296664378, 26.155768022311676]]]}, "properties": {"congestion_score": 1.0, "congestion_level": "free_flow", "color": "rgb(43,200,43)", "road_pixel_count": 1239}}, {"type": "Feature", "geometry": {"type": "Polygon", "coordinates": [[[50.133929082594854, 26.155768022311676], [50.133929082594854, 26.158013800249154], [50.131761024619315, 26.159136689217892], [50.12959296664378, 26.158013800249154], [50.12959296664378, 26.155768022311676], [50.131761024619315, 26.15464513334294], [50.133929082594854, 26.155768022311676]]]}, "properties": {"congestion_score": 1.0, "congestion_level": "free_flow", "color": "rgb(43,200,43)", "road_pixel_count": 1528}}, {"type": "Feature", "geometry": {"type": "Polygon", "coordinates": [[[50.13826519854592, 26.155768022311676], [50.13826519854592, 26.158013800249154], [50.13609714057039, 26.159136689217892], [50.133929082594854, 26.158013800249154], [50.133929082594854, 26.155768022311676], [50.13609714057039, 26.15464513334294], [50.13826519854592, 26.155768022311676]]]}, "properties": {"congestion_score": 1.0, "congestion_level": "free_flow", "color": "rgb(43,200,43)", "road_pixel_count": 771}}, {"type": "Feature", "geometry": {"type": "Polygon", "coordinates": [[[50.142601314497, 26.155768022311676], [50.142601314497, 26.158013800249154], [50.14043325652146, 26.159136689217892], [50.13826519854592, 26.158013800249154], [50.13826519854592, 26.155768022311676], [50.14043325652146, 26.15464513334294], [50.142601314497, 26.155768022311676]]]}, "properties": {"congestion_score": 1.0, "congestion_level": "free_flow", "color": "rgb(43,200,43)", "road_pixel_count": 321}}, {"type": "Feature", "geometry": {"type": "Polygon", "coordinates": [[[50.14693743044807, 26.155768022311676], [50.14693743044807, 26.158013800249154], [50.14476937247254, 26.159136689217892], [50.142601314497, 26.158013800249154], [50.142601314497, 26.155768022311676], [50.14476937247254, 26.15464513334294], [50.14693743044807, 26.155768022311676]]]}, "properties": {"congestion_score": 1.0, "congestion_level": "free_flow", "color": "rgb(43,200,43)", "road_pixel_count": 12}}, {"type": "Feature", "geometry": {"type": "Polygon", "coordinates": [[[50.151273546399146, 26.155768022311676], [50.151273546399146, 26.158013800249154], [50.14910548842361, 26.159136689217892], [50.14693743044807, 26.158013800249154], [50.14693743044807, 26.155768022311676], [50.14910548842361, 26.15464513334294], [50.151273546399146, 26.155768022311676]]]}, "properties": {"congestion_score": 1.0, "congestion_level": "free_flow", "color": "rgb(43,200,43)", "road_pixel_count": 689}}, {"type": "Feature", "geometry": {"type": "Polygon", "coordinates": [[[50.16428189425236, 26.155768022311676], [50.16428189425236, 26.158013800249154], [50.16211383627683, 26.159136689217892], [50.15994577830129, 26.158013800249154], [50.15994577830129, 26.155768022311676], [50.16211383627683, 26.15464513334294], [50.16428189425236, 26.155768022311676]]]}, "properties": {"congestion_score": 0.976, "congestion_level": "free_flow", "color": "rgb(43,200,43)", "road_pixel_count": 1692}}, {"type": "Feature", "geometry": {"type": "Polygon", "coordinates": [[[50.07105540130429, 26.159136689217892], [50.07105540130429, 26.16138246715537], [50.068887343328754, 26.162505356124107], [50.06671928535322, 26.16138246715537], [50.06671928535322, 26.159136689217892], [50.068887343328754, 26.158013800249154], [50.07105540130429, 26.159136689217892]]]}, "properties": {"congestion_score": 1.0, "congestion_level": "free_flow", "color": "rgb(43,200,43)", "road_pixel_count": 519}}, {"type": "Feature", "geometry": {"type": "Polygon", "coordinates": [[[50.07539151725537, 26.159136689217892], [50.07539151725537, 26.16138246715537], [50.07322345927983, 26.162505356124107], [50.07105540130429, 26.16138246715537], [50.07105540130429, 26.159136689217892], [50.07322345927983, 26.158013800249154], [50.07539151725537, 26.159136689217892]]]}, "properties": {"congestion_score": 1.0, "congestion_level": "free_flow", "color": "rgb(43,200,43)", "road_pixel_count": 1480}}, {"type": "Feature", "geometry": {"type": "Polygon", "coordinates": [[[50.07972763320644, 26.159136689217892], [50.07972763320644, 26.16138246715537], [50.0775595752309, 26.162505356124107], [50.07539151725537, 26.16138246715537], [50.07539151725537, 26.159136689217892], [50.0775595752309, 26.158013800249154], [50.07972763320644, 26.159136689217892]]]}, "properties": {"congestion_score": 1.0, "congestion_level": "free_flow", "color": "rgb(43,200,43)", "road_pixel_count": 1189}}, {"type": "Feature", "geometry": {"type": "Polygon", "coordinates": [[[50.084063749157515, 26.159136689217892], [50.084063749157515, 26.16138246715537], [50.08189569118198, 26.162505356124107], [50.07972763320644, 26.16138246715537], [50.07972763320644, 26.159136689217892], [50.08189569118198, 26.158013800249154], [50.084063749157515, 26.159136689217892]]]}, "properties": {"congestion_score": 1.0, "congestion_level": "free_flow", "color": "rgb(43,200,43)", "road_pixel_count": 1211}}, {"type": "Feature", "geometry": {"type": "Polygon", "coordinates": [[[50.088399865108585, 26.159136689217892], [50.088399865108585, 26.16138246715537], [50.086231807133046, 26.162505356124107], [50.084063749157515, 26.16138246715537], [50.084063749157515, 26.159136689217892], [50.086231807133046, 26.158013800249154], [50.088399865108585, 26.159136689217892]]]}, "properties": {"congestion_score": 1.0, "congestion_level": "free_flow", "color": "rgb(43,200,43)", "road_pixel_count": 1210}}, {"type": "Feature", "geometry": {"type": "Polygon", "coordinates": [[[50.09273598105966, 26.159136689217892], [50.09273598105966, 26.16138246715537], [50.09056792308412, 26.162505356124107], [50.088399865108585, 26.16138246715537], [50.088399865108585, 26.159136689217892], [50.09056792308412, 26.158013800249154], [50.09273598105966, 26.159136689217892]]]}, "properties": {"congestion_score": 1.0, "congestion_level": "free_flow", "color": "rgb(43,200,43)", "road_pixel_count": 1169}}, {"type": "Feature", "geometry": {"type": "Polygon", "coordinates": [[[50.09707209701073, 26.159136689217892], [50.09707209701073, 26.16138246715537], [50.09490403903519, 26.162505356124107], [50.09273598105966, 26.16138246715537], [50.09273598105966, 26.159136689217892], [50.09490403903519, 26.158013800249154], [50.09707209701073, 26.159136689217892]]]}, "properties": {"congestion_score": 1.0, "congestion_level": "free_flow", "color": "rgb(43,200,43)", "road_pixel_count": 1095}}, {"type": "Feature", "geometry": {"type": "Polygon", "coordinates": [[[50.10140821296181, 26.159136689217892], [50.10140821296181, 26.16138246715537], [50.09924015498627, 26.162505356124107], [50.09707209701073, 26.16138246715537], [50.09707209701073, 26.159136689217892], [50.09924015498627, 26.158013800249154], [50.10140821296181, 26.159136689217892]]]}, "properties": {"congestion_score": 1.0, "congestion_level": "free_flow", "color": "rgb(43,200,43)", "road_pixel_count": 1158}}, {"type": "Feature", "geometry": {"type": "Polygon", "coordinates": [[[50.10574432891288, 26.159136689217892], [50.10574432891288, 26.16138246715537], [50.10357627093734, 26.162505356124107], [50.10140821296181, 26.16138246715537], [50.10140821296181, 26.159136689217892], [50.10357627093734, 26.158013800249154], [50.10574432891288, 26.159136689217892]]]}, "properties": {"congestion_score": 1.0, "congestion_level": "free_flow", "color": "rgb(43,200,43)", "road_pixel_count": 1198}}, {"type": "Feature", "geometry": {"type": "Polygon", "coordinates": [[[50.110080444863954, 26.159136689217892], [50.110080444863954, 26.16138246715537], [50.107912386888415, 26.162505356124107], [50.10574432891288, 26.16138246715537], [50.10574432891288, 26.159136689217892], [50.107912386888415, 26.158013800249154], [50.110080444863954, 26.159136689217892]]]}, "properties": {"congestion_score": 1.0, "congestion_level": "free_flow", "color": "rgb(43,200,43)", "road_pixel_count": 1205}}, {"type": "Feature", "geometry": {"type": "Polygon", "coordinates": [[[50.11441656081502, 26.159136689217892], [50.11441656081502, 26.16138246715537], [50.112248502839485, 26.162505356124107], [50.110080444863954, 26.16138246715537], [50.110080444863954, 26.159136689217892], [50.112248502839485, 26.158013800249154], [50.11441656081502, 26.159136689217892]]]}, "properties": {"congestion_score": 0.957, "congestion_level": "free_flow", "color": "rgb(43,200,43)", "road_pixel_count": 1867}}, {"type": "Feature", "geometry": {"type": "Polygon", "coordinates": [[[50.1187526767661, 26.159136689217892], [50.1187526767661, 26.16138246715537], [50.11658461879056, 26.162505356124107], [50.11441656081502, 26.16138246715537], [50.11441656081502, 26.159136689217892], [50.11658461879056, 26.158013800249154], [50.1187526767661, 26.159136689217892]]]}, "properties": {"congestion_score": 0.983, "congestion_level": "free_flow", "color": "rgb(43,200,43)", "road_pixel_count": 514}}, {"type": "Feature", "geometry": {"type": "Polygon", "coordinates": [[[50.12308879271717, 26.159136689217892], [50.12308879271717, 26.16138246715537], [50.12092073474163, 26.162505356124107], [50.1187526767661, 26.16138246715537], [50.1187526767661, 26.159136689217892], [50.12092073474163, 26.158013800249154], [50.12308879271717, 26.159136689217892]]]}, "properties": {"congestion_score": 1.0, "congestion_level": "free_flow", "color": "rgb(43,200,43)", "road_pixel_count": 122}}, {"type": "Feature", "geometry": {"type": "Polygon", "coordinates": [[[50.13609714057039, 26.159136689217892], [50.13609714057039, 26.16138246715537], [50.133929082594854, 26.162505356124107], [50.131761024619315, 26.16138246715537], [50.131761024619315, 26.159136689217892], [50.133929082594854, 26.158013800249154], [50.13609714057039, 26.159136689217892]]]}, "properties": {"congestion_score": 1.0, "congestion_level": "free_flow", "color": "rgb(43,200,43)", "road_pixel_count": 710}}, {"type": "Feature", "geometry": {"type": "Polygon", "coordinates": [[[50.153441604374684, 26.159136689217892], [50.153441604374684, 26.16138246715537], [50.151273546399146, 26.162505356124107], [50.14910548842361, 26.16138246715537], [50.14910548842361, 26.159136689217892], [50.151273546399146, 26.158013800249154], [50.153441604374684, 26.159136689217892]]]}, "properties": {"congestion_score": 1.0, "congestion_level": "free_flow", "color": "rgb(43,200,43)", "road_pixel_count": 802}}, {"type": "Feature", "geometry": {"type": "Polygon", "coordinates": [[[50.16211383627683, 26.159136689217892], [50.16211383627683, 26.16138246715537], [50.15994577830129, 26.162505356124107], [50.157777720325754, 26.16138246715537], [50.157777720325754, 26.159136689217892], [50.15994577830129, 26.158013800249154], [50.16211383627683, 26.159136689217892]]]}, "properties": {"congestion_score": 1.0, "congestion_level": "free_flow", "color": "rgb(43,200,43)", "road_pixel_count": 284}}, {"type": "Feature", "geometry": {"type": "Polygon", "coordinates": [[[50.1664499522279, 26.159136689217892], [50.1664499522279, 26.16138246715537], [50.16428189425236, 26.162505356124107], [50.16211383627683, 26.16138246715537], [50.16211383627683, 26.159136689217892], [50.16428189425236, 26.158013800249154], [50.1664499522279, 26.159136689217892]]]}, "properties": {"congestion_score": 1.0, "congestion_level": "free_flow", "color": "rgb(43,200,43)", "road_pixel_count": 822}}, {"type": "Feature", "geometry": {"type": "Polygon", "coordinates": [[[50.07322345927983, 26.162505356124107], [50.07322345927983, 26.164751134061586], [50.07105540130429, 26.165874023030327], [50.068887343328754, 26.164751134061586], [50.068887343328754, 26.162505356124107], [50.07105540130429, 26.16138246715537], [50.07322345927983, 26.162505356124107]]]}, "properties": {"congestion_score": 1.0, "congestion_level": "free_flow", "color": "rgb(43,200,43)", "road_pixel_count": 1517}}, {"type": "Feature", "geometry": {"type": "Polygon", "coordinates": [[[50.09490403903519, 26.162505356124107], [50.09490403903519, 26.164751134061586], [50.09273598105966, 26.165874023030327], [50.09056792308412, 26.164751134061586], [50.09056792308412, 26.162505356124107], [50.09273598105966, 26.16138246715537], [50.09490403903519, 26.162505356124107]]]}, "properties": {"congestion_score": 1.0, "congestion_level": "free_flow", "color": "rgb(43,200,43)", "road_pixel_count": 79}}, {"type": "Feature", "geometry": {"type": "Polygon", "coordinates": [[[50.09924015498627, 26.162505356124107], [50.09924015498627, 26.164751134061586], [50.09707209701073, 26.165874023030327], [50.09490403903519, 26.164751134061586], [50.09490403903519, 26.162505356124107], [50.09707209701073, 26.16138246715537], [50.09924015498627, 26.162505356124107]]]}, "properties": {"congestion_score": 1.0, "congestion_level": "free_flow", "color": "rgb(43,200,43)", "road_pixel_count": 73}}, {"type": "Feature", "geometry": {"type": "Polygon", "coordinates": [[[50.11658461879056, 26.162505356124107], [50.11658461879056, 26.164751134061586], [50.11441656081502, 26.165874023030327], [50.112248502839485, 26.164751134061586], [50.112248502839485, 26.162505356124107], [50.11441656081502, 26.16138246715537], [50.11658461879056, 26.162505356124107]]]}, "properties": {"congestion_score": 1.0, "congestion_level": "free_flow", "color": "rgb(43,200,43)", "road_pixel_count": 1023}}, {"type": "Feature", "geometry": {"type": "Polygon", "coordinates": [[[50.133929082594854, 26.162505356124107], [50.133929082594854, 26.164751134061586], [50.131761024619315, 26.165874023030327], [50.12959296664378, 26.164751134061586], [50.12959296664378, 26.162505356124107], [50.131761024619315, 26.16138246715537], [50.133929082594854, 26.162505356124107]]]}, "properties": {"congestion_score": 1.0, "congestion_level": "free_flow", "color": "rgb(43,200,43)", "road_pixel_count": 179}}, {"type": "Feature", "geometry": {"type": "Polygon", "coordinates": [[[50.13826519854592, 26.162505356124107], [50.13826519854592, 26.164751134061586], [50.13609714057039, 26.165874023030327], [50.133929082594854, 26.164751134061586], [50.133929082594854, 26.162505356124107], [50.13609714057039, 26.16138246715537], [50.13826519854592, 26.162505356124107]]]}, "properties": {"congestion_score": 1.0, "congestion_level": "free_flow", "color": "rgb(43,200,43)", "road_pixel_count": 789}}, {"type": "Feature", "geometry": {"type": "Polygon", "coordinates": [[[50.142601314497, 26.162505356124107], [50.142601314497, 26.164751134061586], [50.14043325652146, 26.165874023030327], [50.13826519854592, 26.164751134061586], [50.13826519854592, 26.162505356124107], [50.14043325652146, 26.16138246715537], [50.142601314497, 26.162505356124107]]]}, "properties": {"congestion_score": 1.0, "congestion_level": "free_flow", "color": "rgb(43,200,43)", "road_pixel_count": 565}}, {"type": "Feature", "geometry": {"type": "Polygon", "coordinates": [[[50.14693743044807, 26.162505356124107], [50.14693743044807, 26.164751134061586], [50.14476937247254, 26.165874023030327], [50.142601314497, 26.164751134061586], [50.142601314497, 26.162505356124107], [50.14476937247254, 26.16138246715537], [50.14693743044807, 26.162505356124107]]]}, "properties": {"congestion_score": 1.0, "congestion_level": "free_flow", "color": "rgb(43,200,43)", "road_pixel_count": 936}}, {"type": "Feature", "geometry": {"type": "Polygon", "coordinates": [[[50.151273546399146, 26.162505356124107], [50.151273546399146, 26.164751134061586], [50.14910548842361, 26.165874023030327], [50.14693743044807, 26.164751134061586], [50.14693743044807, 26.162505356124107], [50.14910548842361, 26.16138246715537], [50.151273546399146, 26.162505356124107]]]}, "properties": {"congestion_score": 1.0, "congestion_level": "free_flow", "color": "rgb(43,200,43)", "road_pixel_count": 613}}, {"type": "Feature", "geometry": {"type": "Polygon", "coordinates": [[[50.155609662350216, 26.162505356124107], [50.155609662350216, 26.164751134061586], [50.153441604374684, 26.165874023030327], [50.151273546399146, 26.164751134061586], [50.151273546399146, 26.162505356124107], [50.153441604374684, 26.16138246715537], [50.155609662350216, 26.162505356124107]]]}, "properties": {"congestion_score": 1.0, "congestion_level": "free_flow", "color": "rgb(43,200,43)", "road_pixel_count": 508}}, {"type": "Feature", "geometry": {"type": "Polygon", "coordinates": [[[50.15994577830129, 26.162505356124107], [50.15994577830129, 26.164751134061586], [50.157777720325754, 26.165874023030327], [50.155609662350216, 26.164751134061586], [50.155609662350216, 26.162505356124107], [50.157777720325754, 26.16138246715537], [50.15994577830129, 26.162505356124107]]]}, "properties": {"congestion_score": 1.0, "congestion_level": "free_flow", "color": "rgb(43,200,43)", "road_pixel_count": 489}}, {"type": "Feature", "geometry": {"type": "Polygon", "coordinates": [[[50.16428189425236, 26.162505356124107], [50.16428189425236, 26.164751134061586], [50.16211383627683, 26.165874023030327], [50.15994577830129, 26.164751134061586], [50.15994577830129, 26.162505356124107], [50.16211383627683, 26.16138246715537], [50.16428189425236, 26.162505356124107]]]}, "properties": {"congestion_score": 1.0, "congestion_level": "free_flow", "color": "rgb(43,200,43)", "road_pixel_count": 1790}}, {"type": "Feature", "geometry": {"type": "Polygon", "coordinates": [[[50.07105540130429, 26.165874023030327], [50.07105540130429, 26.1681198009678], [50.068887343328754, 26.169242689936542], [50.06671928535322, 26.1681198009678], [50.06671928535322, 26.165874023030327], [50.068887343328754, 26.164751134061586], [50.07105540130429, 26.165874023030327]]]}, "properties": {"congestion_score": 1.0, "congestion_level": "free_flow", "color": "rgb(43,200,43)", "road_pixel_count": 144}}, {"type": "Feature", "geometry": {"type": "Polygon", "coordinates": [[[50.07539151725537, 26.165874023030327], [50.07539151725537, 26.1681198009678], [50.07322345927983, 26.169242689936542], [50.07105540130429, 26.1681198009678], [50.07105540130429, 26.165874023030327], [50.07322345927983, 26.164751134061586], [50.07539151725537, 26.165874023030327]]]}, "properties": {"congestion_score": 1.0, "congestion_level": "free_flow", "color": "rgb(43,200,43)", "road_pixel_count": 996}}, {"type": "Feature", "geometry": {"type": "Polygon", "coordinates": [[[50.1187526767661, 26.165874023030327], [50.1187526767661, 26.1681198009678], [50.11658461879056, 26.169242689936542], [50.11441656081502, 26.1681198009678], [50.11441656081502, 26.165874023030327], [50.11658461879056, 26.164751134061586], [50.1187526767661, 26.165874023030327]]]}, "properties": {"congestion_score": 1.0, "congestion_level": "free_flow", "color": "rgb(43,200,43)", "road_pixel_count": 1053}}, {"type": "Feature", "geometry": {"type": "Polygon", "coordinates": [[[50.13609714057039, 26.165874023030327], [50.13609714057039, 26.1681198009678], [50.133929082594854, 26.169242689936542], [50.131761024619315, 26.1681198009678], [50.131761024619315, 26.165874023030327], [50.133929082594854, 26.164751134061586], [50.13609714057039, 26.165874023030327]]]}, "properties": {"congestion_score": 1.0, "congestion_level": "free_flow", "color": "rgb(43,200,43)", "road_pixel_count": 666}}, {"type": "Feature", "geometry": {"type": "Polygon", "coordinates": [[[50.14910548842361, 26.165874023030327], [50.14910548842361, 26.1681198009678], [50.14693743044807, 26.169242689936542], [50.14476937247254, 26.1681198009678], [50.14476937247254, 26.165874023030327], [50.14693743044807, 26.164751134061586], [50.14910548842361, 26.165874023030327]]]}, "properties": {"congestion_score": 1.0, "congestion_level": "free_flow", "color": "rgb(43,200,43)", "road_pixel_count": 1098}}, {"type": "Feature", "geometry": {"type": "Polygon", "coordinates": [[[50.153441604374684, 26.165874023030327], [50.153441604374684, 26.1681198009678], [50.151273546399146, 26.169242689936542], [50.14910548842361, 26.1681198009678], [50.14910548842361, 26.165874023030327], [50.151273546399146, 26.164751134061586], [50.153441604374684, 26.165874023030327]]]}, "properties": {"congestion_score": 1.0, "congestion_level": "free_flow", "color": "rgb(43,200,43)", "road_pixel_count": 831}}, {"type": "Feature", "geometry": {"type": "Polygon", "coordinates": [[[50.157777720325754, 26.165874023030327], [50.157777720325754, 26.1681198009678], [50.155609662350216, 26.169242689936542], [50.153441604374684, 26.1681198009678], [50.153441604374684, 26.165874023030327], [50.155609662350216, 26.164751134061586], [50.157777720325754, 26.165874023030327]]]}, "properties": {"congestion_score": 1.0, "congestion_level": "free_flow", "color": "rgb(43,200,43)", "road_pixel_count": 523}}, {"type": "Feature", "geometry": {"type": "Polygon", "coordinates": [[[50.16211383627683, 26.165874023030327], [50.16211383627683, 26.1681198009678], [50.15994577830129, 26.169242689936542], [50.157777720325754, 26.1681198009678], [50.157777720325754, 26.165874023030327], [50.15994577830129, 26.164751134061586], [50.16211383627683, 26.165874023030327]]]}, "properties": {"congestion_score": 0.942, "congestion_level": "light_congestion", "color": "rgb(255,255,55)", "road_pixel_count": 328}}, {"type": "Feature", "geometry": {"type": "Polygon", "coordinates": [[[50.1664499522279, 26.165874023030327], [50.1664499522279, 26.1681198009678], [50.16428189425236, 26.169242689936542], [50.16211383627683, 26.1681198009678], [50.16211383627683, 26.165874023030327], [50.16428189425236, 26.164751134061586], [50.1664499522279, 26.165874023030327]]]}, "properties": {"congestion_score": 1.0, "congestion_level": "free_flow", "color": "rgb(43,200,43)", "road_pixel_count": 1027}}, {"type": "Feature", "geometry": {"type": "Polygon", "coordinates": [[[50.07322345927983, 26.169242689936542], [50.07322345927983, 26.17148846787402], [50.07105540130429, 26.172611356842758], [50.068887343328754, 26.17148846787402], [50.068887343328754, 26.169242689936542], [50.07105540130429, 26.1681198009678], [50.07322345927983, 26.169242689936542]]]}, "properties": {"congestion_score": 1.0, "congestion_level": "free_flow", "color": "rgb(43,200,43)", "road_pixel_count": 1535}}, {"type": "Feature", "geometry": {"type": "Polygon", "coordinates": [[[50.12092073474163, 26.169242689936542], [50.12092073474163, 26.17148846787402], [50.1187526767661, 26.172611356842758], [50.11658461879056, 26.17148846787402], [50.11658461879056, 26.169242689936542], [50.1187526767661, 26.1681198009678], [50.12092073474163, 26.169242689936542]]]}, "properties": {"congestion_score": 1.0, "congestion_level": "free_flow", "color": "rgb(43,200,43)", "road_pixel_count": 1021}}, {"type": "Feature", "geometry": {"type": "Polygon", "coordinates": [[[50.13826519854592, 26.169242689936542], [50.13826519854592, 26.17148846787402], [50.13609714057039, 26.172611356842758], [50.133929082594854, 26.17148846787402], [50.133929082594854, 26.169242689936542], [50.13609714057039, 26.1681198009678], [50.13826519854592, 26.169242689936542]]]}, "properties": {"congestion_score": 1.0, "congestion_level": "free_flow", "color": "rgb(43,200,43)", "road_pixel_count": 657}}, {"type": "Feature", "geometry": {"type": "Polygon", "coordinates": [[[50.14693743044807, 26.169242689936542], [50.14693743044807, 26.17148846787402], [50.14476937247254, 26.172611356842758], [50.142601314497, 26.17148846787402], [50.142601314497, 26.169242689936542], [50.14476937247254, 26.1681198009678], [50.14693743044807, 26.169242689936542]]]}, "properties": {"congestion_score": 1.0, "congestion_level": "free_flow", "color": "rgb(43,200,43)", "road_pixel_count": 553}}, {"type": "Feature", "geometry": {"type": "Polygon", "coordinates": [[[50.16428189425236, 26.169242689936542], [50.16428189425236, 26.17148846787402], [50.16211383627683, 26.172611356842758], [50.15994577830129, 26.17148846787402], [50.15994577830129, 26.169242689936542], [50.16211383627683, 26.1681198009678], [50.16428189425236, 26.169242689936542]]]}, "properties": {"congestion_score": 0.979, "congestion_level": "free_flow", "color": "rgb(43,200,43)", "road_pixel_count": 1996}}, {"type": "Feature", "geometry": {"type": "Polygon", "coordinates": [[[50.19463470590988, 26.169242689936542], [50.19463470590988, 26.17148846787402], [50.19246664793434, 26.172611356842758], [50.1902985899588, 26.17148846787402], [50.1902985899588, 26.169242689936542], [50.19246664793434, 26.1681198009678], [50.19463470590988, 26.169242689936542]]]}, "properties": {"congestion_score": 1.0, "congestion_level": "free_flow", "color": "rgb(43,200,43)", "road_pixel_count": 171}}, {"type": "Feature", "geometry": {"type": "Polygon", "coordinates": [[[50.19897082186095, 26.169242689936542], [50.19897082186095, 26.17148846787402], [50.196802763885415, 26.172611356842758], [50.19463470590988, 26.17148846787402], [50.19463470590988, 26.169242689936542], [50.196802763885415, 26.1681198009678], [50.19897082186095, 26.169242689936542]]]}, "properties": {"congestion_score": 1.0, "congestion_level": "free_flow", "color": "rgb(43,200,43)", "road_pixel_count": 312}}, {"type": "Feature", "geometry": {"type": "Polygon", "coordinates": [[[50.07105540130429, 26.172611356842758], [50.07105540130429, 26.174857134780236], [50.068887343328754, 26.175980023748973], [50.06671928535322, 26.174857134780236], [50.06671928535322, 26.172611356842758], [50.068887343328754, 26.17148846787402], [50.07105540130429, 26.172611356842758]]]}, "properties": {"congestion_score": 1.0, "congestion_level": "free_flow", "color": "rgb(43,200,43)", "road_pixel_count": 1514}}, {"type": "Feature", "geometry": {"type": "Polygon", "coordinates": [[[50.12308879271717, 26.172611356842758], [50.12308879271717, 26.174857134780236], [50.12092073474163, 26.175980023748973], [50.1187526767661, 26.174857134780236], [50.1187526767661, 26.172611356842758], [50.12092073474163, 26.17148846787402], [50.12308879271717, 26.172611356842758]]]}, "properties": {"congestion_score": 1.0, "congestion_level": "free_flow", "color": "rgb(43,200,43)", "road_pixel_count": 969}}, {"type": "Feature", "geometry": {"type": "Polygon", "coordinates": [[[50.13609714057039, 26.172611356842758], [50.13609714057039, 26.174857134780236], [50.133929082594854, 26.175980023748973], [50.131761024619315, 26.174857134780236], [50.131761024619315, 26.172611356842758], [50.133929082594854, 26.17148846787402], [50.13609714057039, 26.172611356842758]]]}, "properties": {"congestion_score": 1.0, "congestion_level": "free_flow", "color": "rgb(43,200,43)", "road_pixel_count": 340}}, {"type": "Feature", "geometry": {"type": "Polygon", "coordinates": [[[50.14043325652146, 26.172611356842758], [50.14043325652146, 26.174857134780236], [50.13826519854592, 26.175980023748973], [50.13609714057039, 26.174857134780236], [50.13609714057039, 26.172611356842758], [50.13826519854592, 26.17148846787402], [50.14043325652146, 26.172611356842758]]]}, "properties": {"congestion_score": 1.0, "congestion_level": "free_flow", "color": "rgb(43,200,43)", "road_pixel_count": 131}}, {"type": "Feature", "geometry": {"type": "Polygon", "coordinates": [[[50.14476937247254, 26.172611356842758], [50.14476937247254, 26.174857134780236], [50.142601314497, 26.175980023748973], [50.14043325652146, 26.174857134780236], [50.14043325652146, 26.172611356842758], [50.142601314497, 26.17148846787402], [50.14476937247254, 26.172611356842758]]]}, "properties": {"congestion_score": 1.0, "congestion_level": "free_flow", "color": "rgb(43,200,43)", "road_pixel_count": 100}}, {"type": "Feature", "geometry": {"type": "Polygon", "coordinates": [[[50.14910548842361, 26.172611356842758], [50.14910548842361, 26.174857134780236], [50.14693743044807, 26.175980023748973], [50.14476937247254, 26.174857134780236], [50.14476937247254, 26.172611356842758], [50.14693743044807, 26.17148846787402], [50.14910548842361, 26.172611356842758]]]}, "properties": {"congestion_score": 1.0, "congestion_level": "free_flow", "color": "rgb(43,200,43)", "road_pixel_count": 1151}}, {"type": "Feature", "geometry": {"type": "Polygon", "coordinates": [[[50.153441604374684, 26.172611356842758], [50.153441604374684, 26.174857134780236], [50.151273546399146, 26.175980023748973], [50.14910548842361, 26.174857134780236], [50.14910548842361, 26.172611356842758], [50.151273546399146, 26.17148846787402], [50.153441604374684, 26.172611356842758]]]}, "properties": {"congestion_score": 1.0, "congestion_level": "free_flow", "color": "rgb(43,200,43)", "road_pixel_count": 1092}}, {"type": "Feature", "geometry": {"type": "Polygon", "coordinates": [[[50.157777720325754, 26.172611356842758], [50.157777720325754, 26.174857134780236], [50.155609662350216, 26.175980023748973], [50.153441604374684, 26.174857134780236], [50.153441604374684, 26.172611356842758], [50.155609662350216, 26.17148846787402], [50.157777720325754, 26.172611356842758]]]}, "properties": {"congestion_score": 1.0, "congestion_level": "free_flow", "color": "rgb(43,200,43)", "road_pixel_count": 1413}}, {"type": "Feature", "geometry": {"type": "Polygon", "coordinates": [[[50.16211383627683, 26.172611356842758], [50.16211383627683, 26.174857134780236], [50.15994577830129, 26.175980023748973], [50.157777720325754, 26.174857134780236], [50.157777720325754, 26.172611356842758], [50.15994577830129, 26.17148846787402], [50.16211383627683, 26.172611356842758]]]}, "properties": {"congestion_score": 0.989, "congestion_level": "free_flow", "color": "rgb(43,200,43)", "road_pixel_count": 1184}}, {"type": "Feature", "geometry": {"type": "Polygon", "coordinates": [[[50.1664499522279, 26.172611356842758], [50.1664499522279, 26.174857134780236], [50.16428189425236, 26.175980023748973], [50.16211383627683, 26.174857134780236], [50.16211383627683, 26.172611356842758], [50.16428189425236, 26.17148846787402], [50.1664499522279, 26.172611356842758]]]}, "properties": {"congestion_score": 1.0, "congestion_level": "free_flow", "color": "rgb(43,200,43)", "road_pixel_count": 1224}}, {"type": "Feature", "geometry": {"type": "Polygon", "coordinates": [[[50.19246664793434, 26.172611356842758], [50.19246664793434, 26.174857134780236], [50.1902985899588, 26.175980023748973], [50.18813053198327, 26.174857134780236], [50.18813053198327, 26.172611356842758], [50.1902985899588, 26.17148846787402], [50.19246664793434, 26.172611356842758]]]}, "properties": {"congestion_score": 1.0, "congestion_level": "free_flow", "color": "rgb(43,200,43)", "road_pixel_count": 1284}}, {"type": "Feature", "geometry": {"type": "Polygon", "coordinates": [[[50.196802763885415, 26.172611356842758], [50.196802763885415, 26.174857134780236], [50.19463470590988, 26.175980023748973], [50.19246664793434, 26.174857134780236], [50.19246664793434, 26.172611356842758], [50.19463470590988, 26.17148846787402], [50.196802763885415, 26.172611356842758]]]}, "properties": {"congestion_score": 1.0, "congestion_level": "free_flow", "color": "rgb(43,200,43)", "road_pixel_count": 1674}}, {"type": "Feature", "geometry": {"type": "Polygon", "coordinates": [[[50.201138879836485, 26.172611356842758], [50.201138879836485, 26.174857134780236], [50.19897082186095, 26.175980023748973], [50.196802763885415, 26.174857134780236], [50.196802763885415, 26.172611356842758], [50.19897082186095, 26.17148846787402], [50.201138879836485, 26.172611356842758]]]}, "properties": {"congestion_score": 1.0, "congestion_level": "free_flow", "color": "rgb(43,200,43)", "road_pixel_count": 1046}}, {"type": "Feature", "geometry": {"type": "Polygon", "coordinates": [[[50.064551227377684, 26.175980023748973], [50.064551227377684, 26.17822580168645], [50.062383169402146, 26.17934869065519], [50.06021511142661, 26.17822580168645], [50.06021511142661, 26.175980023748973], [50.062383169402146, 26.174857134780236], [50.064551227377684, 26.175980023748973]]]}, "properties": {"congestion_score": 1.0, "congestion_level": "free_flow", "color": "rgb(43,200,43)", "road_pixel_count": 139}}, {"type": "Feature", "geometry": {"type": "Polygon", "coordinates": [[[50.068887343328754, 26.175980023748973], [50.068887343328754, 26.17822580168645], [50.06671928535322, 26.17934869065519], [50.064551227377684, 26.17822580168645], [50.064551227377684, 26.175980023748973], [50.06671928535322, 26.174857134780236], [50.068887343328754, 26.175980023748973]]]}, "properties": {"congestion_score": 1.0, "congestion_level": "free_flow", "color": "rgb(43,200,43)", "road_pixel_count": 1428}}, {"type": "Feature", "geometry": {"type": "Polygon", "coordinates": [[[50.12092073474163, 26.175980023748973], [50.12092073474163, 26.17822580168645], [50.1187526767661, 26.17934869065519], [50.11658461879056, 26.17822580168645], [50.11658461879056, 26.175980023748973], [50.1187526767661, 26.174857134780236], [50.12092073474163, 26.175980023748973]]]}, "properties": {"congestion_score": 1.0, "congestion_level": "free_flow", "color": "rgb(43,200,43)", "road_pixel_count": 260}}, {"type": "Feature", "geometry": {"type": "Polygon", "coordinates": [[[50.12525685069271, 26.175980023748973], [50.12525685069271, 26.17822580168645], [50.12308879271717, 26.17934869065519], [50.12092073474163, 26.17822580168645], [50.12092073474163, 26.175980023748973], [50.12308879271717, 26.174857134780236], [50.12525685069271, 26.175980023748973]]]}, "properties": {"congestion_score": 1.0, "congestion_level": "free_flow", "color": "rgb(43,200,43)", "road_pixel_count": 509}}, {"type": "Feature", "geometry": {"type": "Polygon", "coordinates": [[[50.13826519854592, 26.175980023748973], [50.13826519854592, 26.17822580168645], [50.13609714057039, 26.17934869065519], [50.133929082594854, 26.17822580168645], [50.133929082594854, 26.175980023748973], [50.13609714057039, 26.174857134780236], [50.13826519854592, 26.175980023748973]]]}, "properties": {"congestion_score": 1.0, "congestion_level": "free_flow", "color": "rgb(43,200,43)", "road_pixel_count": 969}}, {"type": "Feature", "geometry": {"type": "Polygon", "coordinates": [[[50.142601314497, 26.175980023748973], [50.142601314497, 26.17822580168645], [50.14043325652146, 26.17934869065519], [50.13826519854592, 26.17822580168645], [50.13826519854592, 26.175980023748973], [50.14043325652146, 26.174857134780236], [50.142601314497, 26.175980023748973]]]}, "properties": {"congestion_score": 1.0, "congestion_level": "free_flow", "color": "rgb(43,200,43)", "road_pixel_count": 785}}, {"type": "Feature", "geometry": {"type": "Polygon", "coordinates": [[[50.14693743044807, 26.175980023748973], [50.14693743044807, 26.17822580168645], [50.14476937247254, 26.17934869065519], [50.142601314497, 26.17822580168645], [50.142601314497, 26.175980023748973], [50.14476937247254, 26.174857134780236], [50.14693743044807, 26.175980023748973]]]}, "properties": {"congestion_score": 1.0, "congestion_level": "free_flow", "color": "rgb(43,200,43)", "road_pixel_count": 540}}, {"type": "Feature", "geometry": {"type": "Polygon", "coordinates": [[[50.151273546399146, 26.175980023748973], [50.151273546399146, 26.17822580168645], [50.14910548842361, 26.17934869065519], [50.14693743044807, 26.17822580168645], [50.14693743044807, 26.175980023748973], [50.14910548842361, 26.174857134780236], [50.151273546399146, 26.175980023748973]]]}, "properties": {"congestion_score": 1.0, "congestion_level": "free_flow", "color": "rgb(43,200,43)", "road_pixel_count": 961}}, {"type": "Feature", "geometry": {"type": "Polygon", "coordinates": [[[50.155609662350216, 26.175980023748973], [50.155609662350216, 26.17822580168645], [50.153441604374684, 26.17934869065519], [50.151273546399146, 26.17822580168645], [50.151273546399146, 26.175980023748973], [50.153441604374684, 26.174857134780236], [50.155609662350216, 26.175980023748973]]]}, "properties": {"congestion_score": 1.0, "congestion_level": "free_flow", "color": "rgb(43,200,43)", "road_pixel_count": 145}}, {"type": "Feature", "geometry": {"type": "Polygon", "coordinates": [[[50.15994577830129, 26.175980023748973], [50.15994577830129, 26.17822580168645], [50.157777720325754, 26.17934869065519], [50.155609662350216, 26.17822580168645], [50.155609662350216, 26.175980023748973], [50.157777720325754, 26.174857134780236], [50.15994577830129, 26.175980023748973]]]}, "properties": {"congestion_score": 0.982, "congestion_level": "free_flow", "color": "rgb(43,200,43)", "road_pixel_count": 1264}}, {"type": "Feature", "geometry": {"type": "Polygon", "coordinates": [[[50.16428189425236, 26.175980023748973], [50.16428189425236, 26.17822580168645], [50.16211383627683, 26.17934869065519], [50.15994577830129, 26.17822580168645], [50.15994577830129, 26.175980023748973], [50.16211383627683, 26.174857134780236], [50.16428189425236, 26.175980023748973]]]}, "properties": {"congestion_score": 0.98, "congestion_level": "free_flow", "color": "rgb(43,200,43)", "road_pixel_count": 2192}}, {"type": "Feature", "geometry": {"type": "Polygon", "coordinates": [[[50.16861801020344, 26.175980023748973], [50.16861801020344, 26.17822580168645], [50.1664499522279, 26.17934869065519], [50.16428189425236, 26.17822580168645], [50.16428189425236, 26.175980023748973], [50.1664499522279, 26.174857134780236], [50.16861801020344, 26.175980023748973]]]}, "properties": {"congestion_score": 1.0, "congestion_level": "free_flow", "color": "rgb(43,200,43)", "road_pixel_count": 597}}, {"type": "Feature", "geometry": {"type": "Polygon", "coordinates": [[[50.17295412615451, 26.175980023748973], [50.17295412615451, 26.17822580168645], [50.17078606817898, 26.17934869065519], [50.16861801020344, 26.17822580168645], [50.16861801020344, 26.175980023748973], [50.17078606817898, 26.174857134780236], [50.17295412615451, 26.175980023748973]]]}, "properties": {"congestion_score": 1.0, "congestion_level": "free_flow", "color": "rgb(43,200,43)", "road_pixel_count": 39}}, {"type": "Feature", "geometry": {"type": "Polygon", "coordinates": [[[50.18596247400773, 26.175980023748973], [50.18596247400773, 26.17822580168645], [50.18379441603219, 26.17934869065519], [50.181626358056654, 26.17822580168645], [50.181626358056654, 26.175980023748973], [50.18379441603219, 26.174857134780236], [50.18596247400773, 26.175980023748973]]]}, "properties": {"congestion_score": 1.0, "congestion_level": "free_flow", "color": "rgb(43,200,43)", "road_pixel_count": 1020}}, {"type": "Feature", "geometry": {"type": "Polygon", "coordinates": [[[50.1902985899588, 26.175980023748973], [50.1902985899588, 26.17822580168645], [50.18813053198327, 26.17934869065519], [50.18596247400773, 26.17822580168645], [50.18596247400773, 26.175980023748973], [50.18813053198327, 26.174857134780236], [50.1902985899588, 26.175980023748973]]]}, "properties": {"congestion_score": 1.0, "congestion_level": "free_flow", "color": "rgb(43,200,43)", "road_pixel_count": 1639}}, {"type": "Feature", "geometry": {"type": "Polygon", "coordinates": [[[50.19897082186095, 26.175980023748973], [50.19897082186095, 26.17822580168645], [50.196802763885415, 26.17934869065519], [50.19463470590988, 26.17822580168645], [50.19463470590988, 26.175980023748973], [50.196802763885415, 26.174857134780236], [50.19897082186095, 26.175980023748973]]]}, "properties": {"congestion_score": 1.0, "congestion_level": "free_flow", "color": "rgb(43,200,43)", "road_pixel_count": 35}}, {"type": "Feature", "geometry": {"type": "Polygon", "coordinates": [[[50.20330693781202, 26.175980023748973], [50.20330693781202, 26.17822580168645], [50.201138879836485, 26.17934869065519], [50.19897082186095, 26.17822580168645], [50.19897082186095, 26.175980023748973], [50.201138879836485, 26.174857134780236], [50.20330693781202, 26.175980023748973]]]}, "properties": {"congestion_score": 1.0, "congestion_level": "free_flow", "color": "rgb(43,200,43)", "road_pixel_count": 1472}}, {"type": "Feature", "geometry": {"type": "Polygon", "coordinates": [[[50.062383169402146, 26.17934869065519], [50.062383169402146, 26.181594468592667], [50.06021511142661, 26.18271735756141], [50.05804705345108, 26.181594468592667], [50.05804705345108, 26.17934869065519], [50.06021511142661, 26.17822580168645], [50.062383169402146, 26.17934869065519]]]}, "properties": {"congestion_score": 1.0, "congestion_level": "free_flow", "color": "rgb(43,200,43)", "road_pixel_count": 4}}, {"type": "Feature", "geometry": {"type": "Polygon", "coordinates": [[[50.066719285353216, 26.17934869065519], [50.066719285353216, 26.181594468592667], [50.064551227377684, 26.18271735756141], [50.062383169402146, 26.181594468592667], [50.062383169402146, 26.17934869065519], [50.064551227377684, 26.17822580168645], [50.066719285353216, 26.17934869065519]]]}, "properties": {"congestion_score": 1.0, "congestion_level": "free_flow", "color": "rgb(43,200,43)", "road_pixel_count": 1423}}, {"type": "Feature", "geometry": {"type": "Polygon", "coordinates": [[[50.12308879271717, 26.17934869065519], [50.12308879271717, 26.181594468592667], [50.12092073474163, 26.18271735756141], [50.1187526767661, 26.181594468592667], [50.1187526767661, 26.17934869065519], [50.12092073474163, 26.17822580168645], [50.12308879271717, 26.17934869065519]]]}, "properties": {"congestion_score": 1.0, "congestion_level": "free_flow", "color": "rgb(43,200,43)", "road_pixel_count": 986}}, {"type": "Feature", "geometry": {"type": "Polygon", "coordinates": [[[50.14043325652146, 26.17934869065519], [50.14043325652146, 26.181594468592667], [50.13826519854592, 26.18271735756141], [50.13609714057039, 26.181594468592667], [50.13609714057039, 26.17934869065519], [50.13826519854592, 26.17822580168645], [50.14043325652146, 26.17934869065519]]]}, "properties": {"congestion_score": 1.0, "congestion_level": "free_flow", "color": "rgb(43,200,43)", "road_pixel_count": 610}}, {"type": "Feature", "geometry": {"type": "Polygon", "coordinates": [[[50.14910548842361, 26.17934869065519], [50.14910548842361, 26.181594468592667], [50.14693743044807, 26.18271735756141], [50.14476937247254, 26.181594468592667], [50.14476937247254, 26.17934869065519], [50.14693743044807, 26.17822580168645], [50.14910548842361, 26.17934869065519]]]}, "properties": {"congestion_score": 1.0, "congestion_level": "free_flow", "color": "rgb(43,200,43)", "road_pixel_count": 3}}, {"type": "Feature", "geometry": {"type": "Polygon", "coordinates": [[[50.153441604374684, 26.17934869065519], [50.153441604374684, 26.181594468592667], [50.151273546399146, 26.18271735756141], [50.14910548842361, 26.181594468592667], [50.14910548842361, 26.17934869065519], [50.151273546399146, 26.17822580168645], [50.153441604374684, 26.17934869065519]]]}, "properties": {"congestion_score": 1.0, "congestion_level": "free_flow", "color": "rgb(43,200,43)", "road_pixel_count": 486}}, {"type": "Feature", "geometry": {"type": "Polygon", "coordinates": [[[50.157777720325754, 26.17934869065519], [50.157777720325754, 26.181594468592667], [50.155609662350216, 26.18271735756141], [50.153441604374684, 26.181594468592667], [50.153441604374684, 26.17934869065519], [50.155609662350216, 26.17822580168645], [50.157777720325754, 26.17934869065519]]]}, "properties": {"congestion_score": 1.0, "congestion_level": "free_flow", "color": "rgb(43,200,43)", "road_pixel_count": 205}}, {"type": "Feature", "geometry": {"type": "Polygon", "coordinates": [[[50.16211383627683, 26.17934869065519], [50.16211383627683, 26.181594468592667], [50.15994577830129, 26.18271735756141], [50.157777720325754, 26.181594468592667], [50.157777720325754, 26.17934869065519], [50.15994577830129, 26.17822580168645], [50.16211383627683, 26.17934869065519]]]}, "properties": {"congestion_score": 0.97, "congestion_level": "free_flow", "color": "rgb(43,200,43)", "road_pixel_count": 831}}, {"type": "Feature", "geometry": {"type": "Polygon", "coordinates": [[[50.1664499522279, 26.17934869065519], [50.1664499522279, 26.181594468592667], [50.16428189425236, 26.18271735756141], [50.16211383627683, 26.181594468592667], [50.16211383627683, 26.17934869065519], [50.16428189425236, 26.17822580168645], [50.1664499522279, 26.17934869065519]]]}, "properties": {"congestion_score": 0.999, "congestion_level": "free_flow", "color": "rgb(43,200,43)", "road_pixel_count": 1680}}, {"type": "Feature", "geometry": {"type": "Polygon", "coordinates": [[[50.17078606817898, 26.17934869065519], [50.17078606817898, 26.181594468592667], [50.16861801020344, 26.18271735756141], [50.1664499522279, 26.181594468592667], [50.1664499522279, 26.17934869065519], [50.16861801020344, 26.17822580168645], [50.17078606817898, 26.17934869065519]]]}, "properties": {"congestion_score": 1.0, "congestion_level": "free_flow", "color": "rgb(43,200,43)", "road_pixel_count": 1371}}, {"type": "Feature", "geometry": {"type": "Polygon", "coordinates": [[[50.175122184130046, 26.17934869065519], [50.175122184130046, 26.181594468592667], [50.17295412615451, 26.18271735756141], [50.17078606817898, 26.181594468592667], [50.17078606817898, 26.17934869065519], [50.17295412615451, 26.17822580168645], [50.175122184130046, 26.17934869065519]]]}, "properties": {"congestion_score": 1.0, "congestion_level": "free_flow", "color": "rgb(43,200,43)", "road_pixel_count": 1485}}, {"type": "Feature", "geometry": {"type": "Polygon", "coordinates": [[[50.17945830008112, 26.17934869065519], [50.17945830008112, 26.181594468592667], [50.177290242105585, 26.18271735756141], [50.175122184130046, 26.181594468592667], [50.175122184130046, 26.17934869065519], [50.177290242105585, 26.17822580168645], [50.17945830008112, 26.17934869065519]]]}, "properties": {"congestion_score": 1.0, "congestion_level": "free_flow", "color": "rgb(43,200,43)", "road_pixel_count": 1493}}, {"type": "Feature", "geometry": {"type": "Polygon", "coordinates": [[[50.18379441603219, 26.17934869065519], [50.18379441603219, 26.181594468592667], [50.181626358056654, 26.18271735756141], [50.17945830008112, 26.181594468592667], [50.17945830008112, 26.17934869065519], [50.181626358056654, 26.17822580168645], [50.18379441603219, 26.17934869065519]]]}, "properties": {"congestion_score": 1.0, "congestion_level": "free_flow", "color": "rgb(43,200,43)", "road_pixel_count": 3002}}, {"type": "Feature", "geometry": {"type": "Polygon", "coordinates": [[[50.18813053198327, 26.17934869065519], [50.18813053198327, 26.181594468592667], [50.18596247400773, 26.18271735756141], [50.18379441603219, 26.181594468592667], [50.18379441603219, 26.17934869065519], [50.18596247400773, 26.17822580168645], [50.18813053198327, 26.17934869065519]]]}, "properties": {"congestion_score": 1.0, "congestion_level": "free_flow", "color": "rgb(43,200,43)", "road_pixel_count": 1512}}, {"type": "Feature", "geometry": {"type": "Polygon", "coordinates": [[[50.19246664793434, 26.17934869065519], [50.19246664793434, 26.181594468592667], [50.1902985899588, 26.18271735756141], [50.18813053198327, 26.181594468592667], [50.18813053198327, 26.17934869065519], [50.1902985899588, 26.17822580168645], [50.19246664793434, 26.17934869065519]]]}, "properties": {"congestion_score": 1.0, "congestion_level": "free_flow", "color": "rgb(43,200,43)", "road_pixel_count": 641}}, {"type": "Feature", "geometry": {"type": "Polygon", "coordinates": [[[50.201138879836485, 26.17934869065519], [50.201138879836485, 26.181594468592667], [50.19897082186095, 26.18271735756141], [50.196802763885415, 26.181594468592667], [50.196802763885415, 26.17934869065519], [50.19897082186095, 26.17822580168645], [50.201138879836485, 26.17934869065519]]]}, "properties": {"congestion_score": 1.0, "congestion_level": "free_flow", "color": "rgb(43,200,43)", "road_pixel_count": 413}}, {"type": "Feature", "geometry": {"type": "Polygon", "coordinates": [[[50.20547499578756, 26.17934869065519], [50.20547499578756, 26.181594468592667], [50.20330693781202, 26.18271735756141], [50.201138879836485, 26.181594468592667], [50.201138879836485, 26.17934869065519], [50.20330693781202, 26.17822580168645], [50.20547499578756, 26.17934869065519]]]}, "properties": {"congestion_score": 1.0, "congestion_level": "free_flow", "color": "rgb(43,200,43)", "road_pixel_count": 1674}}, {"type": "Feature", "geometry": {"type": "Polygon", "coordinates": [[[50.20981111173863, 26.17934869065519], [50.20981111173863, 26.181594468592667], [50.20764305376309, 26.18271735756141], [50.20547499578756, 26.181594468592667], [50.20547499578756, 26.17934869065519], [50.20764305376309, 26.17822580168645], [50.20981111173863, 26.17934869065519]]]}, "properties": {"congestion_score": 1.0, "congestion_level": "free_flow", "color": "rgb(43,200,43)", "road_pixel_count": 141}}, {"type": "Feature", "geometry": {"type": "Polygon", "coordinates": [[[50.33122235836868, 26.17934869065519], [50.33122235836868, 26.181594468592667], [50.32905430039314, 26.18271735756141], [50.32688624241761, 26.181594468592667], [50.32688624241761, 26.17934869065519], [50.32905430039314, 26.17822580168645], [50.33122235836868, 26.17934869065519]]]}, "properties": {"congestion_score": 1.0, "congestion_level": "free_flow", "color": "rgb(43,200,43)", "road_pixel_count": 91}}, {"type": "Feature", "geometry": {"type": "Polygon", "coordinates": [[[50.335558474319754, 26.17934869065519], [50.335558474319754, 26.181594468592667], [50.333390416344216, 26.18271735756141], [50.33122235836868, 26.181594468592667], [50.33122235836868, 26.17934869065519], [50.333390416344216, 26.17822580168645], [50.335558474319754, 26.17934869065519]]]}, "properties": {"congestion_score": 1.0, "congestion_level": "free_flow", "color": "rgb(43,200,43)", "road_pixel_count": 463}}, {"type": "Feature", "geometry": {"type": "Polygon", "coordinates": [[[50.33989459027082, 26.17934869065519], [50.33989459027082, 26.181594468592667], [50.337726532295285, 26.18271735756141], [50.335558474319754, 26.181594468592667], [50.335558474319754, 26.17934869065519], [50.337726532295285, 26.17822580168645], [50.33989459027082, 26.17934869065519]]]}, "properties": {"congestion_score": 1.0, "congestion_level": "free_flow", "color": "rgb(43,200,43)", "road_pixel_count": 653}}, {"type": "Feature", "geometry": {"type": "Polygon", "coordinates": [[[50.064551227377684, 26.18271735756141], [50.064551227377684, 26.184963135498883], [50.062383169402146, 26.186086024467624], [50.06021511142661, 26.184963135498883], [50.06021511142661, 26.18271735756141], [50.062383169402146, 26.181594468592667], [50.064551227377684, 26.18271735756141]]]}, "properties": {"congestion_score": 0.994, "congestion_level": "free_flow", "color": "rgb(43,200,43)", "road_pixel_count": 1535}}, {"type": "Feature", "geometry": {"type": "Polygon", "coordinates": [[[50.12525685069271, 26.18271735756141], [50.12525685069271, 26.184963135498883], [50.12308879271717, 26.186086024467624], [50.12092073474163, 26.184963135498883], [50.12092073474163, 26.18271735756141], [50.12308879271717, 26.181594468592667], [50.12525685069271, 26.18271735756141]]]}, "properties": {"congestion_score": 1.0, "congestion_level": "free_flow", "color": "rgb(43,200,43)", "road_pixel_count": 883}}, {"type": "Feature", "geometry": {"type": "Polygon", "coordinates": [[[50.13826519854592, 26.18271735756141], [50.13826519854592, 26.184963135498883], [50.13609714057039, 26.186086024467624], [50.133929082594854, 26.184963135498883], [50.133929082594854, 26.18271735756141], [50.13609714057039, 26.181594468592667], [50.13826519854592, 26.18271735756141]]]}, "properties": {"congestion_score": 1.0, "congestion_level": "free_flow", "color": "rgb(43,200,43)", "road_pixel_count": 459}}, {"type": "Feature", "geometry": {"type": "Polygon", "coordinates": [[[50.142601314497, 26.18271735756141], [50.142601314497, 26.184963135498883], [50.14043325652146, 26.186086024467624], [50.13826519854592, 26.184963135498883], [50.13826519854592, 26.18271735756141], [50.14043325652146, 26.181594468592667], [50.142601314497, 26.18271735756141]]]}, "properties": {"congestion_score": 0.954, "congestion_level": "free_flow", "color": "rgb(43,200,43)", "road_pixel_count": 699}}, {"type": "Feature", "geometry": {"type": "Polygon", "coordinates": [[[50.14693743044807, 26.18271735756141], [50.14693743044807, 26.184963135498883], [50.14476937247254, 26.186086024467624], [50.142601314497, 26.184963135498883], [50.142601314497, 26.18271735756141], [50.14476937247254, 26.181594468592667], [50.14693743044807, 26.18271735756141]]]}, "properties": {"congestion_score": 0.947, "congestion_level": "light_congestion", "color": "rgb(255,255,55)", "road_pixel_count": 673}}, {"type": "Feature", "geometry": {"type": "Polygon", "coordinates": [[[50.151273546399146, 26.18271735756141], [50.151273546399146, 26.184963135498883], [50.14910548842361, 26.186086024467624], [50.14693743044807, 26.184963135498883], [50.14693743044807, 26.18271735756141], [50.14910548842361, 26.181594468592667], [50.151273546399146, 26.18271735756141]]]}, "properties": {"congestion_score": 0.973, "congestion_level": "free_flow", "color": "rgb(43,200,43)", "road_pixel_count": 958}}, {"type": "Feature", "geometry": {"type": "Polygon", "coordinates": [[[50.15994577830129, 26.18271735756141], [50.15994577830129, 26.184963135498883], [50.157777720325754, 26.186086024467624], [50.155609662350216, 26.184963135498883], [50.155609662350216, 26.18271735756141], [50.157777720325754, 26.181594468592667], [50.15994577830129, 26.18271735756141]]]}, "properties": {"congestion_score": 1.0, "congestion_level": "free_flow", "color": "rgb(43,200,43)", "road_pixel_count": 1159}}, {"type": "Feature", "geometry": {"type": "Polygon", "coordinates": [[[50.16428189425236, 26.18271735756141], [50.16428189425236, 26.184963135498883], [50.16211383627683, 26.186086024467624], [50.15994577830129, 26.184963135498883], [50.15994577830129, 26.18271735756141], [50.16211383627683, 26.181594468592667], [50.16428189425236, 26.18271735756141]]]}, "properties": {"congestion_score": 1.0, "congestion_level": "free_flow", "color": "rgb(43,200,43)", "road_pixel_count": 430}}, {"type": "Feature", "geometry": {"type": "Polygon", "coordinates": [[[50.16861801020344, 26.18271735756141], [50.16861801020344, 26.184963135498883], [50.1664499522279, 26.186086024467624], [50.16428189425236, 26.184963135498883], [50.16428189425236, 26.18271735756141], [50.1664499522279, 26.181594468592667], [50.16861801020344, 26.18271735756141]]]}, "properties": {"congestion_score": 0.916, "congestion_level": "light_congestion", "color": "rgb(255,255,55)", "road_pixel_count": 424}}, {"type": "Feature", "geometry": {"type": "Polygon", "coordinates": [[[50.181626358056654, 26.18271735756141], [50.181626358056654, 26.184963135498883], [50.17945830008112, 26.186086024467624], [50.177290242105585, 26.184963135498883], [50.177290242105585, 26.18271735756141], [50.17945830008112, 26.181594468592667], [50.181626358056654, 26.18271735756141]]]}, "properties": {"congestion_score": 1.0, "congestion_level": "free_flow", "color": "rgb(43,200,43)", "road_pixel_count": 744}}, {"type": "Feature", "geometry": {"type": "Polygon", "coordinates": [[[50.18596247400773, 26.18271735756141], [50.18596247400773, 26.184963135498883], [50.18379441603219, 26.186086024467624], [50.181626358056654, 26.184963135498883], [50.181626358056654, 26.18271735756141], [50.18379441603219, 26.181594468592667], [50.18596247400773, 26.18271735756141]]]}, "properties": {"congestion_score": 1.0, "congestion_level": "free_flow", "color": "rgb(43,200,43)", "road_pixel_count": 2582}}, {"type": "Feature", "geometry": {"type": "Polygon", "coordinates": [[[50.1902985899588, 26.18271735756141], [50.1902985899588, 26.184963135498883], [50.18813053198327, 26.186086024467624], [50.18596247400773, 26.184963135498883], [50.18596247400773, 26.18271735756141], [50.18813053198327, 26.181594468592667], [50.1902985899588, 26.18271735756141]]]}, "properties": {"congestion_score": 1.0, "congestion_level": "free_flow", "color": "rgb(43,200,43)", "road_pixel_count": 202}}, {"type": "Feature", "geometry": {"type": "Polygon", "coordinates": [[[50.19463470590988, 26.18271735756141], [50.19463470590988, 26.184963135498883], [50.19246664793434, 26.186086024467624], [50.1902985899588, 26.184963135498883], [50.1902985899588, 26.18271735756141], [50.19246664793434, 26.181594468592667], [50.19463470590988, 26.18271735756141]]]}, "properties": {"congestion_score": 1.0, "congestion_level": "free_flow", "color": "rgb(43,200,43)", "road_pixel_count": 648}}, {"type": "Feature", "geometry": {"type": "Polygon", "coordinates": [[[50.20330693781202, 26.18271735756141], [50.20330693781202, 26.184963135498883], [50.201138879836485, 26.186086024467624], [50.19897082186095, 26.184963135498883], [50.19897082186095, 26.18271735756141], [50.201138879836485, 26.181594468592667], [50.20330693781202, 26.18271735756141]]]}, "properties": {"congestion_score": 1.0, "congestion_level": "free_flow", "color": "rgb(43,200,43)", "road_pixel_count": 514}}, {"type": "Feature", "geometry": {"type": "Polygon", "coordinates": [[[50.20764305376309, 26.18271735756141], [50.20764305376309, 26.184963135498883], [50.20547499578756, 26.186086024467624], [50.20330693781202, 26.184963135498883], [50.20330693781202, 26.18271735756141], [50.20547499578756, 26.181594468592667], [50.20764305376309, 26.18271735756141]]]}, "properties": {"congestion_score": 1.0, "congestion_level": "free_flow", "color": "rgb(43,200,43)", "road_pixel_count": 1078}}, {"type": "Feature", "geometry": {"type": "Polygon", "coordinates": [[[50.21197916971417, 26.18271735756141], [50.21197916971417, 26.184963135498883], [50.20981111173863, 26.186086024467624], [50.20764305376309, 26.184963135498883], [50.20764305376309, 26.18271735756141], [50.20981111173863, 26.181594468592667], [50.21197916971417, 26.18271735756141]]]}, "properties": {"congestion_score": 1.0, "congestion_level": "free_flow", "color": "rgb(43,200,43)", "road_pixel_count": 769}}, {"type": "Feature", "geometry": {"type": "Polygon", "coordinates": [[[50.32038206849099, 26.18271735756141], [50.32038206849099, 26.184963135498883], [50.31821401051546, 26.186086024467624], [50.31604595253992, 26.184963135498883], [50.31604595253992, 26.18271735756141], [50.31821401051546, 26.181594468592667], [50.32038206849099, 26.18271735756141]]]}, "properties": {"congestion_score": 0.974, "congestion_level": "free_flow", "color": "rgb(43,200,43)", "road_pixel_count": 383}}, {"type": "Feature", "geometry": {"type": "Polygon", "coordinates": [[[50.32471818444207, 26.18271735756141], [50.32471818444207, 26.184963135498883], [50.32255012646653, 26.186086024467624], [50.32038206849099, 26.184963135498883], [50.32038206849099, 26.18271735756141], [50.32255012646653, 26.181594468592667], [50.32471818444207, 26.18271735756141]]]}, "properties": {"congestion_score": 0.856, "congestion_level": "light_congestion", "color": "rgb(255,255,55)", "road_pixel_count": 1555}}, {"type": "Feature", "geometry": {"type": "Polygon", "coordinates": [[[50.32905430039314, 26.18271735756141], [50.32905430039314, 26.184963135498883], [50.32688624241761, 26.186086024467624], [50.32471818444207, 26.184963135498883], [50.32471818444207, 26.18271735756141], [50.32688624241761, 26.181594468592667], [50.32905430039314, 26.18271735756141]]]}, "properties": {"congestion_score": 0.937, "congestion_level": "light_congestion", "color": "rgb(255,255,55)", "road_pixel_count": 2009}}, {"type": "Feature", "geometry": {"type": "Polygon", "coordinates": [[[50.333390416344216, 26.18271735756141], [50.333390416344216, 26.184963135498883], [50.33122235836868, 26.186086024467624], [50.32905430039314, 26.184963135498883], [50.32905430039314, 26.18271735756141], [50.33122235836868, 26.181594468592667], [50.333390416344216, 26.18271735756141]]]}, "properties": {"congestion_score": 1.0, "congestion_level": "free_flow", "color": "rgb(43,200,43)", "road_pixel_count": 1601}}, {"type": "Feature", "geometry": {"type": "Polygon", "coordinates": [[[50.337726532295285, 26.18271735756141], [50.337726532295285, 26.184963135498883], [50.335558474319754, 26.186086024467624], [50.333390416344216, 26.184963135498883], [50.333390416344216, 26.18271735756141], [50.335558474319754, 26.181594468592667], [50.337726532295285, 26.18271735756141]]]}, "properties": {"congestion_score": 1.0, "congestion_level": "free_flow", "color": "rgb(43,200,43)", "road_pixel_count": 1221}}, {"type": "Feature", "geometry": {"type": "Polygon", "coordinates": [[[50.34206264824636, 26.18271735756141], [50.34206264824636, 26.184963135498883], [50.33989459027082, 26.186086024467624], [50.337726532295285, 26.184963135498883], [50.337726532295285, 26.18271735756141], [50.33989459027082, 26.181594468592667], [50.34206264824636, 26.18271735756141]]]}, "properties": {"congestion_score": 1.0, "congestion_level": "free_flow", "color": "rgb(43,200,43)", "road_pixel_count": 338}}, {"type": "Feature", "geometry": {"type": "Polygon", "coordinates": [[[50.05804705345108, 26.186086024467624], [50.05804705345108, 26.188331802405102], [50.05587899547554, 26.18945469137384], [50.0537109375, 26.188331802405102], [50.0537109375, 26.186086024467624], [50.05587899547554, 26.184963135498883], [50.05804705345108, 26.186086024467624]]]}, "properties": {"congestion_score": 1.0, "congestion_level": "free_flow", "color": "rgb(43,200,43)", "road_pixel_count": 33}}, {"type": "Feature", "geometry": {"type": "Polygon", "coordinates": [[[50.062383169402146, 26.186086024467624], [50.062383169402146, 26.188331802405102], [50.06021511142661, 26.18945469137384], [50.05804705345108, 26.188331802405102], [50.05804705345108, 26.186086024467624], [50.06021511142661, 26.184963135498883], [50.062383169402146, 26.186086024467624]]]}, "properties": {"congestion_score": 1.0, "congestion_level": "free_flow", "color": "rgb(43,200,43)", "road_pixel_count": 1499}}, {"type": "Feature", "geometry": {"type": "Polygon", "coordinates": [[[50.066719285353216, 26.186086024467624], [50.066719285353216, 26.188331802405102], [50.064551227377684, 26.18945469137384], [50.062383169402146, 26.188331802405102], [50.062383169402146, 26.186086024467624], [50.064551227377684, 26.184963135498883], [50.066719285353216, 26.186086024467624]]]}, "properties": {"congestion_score": 1.0, "congestion_level": "free_flow", "color": "rgb(43,200,43)", "road_pixel_count": 14}}, {"type": "Feature", "geometry": {"type": "Polygon", "coordinates": [[[50.12308879271717, 26.186086024467624], [50.12308879271717, 26.188331802405102], [50.12092073474163, 26.18945469137384], [50.1187526767661, 26.188331802405102], [50.1187526767661, 26.186086024467624], [50.12092073474163, 26.184963135498883], [50.12308879271717, 26.186086024467624]]]}, "properties": {"congestion_score": 1.0, "congestion_level": "free_flow", "color": "rgb(43,200,43)", "road_pixel_count": 985}}, {"type": "Feature", "geometry": {"type": "Polygon", "coordinates": [[[50.127424908668246, 26.186086024467624], [50.127424908668246, 26.188331802405102], [50.12525685069271, 26.18945469137384], [50.12308879271717, 26.188331802405102], [50.12308879271717, 26.186086024467624], [50.12525685069271, 26.184963135498883], [50.127424908668246, 26.186086024467624]]]}, "properties": {"congestion_score": 1.0, "congestion_level": "free_flow", "color": "rgb(43,200,43)", "road_pixel_count": 526}}, {"type": "Feature", "geometry": {"type": "Polygon", "coordinates": [[[50.131761024619315, 26.186086024467624], [50.131761024619315, 26.188331802405102], [50.12959296664378, 26.18945469137384], [50.127424908668246, 26.188331802405102], [50.127424908668246, 26.186086024467624], [50.12959296664378, 26.184963135498883], [50.131761024619315, 26.186086024467624]]]}, "properties": {"congestion_score": 1.0, "congestion_level": "free_flow", "color": "rgb(43,200,43)", "road_pixel_count": 407}}, {"type": "Feature", "geometry": {"type": "Polygon", "coordinates": [[[50.13609714057039, 26.186086024467624], [50.13609714057039, 26.188331802405102], [50.133929082594854, 26.18945469137384], [50.131761024619315, 26.188331802405102], [50.131761024619315, 26.186086024467624], [50.133929082594854, 26.184963135498883], [50.13609714057039, 26.186086024467624]]]}, "properties": {"congestion_score": 1.0, "congestion_level": "free_flow", "color": "rgb(43,200,43)", "road_pixel_count": 200}}, {"type": "Feature", "geometry": {"type": "Polygon", "coordinates": [[[50.14043325652146, 26.186086024467624], [50.14043325652146, 26.188331802405102], [50.13826519854592, 26.18945469137384], [50.13609714057039, 26.188331802405102], [50.13609714057039, 26.186086024467624], [50.13826519854592, 26.184963135498883], [50.14043325652146, 26.186086024467624]]]}, "properties": {"congestion_score": 1.0, "congestion_level": "free_flow", "color": "rgb(43,200,43)", "road_pixel_count": 955}}, {"type": "Feature", "geometry": {"type": "Polygon", "coordinates": [[[50.153441604374684, 26.186086024467624], [50.153441604374684, 26.188331802405102], [50.151273546399146, 26.18945469137384], [50.14910548842361, 26.188331802405102], [50.14910548842361, 26.186086024467624], [50.151273546399146, 26.184963135498883], [50.153441604374684, 26.186086024467624]]]}, "properties": {"congestion_score": 1.0, "congestion_level": "free_flow", "color": "rgb(43,200,43)", "road_pixel_count": 644}}, {"type": "Feature", "geometry": {"type": "Polygon", "coordinates": [[[50.157777720325754, 26.186086024467624], [50.157777720325754, 26.188331802405102], [50.155609662350216, 26.18945469137384], [50.153441604374684, 26.188331802405102], [50.153441604374684, 26.186086024467624], [50.155609662350216, 26.184963135498883], [50.157777720325754, 26.186086024467624]]]}, "properties": {"congestion_score": 1.0, "congestion_level": "free_flow", "color": "rgb(43,200,43)", "road_pixel_count": 511}}, {"type": "Feature", "geometry": {"type": "Polygon", "coordinates": [[[50.16211383627683, 26.186086024467624], [50.16211383627683, 26.188331802405102], [50.15994577830129, 26.18945469137384], [50.157777720325754, 26.188331802405102], [50.157777720325754, 26.186086024467624], [50.15994577830129, 26.184963135498883], [50.16211383627683, 26.186086024467624]]]}, "properties": {"congestion_score": 1.0, "congestion_level": "free_flow", "color": "rgb(43,200,43)", "road_pixel_count": 1330}}, {"type": "Feature", "geometry": {"type": "Polygon", "coordinates": [[[50.1664499522279, 26.186086024467624], [50.1664499522279, 26.188331802405102], [50.16428189425236, 26.18945469137384], [50.16211383627683, 26.188331802405102], [50.16211383627683, 26.186086024467624], [50.16428189425236, 26.184963135498883], [50.1664499522279, 26.186086024467624]]]}, "properties": {"congestion_score": 1.0, "congestion_level": "free_flow", "color": "rgb(43,200,43)", "road_pixel_count": 496}}, {"type": "Feature", "geometry": {"type": "Polygon", "coordinates": [[[50.17945830008112, 26.186086024467624], [50.17945830008112, 26.188331802405102], [50.177290242105585, 26.18945469137384], [50.175122184130046, 26.188331802405102], [50.175122184130046, 26.186086024467624], [50.177290242105585, 26.184963135498883], [50.17945830008112, 26.186086024467624]]]}, "properties": {"congestion_score": 1.0, "congestion_level": "free_flow", "color": "rgb(43,200,43)", "road_pixel_count": 669}}, {"type": "Feature", "geometry": {"type": "Polygon", "coordinates": [[[50.18379441603219, 26.186086024467624], [50.18379441603219, 26.188331802405102], [50.181626358056654, 26.18945469137384], [50.17945830008112, 26.188331802405102], [50.17945830008112, 26.186086024467624], [50.181626358056654, 26.184963135498883], [50.18379441603219, 26.186086024467624]]]}, "properties": {"congestion_score": 0.955, "congestion_level": "free_flow", "color": "rgb(43,200,43)", "road_pixel_count": 1130}}, {"type": "Feature", "geometry": {"type": "Polygon", "coordinates": [[[50.18813053198327, 26.186086024467624], [50.18813053198327, 26.188331802405102], [50.18596247400773, 26.18945469137384], [50.18379441603219, 26.188331802405102], [50.18379441603219, 26.186086024467624], [50.18596247400773, 26.184963135498883], [50.18813053198327, 26.186086024467624]]]}, "properties": {"congestion_score": 1.0, "congestion_level": "free_flow", "color": "rgb(43,200,43)", "road_pixel_count": 2686}}, {"type": "Feature", "geometry": {"type": "Polygon", "coordinates": [[[50.19246664793434, 26.186086024467624], [50.19246664793434, 26.188331802405102], [50.1902985899588, 26.18945469137384], [50.18813053198327, 26.188331802405102], [50.18813053198327, 26.186086024467624], [50.1902985899588, 26.184963135498883], [50.19246664793434, 26.186086024467624]]]}, "properties": {"congestion_score": 1.0, "congestion_level": "free_flow", "color": "rgb(43,200,43)", "road_pixel_count": 217}}, {"type": "Feature", "geometry": {"type": "Polygon", "coordinates": [[[50.196802763885415, 26.186086024467624], [50.196802763885415, 26.188331802405102], [50.19463470590988, 26.18945469137384], [50.19246664793434, 26.188331802405102], [50.19246664793434, 26.186086024467624], [50.19463470590988, 26.184963135498883], [50.196802763885415, 26.186086024467624]]]}, "properties": {"congestion_score": 1.0, "congestion_level": "free_flow", "color": "rgb(43,200,43)", "road_pixel_count": 850}}, {"type": "Feature", "geometry": {"type": "Polygon", "coordinates": [[[50.20981111173863, 26.186086024467624], [50.20981111173863, 26.188331802405102], [50.20764305376309, 26.18945469137384], [50.20547499578756, 26.188331802405102], [50.20547499578756, 26.186086024467624], [50.20764305376309, 26.184963135498883], [50.20981111173863, 26.186086024467624]]]}, "properties": {"congestion_score": 1.0, "congestion_level": "free_flow", "color": "rgb(43,200,43)", "road_pixel_count": 412}}, {"type": "Feature", "geometry": {"type": "Polygon", "coordinates": [[[50.21414722768971, 26.186086024467624], [50.21414722768971, 26.188331802405102], [50.21197916971417, 26.18945469137384], [50.20981111173863, 26.188331802405102], [50.20981111173863, 26.186086024467624], [50.21197916971417, 26.184963135498883], [50.21414722768971, 26.186086024467624]]]}, "properties": {"congestion_score": 1.0, "congestion_level": "free_flow", "color": "rgb(43,200,43)", "road_pixel_count": 1560}}, {"type": "Feature", "geometry": {"type": "Polygon", "coordinates": [[[50.313877894564385, 26.186086024467624], [50.313877894564385, 26.188331802405102], [50.31170983658885, 26.18945469137384], [50.309541778613315, 26.188331802405102], [50.309541778613315, 26.186086024467624], [50.31170983658885, 26.184963135498883], [50.313877894564385, 26.186086024467624]]]}, "properties": {"congestion_score": 0.933, "congestion_level": "light_congestion", "color": "rgb(255,255,55)", "road_pixel_count": 200}}, {"type": "Feature", "geometry": {"type": "Polygon", "coordinates": [[[50.31821401051546, 26.186086024467624], [50.31821401051546, 26.188331802405102], [50.31604595253992, 26.18945469137384], [50.313877894564385, 26.188331802405102], [50.313877894564385, 26.186086024467624], [50.31604595253992, 26.184963135498883], [50.31821401051546, 26.186086024467624]]]}, "properties": {"congestion_score": 0.952, "congestion_level": "free_flow", "color": "rgb(43,200,43)", "road_pixel_count": 2067}}, {"type": "Feature", "geometry": {"type": "Polygon", "coordinates": [[[50.32255012646653, 26.186086024467624], [50.32255012646653, 26.188331802405102], [50.32038206849099, 26.18945469137384], [50.31821401051546, 26.188331802405102], [50.31821401051546, 26.186086024467624], [50.32038206849099, 26.184963135498883], [50.32255012646653, 26.186086024467624]]]}, "properties": {"congestion_score": 0.943, "congestion_level": "light_congestion", "color": "rgb(255,255,55)", "road_pixel_count": 2087}}, {"type": "Feature", "geometry": {"type": "Polygon", "coordinates": [[[50.32688624241761, 26.186086024467624], [50.32688624241761, 26.188331802405102], [50.32471818444207, 26.18945469137384], [50.32255012646653, 26.188331802405102], [50.32255012646653, 26.186086024467624], [50.32471818444207, 26.184963135498883], [50.32688624241761, 26.186086024467624]]]}, "properties": {"congestion_score": 0.947, "congestion_level": "light_congestion", "color": "rgb(255,255,55)", "road_pixel_count": 622}}, {"type": "Feature", "geometry": {"type": "Polygon", "coordinates": [[[50.05587899547554, 26.18945469137384], [50.05587899547554, 26.191700469311318], [50.0537109375, 26.192823358280055], [50.05154287952446, 26.191700469311318], [50.05154287952446, 26.18945469137384], [50.0537109375, 26.188331802405102], [50.05587899547554, 26.18945469137384]]]}, "properties": {"congestion_score": 0.994, "congestion_level": "free_flow", "color": "rgb(43,200,43)", "road_pixel_count": 1443}}, {"type": "Feature", "geometry": {"type": "Polygon", "coordinates": [[[50.06021511142661, 26.18945469137384], [50.06021511142661, 26.191700469311318], [50.05804705345108, 26.192823358280055], [50.05587899547554, 26.191700469311318], [50.05587899547554, 26.18945469137384], [50.05804705345108, 26.188331802405102], [50.06021511142661, 26.18945469137384]]]}, "properties": {"congestion_score": 1.0, "congestion_level": "free_flow", "color": "rgb(43,200,43)", "road_pixel_count": 1233}}, {"type": "Feature", "geometry": {"type": "Polygon", "coordinates": [[[50.12525685069271, 26.18945469137384], [50.12525685069271, 26.191700469311318], [50.12308879271717, 26.192823358280055], [50.12092073474163, 26.191700469311318], [50.12092073474163, 26.18945469137384], [50.12308879271717, 26.188331802405102], [50.12525685069271, 26.18945469137384]]]}, "properties": {"congestion_score": 1.0, "congestion_level": "free_flow", "color": "rgb(43,200,43)", "road_pixel_count": 806}}, {"type": "Feature", "geometry": {"type": "Polygon", "coordinates": [[[50.12959296664378, 26.18945469137384], [50.12959296664378, 26.191700469311318], [50.127424908668246, 26.192823358280055], [50.12525685069271, 26.191700469311318], [50.12525685069271, 26.18945469137384], [50.127424908668246, 26.188331802405102], [50.12959296664378, 26.18945469137384]]]}, "properties": {"congestion_score": 1.0, "congestion_level": "free_flow", "color": "rgb(43,200,43)", "road_pixel_count": 196}}, {"type": "Feature", "geometry": {"type": "Polygon", "coordinates": [[[50.133929082594854, 26.18945469137384], [50.133929082594854, 26.191700469311318], [50.131761024619315, 26.192823358280055], [50.12959296664378, 26.191700469311318], [50.12959296664378, 26.18945469137384], [50.131761024619315, 26.188331802405102], [50.133929082594854, 26.18945469137384]]]}, "properties": {"congestion_score": 1.0, "congestion_level": "free_flow", "color": "rgb(43,200,43)", "road_pixel_count": 419}}, {"type": "Feature", "geometry": {"type": "Polygon", "coordinates": [[[50.13826519854592, 26.18945469137384], [50.13826519854592, 26.191700469311318], [50.13609714057039, 26.192823358280055], [50.133929082594854, 26.191700469311318], [50.133929082594854, 26.18945469137384], [50.13609714057039, 26.188331802405102], [50.13826519854592, 26.18945469137384]]]}, "properties": {"congestion_score": 1.0, "congestion_level": "free_flow", "color": "rgb(43,200,43)", "road_pixel_count": 250}}, {"type": "Feature", "geometry": {"type": "Polygon", "coordinates": [[[50.142601314497, 26.18945469137384], [50.142601314497, 26.191700469311318], [50.14043325652146, 26.192823358280055], [50.13826519854592, 26.191700469311318], [50.13826519854592, 26.18945469137384], [50.14043325652146, 26.188331802405102], [50.142601314497, 26.18945469137384]]]}, "properties": {"congestion_score": 1.0, "congestion_level": "free_flow", "color": "rgb(43,200,43)", "road_pixel_count": 542}}, {"type": "Feature", "geometry": {"type": "Polygon", "coordinates": [[[50.14693743044807, 26.18945469137384], [50.14693743044807, 26.191700469311318], [50.14476937247254, 26.192823358280055], [50.142601314497, 26.191700469311318], [50.142601314497, 26.18945469137384], [50.14476937247254, 26.188331802405102], [50.14693743044807, 26.18945469137384]]]}, "properties": {"congestion_score": 1.0, "congestion_level": "free_flow", "color": "rgb(43,200,43)", "road_pixel_count": 26}}, {"type": "Feature", "geometry": {"type": "Polygon", "coordinates": [[[50.151273546399146, 26.18945469137384], [50.151273546399146, 26.191700469311318], [50.14910548842361, 26.192823358280055], [50.14693743044807, 26.191700469311318], [50.14693743044807, 26.18945469137384], [50.14910548842361, 26.188331802405102], [50.151273546399146, 26.18945469137384]]]}, "properties": {"congestion_score": 1.0, "congestion_level": "free_flow", "color": "rgb(43,200,43)", "road_pixel_count": 871}}, {"type": "Feature", "geometry": {"type": "Polygon", "coordinates": [[[50.155609662350216, 26.18945469137384], [50.155609662350216, 26.191700469311318], [50.153441604374684, 26.192823358280055], [50.151273546399146, 26.191700469311318], [50.151273546399146, 26.18945469137384], [50.153441604374684, 26.188331802405102], [50.155609662350216, 26.18945469137384]]]}, "properties": {"congestion_score": 0.896, "congestion_level": "light_congestion", "color": "rgb(255,255,55)", "road_pixel_count": 410}}, {"type": "Feature", "geometry": {"type": "Polygon", "coordinates": [[[50.15994577830129, 26.18945469137384], [50.15994577830129, 26.191700469311318], [50.157777720325754, 26.192823358280055], [50.155609662350216, 26.191700469311318], [50.155609662350216, 26.18945469137384], [50.157777720325754, 26.188331802405102], [50.15994577830129, 26.18945469137384]]]}, "properties": {"congestion_score": 1.0, "congestion_level": "free_flow", "color": "rgb(43,200,43)", "road_pixel_count": 437}}, {"type": "Feature", "geometry": {"type": "Polygon", "coordinates": [[[50.16428189425236, 26.18945469137384], [50.16428189425236, 26.191700469311318], [50.16211383627683, 26.192823358280055], [50.15994577830129, 26.191700469311318], [50.15994577830129, 26.18945469137384], [50.16211383627683, 26.188331802405102], [50.16428189425236, 26.18945469137384]]]}, "properties": {"congestion_score": 1.0, "congestion_level": "free_flow", "color": "rgb(43,200,43)", "road_pixel_count": 830}}, {"type": "Feature", "geometry": {"type": "Polygon", "coordinates": [[[50.16861801020344, 26.18945469137384], [50.16861801020344, 26.191700469311318], [50.1664499522279, 26.192823358280055], [50.16428189425236, 26.191700469311318], [50.16428189425236, 26.18945469137384], [50.1664499522279, 26.188331802405102], [50.16861801020344, 26.18945469137384]]]}, "properties": {"congestion_score": 1.0, "congestion_level": "free_flow", "color": "rgb(43,200,43)", "road_pixel_count": 618}}, {"type": "Feature", "geometry": {"type": "Polygon", "coordinates": [[[50.177290242105585, 26.18945469137384], [50.177290242105585, 26.191700469311318], [50.175122184130046, 26.192823358280055], [50.17295412615451, 26.191700469311318], [50.17295412615451, 26.18945469137384], [50.175122184130046, 26.188331802405102], [50.177290242105585, 26.18945469137384]]]}, "properties": {"congestion_score": 1.0, "congestion_level": "free_flow", "color": "rgb(43,200,43)", "road_pixel_count": 671}}, {"type": "Feature", "geometry": {"type": "Polygon", "coordinates": [[[50.181626358056654, 26.18945469137384], [50.181626358056654, 26.191700469311318], [50.17945830008112, 26.192823358280055], [50.177290242105585, 26.191700469311318], [50.177290242105585, 26.18945469137384], [50.17945830008112, 26.188331802405102], [50.181626358056654, 26.18945469137384]]]}, "properties": {"congestion_score": 1.0, "congestion_level": "free_flow", "color": "rgb(43,200,43)", "road_pixel_count": 538}}, {"type": "Feature", "geometry": {"type": "Polygon", "coordinates": [[[50.18596247400773, 26.18945469137384], [50.18596247400773, 26.191700469311318], [50.18379441603219, 26.192823358280055], [50.181626358056654, 26.191700469311318], [50.181626358056654, 26.18945469137384], [50.18379441603219, 26.188331802405102], [50.18596247400773, 26.18945469137384]]]}, "properties": {"congestion_score": 0.867, "congestion_level": "light_congestion", "color": "rgb(255,255,55)", "road_pixel_count": 676}}, {"type": "Feature", "geometry": {"type": "Polygon", "coordinates": [[[50.1902985899588, 26.18945469137384], [50.1902985899588, 26.191700469311318], [50.18813053198327, 26.192823358280055], [50.18596247400773, 26.191700469311318], [50.18596247400773, 26.18945469137384], [50.18813053198327, 26.188331802405102], [50.1902985899588, 26.18945469137384]]]}, "properties": {"congestion_score": 1.0, "congestion_level": "free_flow", "color": "rgb(43,200,43)", "road_pixel_count": 2532}}, {"type": "Feature", "geometry": {"type": "Polygon", "coordinates": [[[50.19463470590988, 26.18945469137384], [50.19463470590988, 26.191700469311318], [50.19246664793434, 26.192823358280055], [50.1902985899588, 26.191700469311318], [50.1902985899588, 26.18945469137384], [50.19246664793434, 26.188331802405102], [50.19463470590988, 26.18945469137384]]]}, "properties": {"congestion_score": 1.0, "congestion_level": "free_flow", "color": "rgb(43,200,43)", "road_pixel_count": 742}}, {"type": "Feature", "geometry": {"type": "Polygon", "coordinates": [[[50.21197916971417, 26.18945469137384], [50.21197916971417, 26.191700469311318], [50.20981111173863, 26.192823358280055], [50.20764305376309, 26.191700469311318], [50.20764305376309, 26.18945469137384], [50.20981111173863, 26.188331802405102], [50.21197916971417, 26.18945469137384]]]}, "properties": {"congestion_score": 1.0, "congestion_level": "free_flow", "color": "rgb(43,200,43)", "road_pixel_count": 152}}, {"type": "Feature", "geometry": {"type": "Polygon", "coordinates": [[[50.21631528566524, 26.18945469137384], [50.21631528566524, 26.191700469311318], [50.21414722768971, 26.192823358280055], [50.21197916971417, 26.191700469311318], [50.21197916971417, 26.18945469137384], [50.21414722768971, 26.188331802405102], [50.21631528566524, 26.18945469137384]]]}, "properties": {"congestion_score": 1.0, "congestion_level": "free_flow", "color": "rgb(43,200,43)", "road_pixel_count": 980}}, {"type": "Feature", "geometry": {"type": "Polygon", "coordinates": [[[50.30737372063778, 26.18945469137384], [50.30737372063778, 26.191700469311318], [50.30520566266224, 26.192823358280055], [50.3030376046867, 26.191700469311318], [50.3030376046867, 26.18945469137384], [50.30520566266224, 26.188331802405102], [50.30737372063778, 26.18945469137384]]]}, "properties": {"congestion_score": 0.937, "congestion_level": "light_congestion", "color": "rgb(255,255,55)", "road_pixel_count": 301}}, {"type": "Feature", "geometry": {"type": "Polygon", "coordinates": [[[50.31170983658885, 26.18945469137384], [50.31170983658885, 26.191700469311318], [50.309541778613315, 26.192823358280055], [50.30737372063778, 26.191700469311318], [50.30737372063778, 26.18945469137384], [50.309541778613315, 26.188331802405102], [50.31170983658885, 26.18945469137384]]]}, "properties": {"congestion_score": 0.979, "congestion_level": "free_flow", "color": "rgb(43,200,43)", "road_pixel_count": 1757}}, {"type": "Feature", "geometry": {"type": "Polygon", "coordinates": [[[50.31604595253992, 26.18945469137384], [50.31604595253992, 26.191700469311318], [50.313877894564385, 26.192823358280055], [50.31170983658885, 26.191700469311318], [50.31170983658885, 26.18945469137384], [50.313877894564385, 26.188331802405102], [50.31604595253992, 26.18945469137384]]]}, "properties": {"congestion_score": 0.998, "congestion_level": "free_flow", "color": "rgb(43,200,43)", "road_pixel_count": 1173}}, {"type": "Feature", "geometry": {"type": "Polygon", "coordinates": [[[50.12308879271717, 26.192823358280055], [50.12308879271717, 26.195069136217533], [50.12092073474163, 26.19619202518627], [50.1187526767661, 26.195069136217533], [50.1187526767661, 26.192823358280055], [50.12092073474163, 26.191700469311318], [50.12308879271717, 26.192823358280055]]]}, "properties": {"congestion_score": 1.0, "congestion_level": "free_flow", "color": "rgb(43,200,43)", "road_pixel_count": 863}}, {"type": "Feature", "geometry": {"type": "Polygon", "coordinates": [[[50.14043325652146, 26.192823358280055], [50.14043325652146, 26.195069136217533], [50.13826519854592, 26.19619202518627], [50.13609714057039, 26.195069136217533], [50.13609714057039, 26.192823358280055], [50.13826519854592, 26.191700469311318], [50.14043325652146, 26.192823358280055]]]}, "properties": {"congestion_score": 1.0, "congestion_level": "free_flow", "color": "rgb(43,200,43)", "road_pixel_count": 528}}, {"type": "Feature", "geometry": {"type": "Polygon", "coordinates": [[[50.14910548842361, 26.192823358280055], [50.14910548842361, 26.195069136217533], [50.14693743044807, 26.19619202518627], [50.14476937247254, 26.195069136217533], [50.14476937247254, 26.192823358280055], [50.14693743044807, 26.191700469311318], [50.14910548842361, 26.192823358280055]]]}, "properties": {"congestion_score": 1.0, "congestion_level": "free_flow", "color": "rgb(43,200,43)", "road_pixel_count": 505}}, {"type": "Feature", "geometry": {"type": "Polygon", "coordinates": [[[50.16211383627683, 26.192823358280055], [50.16211383627683, 26.195069136217533], [50.15994577830129, 26.19619202518627], [50.157777720325754, 26.195069136217533], [50.157777720325754, 26.192823358280055], [50.15994577830129, 26.191700469311318], [50.16211383627683, 26.192823358280055]]]}, "properties": {"congestion_score": 1.0, "congestion_level": "free_flow", "color": "rgb(43,200,43)", "road_pixel_count": 1122}}, {"type": "Feature", "geometry": {"type": "Polygon", "coordinates": [[[50.1664499522279, 26.192823358280055], [50.1664499522279, 26.195069136217533], [50.16428189425236, 26.19619202518627], [50.16211383627683, 26.195069136217533], [50.16211383627683, 26.192823358280055], [50.16428189425236, 26.191700469311318], [50.1664499522279, 26.192823358280055]]]}, "properties": {"congestion_score": 1.0, "congestion_level": "free_flow", "color": "rgb(43,200,43)", "road_pixel_count": 371}}, {"type": "Feature", "geometry": {"type": "Polygon", "coordinates": [[[50.17078606817898, 26.192823358280055], [50.17078606817898, 26.195069136217533], [50.16861801020344, 26.19619202518627], [50.1664499522279, 26.195069136217533], [50.1664499522279, 26.192823358280055], [50.16861801020344, 26.191700469311318], [50.17078606817898, 26.192823358280055]]]}, "properties": {"congestion_score": 1.0, "congestion_level": "free_flow", "color": "rgb(43,200,43)", "road_pixel_count": 7}}, {"type": "Feature", "geometry": {"type": "Polygon", "coordinates": [[[50.175122184130046, 26.192823358280055], [50.175122184130046, 26.195069136217533], [50.17295412615451, 26.19619202518627], [50.17078606817898, 26.195069136217533], [50.17078606817898, 26.192823358280055], [50.17295412615451, 26.191700469311318], [50.175122184130046, 26.192823358280055]]]}, "properties": {"congestion_score": 1.0, "congestion_level": "free_flow", "color": "rgb(43,200,43)", "road_pixel_count": 674}}, {"type": "Feature", "geometry": {"type": "Polygon", "coordinates": [[[50.17945830008112, 26.192823358280055], [50.17945830008112, 26.195069136217533], [50.177290242105585, 26.19619202518627], [50.175122184130046, 26.195069136217533], [50.175122184130046, 26.192823358280055], [50.177290242105585, 26.191700469311318], [50.17945830008112, 26.192823358280055]]]}, "properties": {"congestion_score": 1.0, "congestion_level": "free_flow", "color": "rgb(43,200,43)", "road_pixel_count": 317}}, {"type": "Feature", "geometry": {"type": "Polygon", "coordinates": [[[50.18813053198327, 26.192823358280055], [50.18813053198327, 26.195069136217533], [50.18596247400773, 26.19619202518627], [50.18379441603219, 26.195069136217533], [50.18379441603219, 26.192823358280055], [50.18596247400773, 26.191700469311318], [50.18813053198327, 26.192823358280055]]]}, "properties": {"congestion_score": 0.971, "congestion_level": "free_flow", "color": "rgb(43,200,43)", "road_pixel_count": 606}}, {"type": "Feature", "geometry": {"type": "Polygon", "coordinates": [[[50.19246664793434, 26.192823358280055], [50.19246664793434, 26.195069136217533], [50.1902985899588, 26.19619202518627], [50.18813053198327, 26.195069136217533], [50.18813053198327, 26.192823358280055], [50.1902985899588, 26.191700469311318], [50.19246664793434, 26.192823358280055]]]}, "properties": {"congestion_score": 1.0, "congestion_level": "free_flow", "color": "rgb(43,200,43)", "road_pixel_count": 2640}}, {"type": "Feature", "geometry": {"type": "Polygon", "coordinates": [[[50.196802763885415, 26.192823358280055], [50.196802763885415, 26.195069136217533], [50.19463470590988, 26.19619202518627], [50.19246664793434, 26.195069136217533], [50.19246664793434, 26.192823358280055], [50.19463470590988, 26.191700469311318], [50.196802763885415, 26.192823358280055]]]}, "properties": {"congestion_score": 1.0, "congestion_level": "free_flow", "color": "rgb(43,200,43)", "road_pixel_count": 580}}, {"type": "Feature", "geometry": {"type": "Polygon", "coordinates": [[[50.201138879836485, 26.192823358280055], [50.201138879836485, 26.195069136217533], [50.19897082186095, 26.19619202518627], [50.196802763885415, 26.195069136217533], [50.196802763885415, 26.192823358280055], [50.19897082186095, 26.191700469311318], [50.201138879836485, 26.192823358280055]]]}, "properties": {"congestion_score": 1.0, "congestion_level": "free_flow", "color": "rgb(43,200,43)", "road_pixel_count": 521}}, {"type": "Feature", "geometry": {"type": "Polygon", "coordinates": [[[50.20547499578756, 26.192823358280055], [50.20547499578756, 26.195069136217533], [50.20330693781202, 26.19619202518627], [50.201138879836485, 26.195069136217533], [50.201138879836485, 26.192823358280055], [50.20330693781202, 26.191700469311318], [50.20547499578756, 26.192823358280055]]]}, "properties": {"congestion_score": 1.0, "congestion_level": "free_flow", "color": "rgb(43,200,43)", "road_pixel_count": 783}}, {"type": "Feature", "geometry": {"type": "Polygon", "coordinates": [[[50.20981111173863, 26.192823358280055], [50.20981111173863, 26.195069136217533], [50.20764305376309, 26.19619202518627], [50.20547499578756, 26.195069136217533], [50.20547499578756, 26.192823358280055], [50.20764305376309, 26.191700469311318], [50.20981111173863, 26.192823358280055]]]}, "properties": {"congestion_score": 1.0, "congestion_level": "free_flow", "color": "rgb(43,200,43)", "road_pixel_count": 512}}, {"type": "Feature", "geometry": {"type": "Polygon", "coordinates": [[[50.21414722768971, 26.192823358280055], [50.21414722768971, 26.195069136217533], [50.21197916971417, 26.19619202518627], [50.20981111173863, 26.195069136217533], [50.20981111173863, 26.192823358280055], [50.21197916971417, 26.191700469311318], [50.21414722768971, 26.192823358280055]]]}, "properties": {"congestion_score": 1.0, "congestion_level": "free_flow", "color": "rgb(43,200,43)", "road_pixel_count": 1818}}, {"type": "Feature", "geometry": {"type": "Polygon", "coordinates": [[[50.30086954671117, 26.192823358280055], [50.30086954671117, 26.195069136217533], [50.29870148873563, 26.19619202518627], [50.29653343076009, 26.195069136217533], [50.29653343076009, 26.192823358280055], [50.29870148873563, 26.191700469311318], [50.30086954671117, 26.192823358280055]]]}, "properties": {"congestion_score": 0.998, "congestion_level": "free_flow", "color": "rgb(43,200,43)", "road_pixel_count": 468}}, {"type": "Feature", "geometry": {"type": "Polygon", "coordinates": [[[50.30520566266224, 26.192823358280055], [50.30520566266224, 26.195069136217533], [50.3030376046867, 26.19619202518627], [50.30086954671117, 26.195069136217533], [50.30086954671117, 26.192823358280055], [50.3030376046867, 26.191700469311318], [50.30520566266224, 26.192823358280055]]]}, "properties": {"congestion_score": 0.99, "congestion_level": "free_flow", "color": "rgb(43,200,43)", "road_pixel_count": 1804}}, {"type": "Feature", "geometry": {"type": "Polygon", "coordinates": [[[50.309541778613315, 26.192823358280055], [50.309541778613315, 26.195069136217533], [50.30737372063778, 26.19619202518627], [50.30520566266224, 26.195069136217533], [50.30520566266224, 26.192823358280055], [50.30737372063778, 26.191700469311318], [50.309541778613315, 26.192823358280055]]]}, "properties": {"congestion_score": 0.998, "congestion_level": "free_flow", "color": "rgb(43,200,43)", "road_pixel_count": 974}}, {"type": "Feature", "geometry": {"type": "Polygon", "coordinates": [[[50.12525685069271, 26.19619202518627], [50.12525685069271, 26.19843780312375], [50.12308879271717, 26.19956069209249], [50.12092073474163, 26.19843780312375], [50.12092073474163, 26.19619202518627], [50.12308879271717, 26.195069136217533], [50.12525685069271, 26.19619202518627]]]}, "properties": {"congestion_score": 1.0, "congestion_level": "free_flow", "color": "rgb(43,200,43)", "road_pixel_count": 639}}, {"type": "Feature", "geometry": {"type": "Polygon", "coordinates": [[[50.142601314497, 26.19619202518627], [50.142601314497, 26.19843780312375], [50.14043325652146, 26.19956069209249], [50.13826519854592, 26.19843780312375], [50.13826519854592, 26.19619202518627], [50.14043325652146, 26.195069136217533], [50.142601314497, 26.19619202518627]]]}, "properties": {"congestion_score": 1.0, "congestion_level": "free_flow", "color": "rgb(43,200,43)", "road_pixel_count": 705}}, {"type": "Feature", "geometry": {"type": "Polygon", "coordinates": [[[50.14693743044807, 26.19619202518627], [50.14693743044807, 26.19843780312375], [50.14476937247254, 26.19956069209249], [50.142601314497, 26.19843780312375], [50.142601314497, 26.19619202518627], [50.14476937247254, 26.195069136217533], [50.14693743044807, 26.19619202518627]]]}, "properties": {"congestion_score": 1.0, "congestion_level": "free_flow", "color": "rgb(43,200,43)", "road_pixel_count": 410}}, {"type": "Feature", "geometry": {"type": "Polygon", "coordinates": [[[50.151273546399146, 26.19619202518627], [50.151273546399146, 26.19843780312375], [50.14910548842361, 26.19956069209249], [50.14693743044807, 26.19843780312375], [50.14693743044807, 26.19619202518627], [50.14910548842361, 26.195069136217533], [50.151273546399146, 26.19619202518627]]]}, "properties": {"congestion_score": 1.0, "congestion_level": "free_flow", "color": "rgb(43,200,43)", "road_pixel_count": 1124}}, {"type": "Feature", "geometry": {"type": "Polygon", "coordinates": [[[50.155609662350216, 26.19619202518627], [50.155609662350216, 26.19843780312375], [50.153441604374684, 26.19956069209249], [50.151273546399146, 26.19843780312375], [50.151273546399146, 26.19619202518627], [50.153441604374684, 26.195069136217533], [50.155609662350216, 26.19619202518627]]]}, "properties": {"congestion_score": 1.0, "congestion_level": "free_flow", "color": "rgb(43,200,43)", "road_pixel_count": 936}}, {"type": "Feature", "geometry": {"type": "Polygon", "coordinates": [[[50.15994577830129, 26.19619202518627], [50.15994577830129, 26.19843780312375], [50.157777720325754, 26.19956069209249], [50.155609662350216, 26.19843780312375], [50.155609662350216, 26.19619202518627], [50.157777720325754, 26.195069136217533], [50.15994577830129, 26.19619202518627]]]}, "properties": {"congestion_score": 1.0, "congestion_level": "free_flow", "color": "rgb(43,200,43)", "road_pixel_count": 927}}, {"type": "Feature", "geometry": {"type": "Polygon", "coordinates": [[[50.16428189425236, 26.19619202518627], [50.16428189425236, 26.19843780312375], [50.16211383627683, 26.19956069209249], [50.15994577830129, 26.19843780312375], [50.15994577830129, 26.19619202518627], [50.16211383627683, 26.195069136217533], [50.16428189425236, 26.19619202518627]]]}, "properties": {"congestion_score": 1.0, "congestion_level": "free_flow", "color": "rgb(43,200,43)", "road_pixel_count": 1250}}, {"type": "Feature", "geometry": {"type": "Polygon", "coordinates": [[[50.16861801020344, 26.19619202518627], [50.16861801020344, 26.19843780312375], [50.1664499522279, 26.19956069209249], [50.16428189425236, 26.19843780312375], [50.16428189425236, 26.19619202518627], [50.1664499522279, 26.195069136217533], [50.16861801020344, 26.19619202518627]]]}, "properties": {"congestion_score": 1.0, "congestion_level": "free_flow", "color": "rgb(43,200,43)", "road_pixel_count": 778}}, {"type": "Feature", "geometry": {"type": "Polygon", "coordinates": [[[50.17295412615451, 26.19619202518627], [50.17295412615451, 26.19843780312375], [50.17078606817898, 26.19956069209249], [50.16861801020344, 26.19843780312375], [50.16861801020344, 26.19619202518627], [50.17078606817898, 26.195069136217533], [50.17295412615451, 26.19619202518627]]]}, "properties": {"congestion_score": 1.0, "congestion_level": "free_flow", "color": "rgb(43,200,43)", "road_pixel_count": 39}}, {"type": "Feature", "geometry": {"type": "Polygon", "coordinates": [[[50.18596247400773, 26.19619202518627], [50.18596247400773, 26.19843780312375], [50.18379441603219, 26.19956069209249], [50.181626358056654, 26.19843780312375], [50.181626358056654, 26.19619202518627], [50.18379441603219, 26.195069136217533], [50.18596247400773, 26.19619202518627]]]}, "properties": {"congestion_score": 1.0, "congestion_level": "free_flow", "color": "rgb(43,200,43)", "road_pixel_count": 180}}, {"type": "Feature", "geometry": {"type": "Polygon", "coordinates": [[[50.1902985899588, 26.19619202518627], [50.1902985899588, 26.19843780312375], [50.18813053198327, 26.19956069209249], [50.18596247400773, 26.19843780312375], [50.18596247400773, 26.19619202518627], [50.18813053198327, 26.195069136217533], [50.1902985899588, 26.19619202518627]]]}, "properties": {"congestion_score": 1.0, "congestion_level": "free_flow", "color": "rgb(43,200,43)", "road_pixel_count": 1262}}, {"type": "Feature", "geometry": {"type": "Polygon", "coordinates": [[[50.19463470590988, 26.19619202518627], [50.19463470590988, 26.19843780312375], [50.19246664793434, 26.19956069209249], [50.1902985899588, 26.19843780312375], [50.1902985899588, 26.19619202518627], [50.19246664793434, 26.195069136217533], [50.19463470590988, 26.19619202518627]]]}, "properties": {"congestion_score": 1.0, "congestion_level": "free_flow", "color": "rgb(43,200,43)", "road_pixel_count": 1802}}, {"type": "Feature", "geometry": {"type": "Polygon", "coordinates": [[[50.19897082186095, 26.19619202518627], [50.19897082186095, 26.19843780312375], [50.196802763885415, 26.19956069209249], [50.19463470590988, 26.19843780312375], [50.19463470590988, 26.19619202518627], [50.196802763885415, 26.195069136217533], [50.19897082186095, 26.19619202518627]]]}, "properties": {"congestion_score": 1.0, "congestion_level": "free_flow", "color": "rgb(43,200,43)", "road_pixel_count": 135}}, {"type": "Feature", "geometry": {"type": "Polygon", "coordinates": [[[50.20330693781202, 26.19619202518627], [50.20330693781202, 26.19843780312375], [50.201138879836485, 26.19956069209249], [50.19897082186095, 26.19843780312375], [50.19897082186095, 26.19619202518627], [50.201138879836485, 26.195069136217533], [50.20330693781202, 26.19619202518627]]]}, "properties": {"congestion_score": 1.0, "congestion_level": "free_flow", "color": "rgb(43,200,43)", "road_pixel_count": 444}}, {"type": "Feature", "geometry": {"type": "Polygon", "coordinates": [[[50.21197916971417, 26.19619202518627], [50.21197916971417, 26.19843780312375], [50.20981111173863, 26.19956069209249], [50.20764305376309, 26.19843780312375], [50.20764305376309, 26.19619202518627], [50.20981111173863, 26.195069136217533], [50.21197916971417, 26.19619202518627]]]}, "properties": {"congestion_score": 1.0, "congestion_level": "free_flow", "color": "rgb(43,200,43)", "road_pixel_count": 24}}, {"type": "Feature", "geometry": {"type": "Polygon", "coordinates": [[[50.21631528566524, 26.19619202518627], [50.21631528566524, 26.19843780312375], [50.21414722768971, 26.19956069209249], [50.21197916971417, 26.19843780312375], [50.21197916971417, 26.19619202518627], [50.21414722768971, 26.195069136217533], [50.21631528566524, 26.19619202518627]]]}, "properties": {"congestion_score": 1.0, "congestion_level": "free_flow", "color": "rgb(43,200,43)", "road_pixel_count": 1257}}, {"type": "Feature", "geometry": {"type": "Polygon", "coordinates": [[[50.294365372784554, 26.19619202518627], [50.294365372784554, 26.19843780312375], [50.29219731480902, 26.19956069209249], [50.290029256833485, 26.19843780312375], [50.290029256833485, 26.19619202518627], [50.29219731480902, 26.195069136217533], [50.294365372784554, 26.19619202518627]]]}, "properties": {"congestion_score": 1.0, "congestion_level": "free_flow", "color": "rgb(43,200,43)", "road_pixel_count": 610}}, {"type": "Feature", "geometry": {"type": "Polygon", "coordinates": [[[50.29870148873563, 26.19619202518627], [50.29870148873563, 26.19843780312375], [50.29653343076009, 26.19956069209249], [50.294365372784554, 26.19843780312375], [50.294365372784554, 26.19619202518627], [50.29653343076009, 26.195069136217533], [50.29870148873563, 26.19619202518627]]]}, "properties": {"congestion_score": 0.999, "congestion_level": "free_flow", "color": "rgb(43,200,43)", "road_pixel_count": 1815}}, {"type": "Feature", "geometry": {"type": "Polygon", "coordinates": [[[50.3030376046867, 26.19619202518627], [50.3030376046867, 26.19843780312375], [50.30086954671117, 26.19956069209249], [50.29870148873563, 26.19843780312375], [50.29870148873563, 26.19619202518627], [50.30086954671117, 26.195069136217533], [50.3030376046867, 26.19619202518627]]]}, "properties": {"congestion_score": 1.0, "congestion_level": "free_flow", "color": "rgb(43,200,43)", "road_pixel_count": 769}}, {"type": "Feature", "geometry": {"type": "Polygon", "coordinates": [[[50.12308879271717, 26.19956069209249], [50.12308879271717, 26.201806470029965], [50.12092073474163, 26.202929358998706], [50.1187526767661, 26.201806470029965], [50.1187526767661, 26.19956069209249], [50.12092073474163, 26.19843780312375], [50.12308879271717, 26.19956069209249]]]}, "properties": {"congestion_score": 1.0, "congestion_level": "free_flow", "color": "rgb(43,200,43)", "road_pixel_count": 902}}, {"type": "Feature", "geometry": {"type": "Polygon", "coordinates": [[[50.14476937247254, 26.19956069209249], [50.14476937247254, 26.201806470029965], [50.142601314497, 26.202929358998706], [50.14043325652146, 26.201806470029965], [50.14043325652146, 26.19956069209249], [50.142601314497, 26.19843780312375], [50.14476937247254, 26.19956069209249]]]}, "properties": {"congestion_score": 1.0, "congestion_level": "free_flow", "color": "rgb(43,200,43)", "road_pixel_count": 347}}, {"type": "Feature", "geometry": {"type": "Polygon", "coordinates": [[[50.14910548842361, 26.19956069209249], [50.14910548842361, 26.201806470029965], [50.14693743044807, 26.202929358998706], [50.14476937247254, 26.201806470029965], [50.14476937247254, 26.19956069209249], [50.14693743044807, 26.19843780312375], [50.14910548842361, 26.19956069209249]]]}, "properties": {"congestion_score": 1.0, "congestion_level": "free_flow", "color": "rgb(43,200,43)", "road_pixel_count": 35}}, {"type": "Feature", "geometry": {"type": "Polygon", "coordinates": [[[50.16211383627683, 26.19956069209249], [50.16211383627683, 26.201806470029965], [50.15994577830129, 26.202929358998706], [50.157777720325754, 26.201806470029965], [50.157777720325754, 26.19956069209249], [50.15994577830129, 26.19843780312375], [50.16211383627683, 26.19956069209249]]]}, "properties": {"congestion_score": 1.0, "congestion_level": "free_flow", "color": "rgb(43,200,43)", "road_pixel_count": 518}}, {"type": "Feature", "geometry": {"type": "Polygon", "coordinates": [[[50.1664499522279, 26.19956069209249], [50.1664499522279, 26.201806470029965], [50.16428189425236, 26.202929358998706], [50.16211383627683, 26.201806470029965], [50.16211383627683, 26.19956069209249], [50.16428189425236, 26.19843780312375], [50.1664499522279, 26.19956069209249]]]}, "properties": {"congestion_score": 1.0, "congestion_level": "free_flow", "color": "rgb(43,200,43)", "road_pixel_count": 761}}, {"type": "Feature", "geometry": {"type": "Polygon", "coordinates": [[[50.17078606817898, 26.19956069209249], [50.17078606817898, 26.201806470029965], [50.16861801020344, 26.202929358998706], [50.1664499522279, 26.201806470029965], [50.1664499522279, 26.19956069209249], [50.16861801020344, 26.19843780312375], [50.17078606817898, 26.19956069209249]]]}, "properties": {"congestion_score": 1.0, "congestion_level": "free_flow", "color": "rgb(43,200,43)", "road_pixel_count": 3}}, {"type": "Feature", "geometry": {"type": "Polygon", "coordinates": [[[50.18379441603219, 26.19956069209249], [50.18379441603219, 26.201806470029965], [50.181626358056654, 26.202929358998706], [50.17945830008112, 26.201806470029965], [50.17945830008112, 26.19956069209249], [50.181626358056654, 26.19843780312375], [50.18379441603219, 26.19956069209249]]]}, "properties": {"congestion_score": 1.0, "congestion_level": "free_flow", "color": "rgb(43,200,43)", "road_pixel_count": 1126}}, {"type": "Feature", "geometry": {"type": "Polygon", "coordinates": [[[50.18813053198327, 26.19956069209249], [50.18813053198327, 26.201806470029965], [50.18596247400773, 26.202929358998706], [50.18379441603219, 26.201806470029965], [50.18379441603219, 26.19956069209249], [50.18596247400773, 26.19843780312375], [50.18813053198327, 26.19956069209249]]]}, "properties": {"congestion_score": 1.0, "congestion_level": "free_flow", "color": "rgb(43,200,43)", "road_pixel_count": 1711}}, {"type": "Feature", "geometry": {"type": "Polygon", "coordinates": [[[50.19246664793434, 26.19956069209249], [50.19246664793434, 26.201806470029965], [50.1902985899588, 26.202929358998706], [50.18813053198327, 26.201806470029965], [50.18813053198327, 26.19956069209249], [50.1902985899588, 26.19843780312375], [50.19246664793434, 26.19956069209249]]]}, "properties": {"congestion_score": 0.999, "congestion_level": "free_flow", "color": "rgb(43,200,43)", "road_pixel_count": 1148}}, {"type": "Feature", "geometry": {"type": "Polygon", "coordinates": [[[50.196802763885415, 26.19956069209249], [50.196802763885415, 26.201806470029965], [50.19463470590988, 26.202929358998706], [50.19246664793434, 26.201806470029965], [50.19246664793434, 26.19956069209249], [50.19463470590988, 26.19843780312375], [50.196802763885415, 26.19956069209249]]]}, "properties": {"congestion_score": 1.0, "congestion_level": "free_flow", "color": "rgb(43,200,43)", "road_pixel_count": 2531}}, {"type": "Feature", "geometry": {"type": "Polygon", "coordinates": [[[50.201138879836485, 26.19956069209249], [50.201138879836485, 26.201806470029965], [50.19897082186095, 26.202929358998706], [50.196802763885415, 26.201806470029965], [50.196802763885415, 26.19956069209249], [50.19897082186095, 26.19843780312375], [50.201138879836485, 26.19956069209249]]]}, "properties": {"congestion_score": 1.0, "congestion_level": "free_flow", "color": "rgb(43,200,43)", "road_pixel_count": 2016}}, {"type": "Feature", "geometry": {"type": "Polygon", "coordinates": [[[50.20547499578756, 26.19956069209249], [50.20547499578756, 26.201806470029965], [50.20330693781202, 26.202929358998706], [50.201138879836485, 26.201806470029965], [50.201138879836485, 26.19956069209249], [50.20330693781202, 26.19843780312375], [50.20547499578756, 26.19956069209249]]]}, "properties": {"congestion_score": 1.0, "congestion_level": "free_flow", "color": "rgb(43,200,43)", "road_pixel_count": 1999}}, {"type": "Feature", "geometry": {"type": "Polygon", "coordinates": [[[50.20981111173863, 26.19956069209249], [50.20981111173863, 26.201806470029965], [50.20764305376309, 26.202929358998706], [50.20547499578756, 26.201806470029965], [50.20547499578756, 26.19956069209249], [50.20764305376309, 26.19843780312375], [50.20981111173863, 26.19956069209249]]]}, "properties": {"congestion_score": 0.992, "congestion_level": "free_flow", "color": "rgb(43,200,43)", "road_pixel_count": 1861}}, {"type": "Feature", "geometry": {"type": "Polygon", "coordinates": [[[50.21414722768971, 26.19956069209249], [50.21414722768971, 26.201806470029965], [50.21197916971417, 26.202929358998706], [50.20981111173863, 26.201806470029965], [50.20981111173863, 26.19956069209249], [50.21197916971417, 26.19843780312375], [50.21414722768971, 26.19956069209249]]]}, "properties": {"congestion_score": 1.0, "congestion_level": "free_flow", "color": "rgb(43,200,43)", "road_pixel_count": 2403}}, {"type": "Feature", "geometry": {"type": "Polygon", "coordinates": [[[50.28786119885795, 26.19956069209249], [50.28786119885795, 26.201806470029965], [50.28569314088241, 26.202929358998706], [50.28352508290688, 26.201806470029965], [50.28352508290688, 26.19956069209249], [50.28569314088241, 26.19843780312375], [50.28786119885795, 26.19956069209249]]]}, "properties": {"congestion_score": 1.0, "congestion_level": "free_flow", "color": "rgb(43,200,43)", "road_pixel_count": 793}}, {"type": "Feature", "geometry": {"type": "Polygon", "coordinates": [[[50.29219731480902, 26.19956069209249], [50.29219731480902, 26.201806470029965], [50.290029256833485, 26.202929358998706], [50.28786119885795, 26.201806470029965], [50.28786119885795, 26.19956069209249], [50.290029256833485, 26.19843780312375], [50.29219731480902, 26.19956069209249]]]}, "properties": {"congestion_score": 1.0, "congestion_level": "free_flow", "color": "rgb(43,200,43)", "road_pixel_count": 1821}}, {"type": "Feature", "geometry": {"type": "Polygon", "coordinates": [[[50.29653343076009, 26.19956069209249], [50.29653343076009, 26.201806470029965], [50.294365372784554, 26.202929358998706], [50.29219731480902, 26.201806470029965], [50.29219731480902, 26.19956069209249], [50.294365372784554, 26.19843780312375], [50.29653343076009, 26.19956069209249]]]}, "properties": {"congestion_score": 1.0, "congestion_level": "free_flow", "color": "rgb(43,200,43)", "road_pixel_count": 615}}, {"type": "Feature", "geometry": {"type": "Polygon", "coordinates": [[[50.12092073474163, 26.202929358998706], [50.12092073474163, 26.205175136936184], [50.1187526767661, 26.20629802590492], [50.11658461879056, 26.205175136936184], [50.11658461879056, 26.202929358998706], [50.1187526767661, 26.201806470029965], [50.12092073474163, 26.202929358998706]]]}, "properties": {"congestion_score": 1.0, "congestion_level": "free_flow", "color": "rgb(43,200,43)", "road_pixel_count": 84}}, {"type": "Feature", "geometry": {"type": "Polygon", "coordinates": [[[50.12525685069271, 26.202929358998706], [50.12525685069271, 26.205175136936184], [50.12308879271717, 26.20629802590492], [50.12092073474163, 26.205175136936184], [50.12092073474163, 26.202929358998706], [50.12308879271717, 26.201806470029965], [50.12525685069271, 26.202929358998706]]]}, "properties": {"congestion_score": 1.0, "congestion_level": "free_flow", "color": "rgb(43,200,43)", "road_pixel_count": 531}}, {"type": "Feature", "geometry": {"type": "Polygon", "coordinates": [[[50.16428189425236, 26.202929358998706], [50.16428189425236, 26.205175136936184], [50.16211383627683, 26.20629802590492], [50.15994577830129, 26.205175136936184], [50.15994577830129, 26.202929358998706], [50.16211383627683, 26.201806470029965], [50.16428189425236, 26.202929358998706]]]}, "properties": {"congestion_score": 1.0, "congestion_level": "free_flow", "color": "rgb(43,200,43)", "road_pixel_count": 1284}}, {"type": "Feature", "geometry": {"type": "Polygon", "coordinates": [[[50.16861801020344, 26.202929358998706], [50.16861801020344, 26.205175136936184], [50.1664499522279, 26.20629802590492], [50.16428189425236, 26.205175136936184], [50.16428189425236, 26.202929358998706], [50.1664499522279, 26.201806470029965], [50.16861801020344, 26.202929358998706]]]}, "properties": {"congestion_score": 1.0, "congestion_level": "free_flow", "color": "rgb(43,200,43)", "road_pixel_count": 502}}, {"type": "Feature", "geometry": {"type": "Polygon", "coordinates": [[[50.17295412615451, 26.202929358998706], [50.17295412615451, 26.205175136936184], [50.17078606817898, 26.20629802590492], [50.16861801020344, 26.205175136936184], [50.16861801020344, 26.202929358998706], [50.17078606817898, 26.201806470029965], [50.17295412615451, 26.202929358998706]]]}, "properties": {"congestion_score": 1.0, "congestion_level": "free_flow", "color": "rgb(43,200,43)", "road_pixel_count": 365}}, {"type": "Feature", "geometry": {"type": "Polygon", "coordinates": [[[50.177290242105585, 26.202929358998706], [50.177290242105585, 26.205175136936184], [50.175122184130046, 26.20629802590492], [50.17295412615451, 26.205175136936184], [50.17295412615451, 26.202929358998706], [50.175122184130046, 26.201806470029965], [50.177290242105585, 26.202929358998706]]]}, "properties": {"congestion_score": 1.0, "congestion_level": "free_flow", "color": "rgb(43,200,43)", "road_pixel_count": 307}}, {"type": "Feature", "geometry": {"type": "Polygon", "coordinates": [[[50.181626358056654, 26.202929358998706], [50.181626358056654, 26.205175136936184], [50.17945830008112, 26.20629802590492], [50.177290242105585, 26.205175136936184], [50.177290242105585, 26.202929358998706], [50.17945830008112, 26.201806470029965], [50.181626358056654, 26.202929358998706]]]}, "properties": {"congestion_score": 1.0, "congestion_level": "free_flow", "color": "rgb(43,200,43)", "road_pixel_count": 2253}}, {"type": "Feature", "geometry": {"type": "Polygon", "coordinates": [[[50.18596247400773, 26.202929358998706], [50.18596247400773, 26.205175136936184], [50.18379441603219, 26.20629802590492], [50.181626358056654, 26.205175136936184], [50.181626358056654, 26.202929358998706], [50.18379441603219, 26.201806470029965], [50.18596247400773, 26.202929358998706]]]}, "properties": {"congestion_score": 1.0, "congestion_level": "free_flow", "color": "rgb(43,200,43)", "road_pixel_count": 1158}}, {"type": "Feature", "geometry": {"type": "Polygon", "coordinates": [[[50.1902985899588, 26.202929358998706], [50.1902985899588, 26.205175136936184], [50.18813053198327, 26.20629802590492], [50.18596247400773, 26.205175136936184], [50.18596247400773, 26.202929358998706], [50.18813053198327, 26.201806470029965], [50.1902985899588, 26.202929358998706]]]}, "properties": {"congestion_score": 0.988, "congestion_level": "free_flow", "color": "rgb(43,200,43)", "road_pixel_count": 1195}}, {"type": "Feature", "geometry": {"type": "Polygon", "coordinates": [[[50.19463470590988, 26.202929358998706], [50.19463470590988, 26.205175136936184], [50.19246664793434, 26.20629802590492], [50.1902985899588, 26.205175136936184], [50.1902985899588, 26.202929358998706], [50.19246664793434, 26.201806470029965], [50.19463470590988, 26.202929358998706]]]}, "properties": {"congestion_score": 1.0, "congestion_level": "free_flow", "color": "rgb(43,200,43)", "road_pixel_count": 77}}, {"type": "Feature", "geometry": {"type": "Polygon", "coordinates": [[[50.19897082186095, 26.202929358998706], [50.19897082186095, 26.205175136936184], [50.196802763885415, 26.20629802590492], [50.19463470590988, 26.205175136936184], [50.19463470590988, 26.202929358998706], [50.196802763885415, 26.201806470029965], [50.19897082186095, 26.202929358998706]]]}, "properties": {"congestion_score": 1.0, "congestion_level": "free_flow", "color": "rgb(43,200,43)", "road_pixel_count": 2144}}, {"type": "Feature", "geometry": {"type": "Polygon", "coordinates": [[[50.20330693781202, 26.202929358998706], [50.20330693781202, 26.205175136936184], [50.201138879836485, 26.20629802590492], [50.19897082186095, 26.205175136936184], [50.19897082186095, 26.202929358998706], [50.201138879836485, 26.201806470029965], [50.20330693781202, 26.202929358998706]]]}, "properties": {"congestion_score": 1.0, "congestion_level": "free_flow", "color": "rgb(43,200,43)", "road_pixel_count": 1006}}, {"type": "Feature", "geometry": {"type": "Polygon", "coordinates": [[[50.20764305376309, 26.202929358998706], [50.20764305376309, 26.205175136936184], [50.20547499578756, 26.20629802590492], [50.20330693781202, 26.205175136936184], [50.20330693781202, 26.202929358998706], [50.20547499578756, 26.201806470029965], [50.20764305376309, 26.202929358998706]]]}, "properties": {"congestion_score": 0.762, "congestion_level": "light_congestion", "color": "rgb(255,255,55)", "road_pixel_count": 266}}, {"type": "Feature", "geometry": {"type": "Polygon", "coordinates": [[[50.21197916971417, 26.202929358998706], [50.21197916971417, 26.205175136936184], [50.20981111173863, 26.20629802590492], [50.20764305376309, 26.205175136936184], [50.20764305376309, 26.202929358998706], [50.20981111173863, 26.201806470029965], [50.21197916971417, 26.202929358998706]]]}, "properties": {"congestion_score": 0.94, "congestion_level": "light_congestion", "color": "rgb(255,255,55)", "road_pixel_count": 1120}}, {"type": "Feature", "geometry": {"type": "Polygon", "coordinates": [[[50.21631528566524, 26.202929358998706], [50.21631528566524, 26.205175136936184], [50.21414722768971, 26.20629802590492], [50.21197916971417, 26.205175136936184], [50.21197916971417, 26.202929358998706], [50.21414722768971, 26.201806470029965], [50.21631528566524, 26.202929358998706]]]}, "properties": {"congestion_score": 1.0, "congestion_level": "free_flow", "color": "rgb(43,200,43)", "road_pixel_count": 1261}}, {"type": "Feature", "geometry": {"type": "Polygon", "coordinates": [[[50.28135702493134, 26.202929358998706], [50.28135702493134, 26.205175136936184], [50.2791889669558, 26.20629802590492], [50.27702090898026, 26.205175136936184], [50.27702090898026, 26.202929358998706], [50.2791889669558, 26.201806470029965], [50.28135702493134, 26.202929358998706]]]}, "properties": {"congestion_score": 1.0, "congestion_level": "free_flow", "color": "rgb(43,200,43)", "road_pixel_count": 993}}, {"type": "Feature", "geometry": {"type": "Polygon", "coordinates": [[[50.28569314088241, 26.202929358998706], [50.28569314088241, 26.205175136936184], [50.28352508290688, 26.20629802590492], [50.28135702493134, 26.205175136936184], [50.28135702493134, 26.202929358998706], [50.28352508290688, 26.201806470029965], [50.28569314088241, 26.202929358998706]]]}, "properties": {"congestion_score": 1.0, "congestion_level": "free_flow", "color": "rgb(43,200,43)", "road_pixel_count": 1805}}, {"type": "Feature", "geometry": {"type": "Polygon", "coordinates": [[[50.290029256833485, 26.202929358998706], [50.290029256833485, 26.205175136936184], [50.28786119885795, 26.20629802590492], [50.28569314088241, 26.205175136936184], [50.28569314088241, 26.202929358998706], [50.28786119885795, 26.201806470029965], [50.290029256833485, 26.202929358998706]]]}, "properties": {"congestion_score": 1.0, "congestion_level": "free_flow", "color": "rgb(43,200,43)", "road_pixel_count": 450}}, {"type": "Feature", "geometry": {"type": "Polygon", "coordinates": [[[50.12308879271717, 26.20629802590492], [50.12308879271717, 26.2085438038424], [50.12092073474163, 26.209666692811137], [50.1187526767661, 26.2085438038424], [50.1187526767661, 26.20629802590492], [50.12092073474163, 26.205175136936184], [50.12308879271717, 26.20629802590492]]]}, "properties": {"congestion_score": 1.0, "congestion_level": "free_flow", "color": "rgb(43,200,43)", "road_pixel_count": 953}}, {"type": "Feature", "geometry": {"type": "Polygon", "coordinates": [[[50.1664499522279, 26.20629802590492], [50.1664499522279, 26.2085438038424], [50.16428189425236, 26.209666692811137], [50.16211383627683, 26.2085438038424], [50.16211383627683, 26.20629802590492], [50.16428189425236, 26.205175136936184], [50.1664499522279, 26.20629802590492]]]}, "properties": {"congestion_score": 1.0, "congestion_level": "free_flow", "color": "rgb(43,200,43)", "road_pixel_count": 1083}}, {"type": "Feature", "geometry": {"type": "Polygon", "coordinates": [[[50.17078606817898, 26.20629802590492], [50.17078606817898, 26.2085438038424], [50.16861801020344, 26.209666692811137], [50.1664499522279, 26.2085438038424], [50.1664499522279, 26.20629802590492], [50.16861801020344, 26.205175136936184], [50.17078606817898, 26.20629802590492]]]}, "properties": {"congestion_score": 1.0, "congestion_level": "free_flow", "color": "rgb(43,200,43)", "road_pixel_count": 212}}, {"type": "Feature", "geometry": {"type": "Polygon", "coordinates": [[[50.175122184130046, 26.20629802590492], [50.175122184130046, 26.2085438038424], [50.17295412615451, 26.209666692811137], [50.17078606817898, 26.2085438038424], [50.17078606817898, 26.20629802590492], [50.17295412615451, 26.205175136936184], [50.175122184130046, 26.20629802590492]]]}, "properties": {"congestion_score": 1.0, "congestion_level": "free_flow", "color": "rgb(43,200,43)", "road_pixel_count": 1617}}, {"type": "Feature", "geometry": {"type": "Polygon", "coordinates": [[[50.17945830008112, 26.20629802590492], [50.17945830008112, 26.2085438038424], [50.177290242105585, 26.209666692811137], [50.175122184130046, 26.2085438038424], [50.175122184130046, 26.20629802590492], [50.177290242105585, 26.205175136936184], [50.17945830008112, 26.20629802590492]]]}, "properties": {"congestion_score": 1.0, "congestion_level": "free_flow", "color": "rgb(43,200,43)", "road_pixel_count": 1720}}, {"type": "Feature", "geometry": {"type": "Polygon", "coordinates": [[[50.18379441603219, 26.20629802590492], [50.18379441603219, 26.2085438038424], [50.181626358056654, 26.209666692811137], [50.17945830008112, 26.2085438038424], [50.17945830008112, 26.20629802590492], [50.181626358056654, 26.205175136936184], [50.18379441603219, 26.20629802590492]]]}, "properties": {"congestion_score": 1.0, "congestion_level": "free_flow", "color": "rgb(43,200,43)", "road_pixel_count": 1368}}, {"type": "Feature", "geometry": {"type": "Polygon", "coordinates": [[[50.18813053198327, 26.20629802590492], [50.18813053198327, 26.2085438038424], [50.18596247400773, 26.209666692811137], [50.18379441603219, 26.2085438038424], [50.18379441603219, 26.20629802590492], [50.18596247400773, 26.205175136936184], [50.18813053198327, 26.20629802590492]]]}, "properties": {"congestion_score": 1.0, "congestion_level": "free_flow", "color": "rgb(43,200,43)", "road_pixel_count": 879}}, {"type": "Feature", "geometry": {"type": "Polygon", "coordinates": [[[50.19246664793434, 26.20629802590492], [50.19246664793434, 26.2085438038424], [50.1902985899588, 26.209666692811137], [50.18813053198327, 26.2085438038424], [50.18813053198327, 26.20629802590492], [50.1902985899588, 26.205175136936184], [50.19246664793434, 26.20629802590492]]]}, "properties": {"congestion_score": 0.996, "congestion_level": "free_flow", "color": "rgb(43,200,43)", "road_pixel_count": 1715}}, {"type": "Feature", "geometry": {"type": "Polygon", "coordinates": [[[50.196802763885415, 26.20629802590492], [50.196802763885415, 26.2085438038424], [50.19463470590988, 26.209666692811137], [50.19246664793434, 26.2085438038424], [50.19246664793434, 26.20629802590492], [50.19463470590988, 26.205175136936184], [50.196802763885415, 26.20629802590492]]]}, "properties": {"congestion_score": 1.0, "congestion_level": "free_flow", "color": "rgb(43,200,43)", "road_pixel_count": 1136}}, {"type": "Feature", "geometry": {"type": "Polygon", "coordinates": [[[50.201138879836485, 26.20629802590492], [50.201138879836485, 26.2085438038424], [50.19897082186095, 26.209666692811137], [50.196802763885415, 26.2085438038424], [50.196802763885415, 26.20629802590492], [50.19897082186095, 26.205175136936184], [50.201138879836485, 26.20629802590492]]]}, "properties": {"congestion_score": 1.0, "congestion_level": "free_flow", "color": "rgb(43,200,43)", "road_pixel_count": 2335}}, {"type": "Feature", "geometry": {"type": "Polygon", "coordinates": [[[50.20547499578756, 26.20629802590492], [50.20547499578756, 26.2085438038424], [50.20330693781202, 26.209666692811137], [50.201138879836485, 26.2085438038424], [50.201138879836485, 26.20629802590492], [50.20330693781202, 26.205175136936184], [50.20547499578756, 26.20629802590492]]]}, "properties": {"congestion_score": 0.997, "congestion_level": "free_flow", "color": "rgb(43,200,43)", "road_pixel_count": 899}}, {"type": "Feature", "geometry": {"type": "Polygon", "coordinates": [[[50.20981111173863, 26.20629802590492], [50.20981111173863, 26.2085438038424], [50.20764305376309, 26.209666692811137], [50.20547499578756, 26.2085438038424], [50.20547499578756, 26.20629802590492], [50.20764305376309, 26.205175136936184], [50.20981111173863, 26.20629802590492]]]}, "properties": {"congestion_score": 0.933, "congestion_level": "light_congestion", "color": "rgb(255,255,55)", "road_pixel_count": 1376}}, {"type": "Feature", "geometry": {"type": "Polygon", "coordinates": [[[50.21414722768971, 26.20629802590492], [50.21414722768971, 26.2085438038424], [50.21197916971417, 26.209666692811137], [50.20981111173863, 26.2085438038424], [50.20981111173863, 26.20629802590492], [50.21197916971417, 26.205175136936184], [50.21414722768971, 26.20629802590492]]]}, "properties": {"congestion_score": 0.987, "congestion_level": "free_flow", "color": "rgb(43,200,43)", "road_pixel_count": 1465}}, {"type": "Feature", "geometry": {"type": "Polygon", "coordinates": [[[50.27485285100473, 26.20629802590492], [50.27485285100473, 26.2085438038424], [50.27268479302919, 26.209666692811137], [50.270516735053654, 26.2085438038424], [50.270516735053654, 26.20629802590492], [50.27268479302919, 26.205175136936184], [50.27485285100473, 26.20629802590492]]]}, "properties": {"congestion_score": 1.0, "congestion_level": "free_flow", "color": "rgb(43,200,43)", "road_pixel_count": 1179}}, {"type": "Feature", "geometry": {"type": "Polygon", "coordinates": [[[50.2791889669558, 26.20629802590492], [50.2791889669558, 26.2085438038424], [50.27702090898026, 26.209666692811137], [50.27485285100473, 26.2085438038424], [50.27485285100473, 26.20629802590492], [50.27702090898026, 26.205175136936184], [50.2791889669558, 26.20629802590492]]]}, "properties": {"congestion_score": 1.0, "congestion_level": "free_flow", "color": "rgb(43,200,43)", "road_pixel_count": 1764}}, {"type": "Feature", "geometry": {"type": "Polygon", "coordinates": [[[50.28352508290688, 26.20629802590492], [50.28352508290688, 26.2085438038424], [50.28135702493134, 26.209666692811137], [50.2791889669558, 26.2085438038424], [50.2791889669558, 26.20629802590492], [50.28135702493134, 26.205175136936184], [50.28352508290688, 26.20629802590492]]]}, "properties": {"congestion_score": 1.0, "congestion_level": "free_flow", "color": "rgb(43,200,43)", "road_pixel_count": 292}}, {"type": "Feature", "geometry": {"type": "Polygon", "coordinates": [[[50.12092073474163, 26.209666692811137], [50.12092073474163, 26.211912470748615], [50.1187526767661, 26.213035359717352], [50.11658461879056, 26.211912470748615], [50.11658461879056, 26.209666692811137], [50.1187526767661, 26.2085438038424], [50.12092073474163, 26.209666692811137]]]}, "properties": {"congestion_score": 1.0, "congestion_level": "free_flow", "color": "rgb(43,200,43)", "road_pixel_count": 260}}, {"type": "Feature", "geometry": {"type": "Polygon", "coordinates": [[[50.12525685069271, 26.209666692811137], [50.12525685069271, 26.211912470748615], [50.12308879271717, 26.213035359717352], [50.12092073474163, 26.211912470748615], [50.12092073474163, 26.209666692811137], [50.12308879271717, 26.2085438038424], [50.12525685069271, 26.209666692811137]]]}, "properties": {"congestion_score": 1.0, "congestion_level": "free_flow", "color": "rgb(43,200,43)", "road_pixel_count": 352}}, {"type": "Feature", "geometry": {"type": "Polygon", "coordinates": [[[50.16428189425236, 26.209666692811137], [50.16428189425236, 26.211912470748615], [50.16211383627683, 26.213035359717352], [50.15994577830129, 26.211912470748615], [50.15994577830129, 26.209666692811137], [50.16211383627683, 26.2085438038424], [50.16428189425236, 26.209666692811137]]]}, "properties": {"congestion_score": 1.0, "congestion_level": "free_flow", "color": "rgb(43,200,43)", "road_pixel_count": 724}}, {"type": "Feature", "geometry": {"type": "Polygon", "coordinates": [[[50.16861801020344, 26.209666692811137], [50.16861801020344, 26.211912470748615], [50.1664499522279, 26.213035359717352], [50.16428189425236, 26.211912470748615], [50.16428189425236, 26.209666692811137], [50.1664499522279, 26.2085438038424], [50.16861801020344, 26.209666692811137]]]}, "properties": {"congestion_score": 1.0, "congestion_level": "free_flow", "color": "rgb(43,200,43)", "road_pixel_count": 1292}}, {"type": "Feature", "geometry": {"type": "Polygon", "coordinates": [[[50.17295412615451, 26.209666692811137], [50.17295412615451, 26.211912470748615], [50.17078606817898, 26.213035359717352], [50.16861801020344, 26.211912470748615], [50.16861801020344, 26.209666692811137], [50.17078606817898, 26.2085438038424], [50.17295412615451, 26.209666692811137]]]}, "properties": {"congestion_score": 1.0, "congestion_level": "free_flow", "color": "rgb(43,200,43)", "road_pixel_count": 1795}}, {"type": "Feature", "geometry": {"type": "Polygon", "coordinates": [[[50.177290242105585, 26.209666692811137], [50.177290242105585, 26.211912470748615], [50.175122184130046, 26.213035359717352], [50.17295412615451, 26.211912470748615], [50.17295412615451, 26.209666692811137], [50.175122184130046, 26.2085438038424], [50.177290242105585, 26.209666692811137]]]}, "properties": {"congestion_score": 1.0, "congestion_level": "free_flow", "color": "rgb(43,200,43)", "road_pixel_count": 650}}, {"type": "Feature", "geometry": {"type": "Polygon", "coordinates": [[[50.181626358056654, 26.209666692811137], [50.181626358056654, 26.211912470748615], [50.17945830008112, 26.213035359717352], [50.177290242105585, 26.211912470748615], [50.177290242105585, 26.209666692811137], [50.17945830008112, 26.2085438038424], [50.181626358056654, 26.209666692811137]]]}, "properties": {"congestion_score": 1.0, "congestion_level": "free_flow", "color": "rgb(43,200,43)", "road_pixel_count": 46}}, {"type": "Feature", "geometry": {"type": "Polygon", "coordinates": [[[50.18596247400773, 26.209666692811137], [50.18596247400773, 26.211912470748615], [50.18379441603219, 26.213035359717352], [50.181626358056654, 26.211912470748615], [50.181626358056654, 26.209666692811137], [50.18379441603219, 26.2085438038424], [50.18596247400773, 26.209666692811137]]]}, "properties": {"congestion_score": 1.0, "congestion_level": "free_flow", "color": "rgb(43,200,43)", "road_pixel_count": 1178}}, {"type": "Feature", "geometry": {"type": "Polygon", "coordinates": [[[50.1902985899588, 26.209666692811137], [50.1902985899588, 26.211912470748615], [50.18813053198327, 26.213035359717352], [50.18596247400773, 26.211912470748615], [50.18596247400773, 26.209666692811137], [50.18813053198327, 26.2085438038424], [50.1902985899588, 26.209666692811137]]]}, "properties": {"congestion_score": 0.958, "congestion_level": "free_flow", "color": "rgb(43,200,43)", "road_pixel_count": 1262}}, {"type": "Feature", "geometry": {"type": "Polygon", "coordinates": [[[50.19463470590988, 26.209666692811137], [50.19463470590988, 26.211912470748615], [50.19246664793434, 26.213035359717352], [50.1902985899588, 26.211912470748615], [50.1902985899588, 26.209666692811137], [50.19246664793434, 26.2085438038424], [50.19463470590988, 26.209666692811137]]]}, "properties": {"congestion_score": 1.0, "congestion_level": "free_flow", "color": "rgb(43,200,43)", "road_pixel_count": 604}}, {"type": "Feature", "geometry": {"type": "Polygon", "coordinates": [[[50.19897082186095, 26.209666692811137], [50.19897082186095, 26.211912470748615], [50.196802763885415, 26.213035359717352], [50.19463470590988, 26.211912470748615], [50.19463470590988, 26.209666692811137], [50.196802763885415, 26.2085438038424], [50.19897082186095, 26.209666692811137]]]}, "properties": {"congestion_score": 1.0, "congestion_level": "free_flow", "color": "rgb(43,200,43)", "road_pixel_count": 2888}}, {"type": "Feature", "geometry": {"type": "Polygon", "coordinates": [[[50.20330693781202, 26.209666692811137], [50.20330693781202, 26.211912470748615], [50.201138879836485, 26.213035359717352], [50.19897082186095, 26.211912470748615], [50.19897082186095, 26.209666692811137], [50.201138879836485, 26.2085438038424], [50.20330693781202, 26.209666692811137]]]}, "properties": {"congestion_score": 1.0, "congestion_level": "free_flow", "color": "rgb(43,200,43)", "road_pixel_count": 997}}, {"type": "Feature", "geometry": {"type": "Polygon", "coordinates": [[[50.20764305376309, 26.209666692811137], [50.20764305376309, 26.211912470748615], [50.20547499578756, 26.213035359717352], [50.20330693781202, 26.211912470748615], [50.20330693781202, 26.209666692811137], [50.20547499578756, 26.2085438038424], [50.20764305376309, 26.209666692811137]]]}, "properties": {"congestion_score": 0.908, "congestion_level": "light_congestion", "color": "rgb(255,255,55)", "road_pixel_count": 802}}, {"type": "Feature", "geometry": {"type": "Polygon", "coordinates": [[[50.21197916971417, 26.209666692811137], [50.21197916971417, 26.211912470748615], [50.20981111173863, 26.213035359717352], [50.20764305376309, 26.211912470748615], [50.20764305376309, 26.209666692811137], [50.20981111173863, 26.2085438038424], [50.21197916971417, 26.209666692811137]]]}, "properties": {"congestion_score": 0.946, "congestion_level": "light_congestion", "color": "rgb(255,255,55)", "road_pixel_count": 2353}}, {"type": "Feature", "geometry": {"type": "Polygon", "coordinates": [[[50.21631528566524, 26.209666692811137], [50.21631528566524, 26.211912470748615], [50.21414722768971, 26.213035359717352], [50.21197916971417, 26.211912470748615], [50.21197916971417, 26.209666692811137], [50.21414722768971, 26.2085438038424], [50.21631528566524, 26.209666692811137]]]}, "properties": {"congestion_score": 0.997, "congestion_level": "free_flow", "color": "rgb(43,200,43)", "road_pixel_count": 1485}}, {"type": "Feature", "geometry": {"type": "Polygon", "coordinates": [[[50.268348677078116, 26.209666692811137], [50.268348677078116, 26.211912470748615], [50.266180619102585, 26.213035359717352], [50.264012561127046, 26.211912470748615], [50.264012561127046, 26.209666692811137], [50.266180619102585, 26.2085438038424], [50.268348677078116, 26.209666692811137]]]}, "properties": {"congestion_score": 1.0, "congestion_level": "free_flow", "color": "rgb(43,200,43)", "road_pixel_count": 1396}}, {"type": "Feature", "geometry": {"type": "Polygon", "coordinates": [[[50.27268479302919, 26.209666692811137], [50.27268479302919, 26.211912470748615], [50.270516735053654, 26.213035359717352], [50.268348677078116, 26.211912470748615], [50.268348677078116, 26.209666692811137], [50.270516735053654, 26.2085438038424], [50.27268479302919, 26.209666692811137]]]}, "properties": {"congestion_score": 1.0, "congestion_level": "free_flow", "color": "rgb(43,200,43)", "road_pixel_count": 1711}}, {"type": "Feature", "geometry": {"type": "Polygon", "coordinates": [[[50.27702090898026, 26.209666692811137], [50.27702090898026, 26.211912470748615], [50.27485285100473, 26.213035359717352], [50.27268479302919, 26.211912470748615], [50.27268479302919, 26.209666692811137], [50.27485285100473, 26.2085438038424], [50.27702090898026, 26.209666692811137]]]}, "properties": {"congestion_score": 1.0, "congestion_level": "free_flow", "color": "rgb(43,200,43)", "road_pixel_count": 167}}, {"type": "Feature", "geometry": {"type": "Polygon", "coordinates": [[[50.12308879271717, 26.213035359717352], [50.12308879271717, 26.21528113765483], [50.12092073474163, 26.21640402662357], [50.1187526767661, 26.21528113765483], [50.1187526767661, 26.213035359717352], [50.12092073474163, 26.211912470748615], [50.12308879271717, 26.213035359717352]]]}, "properties": {"congestion_score": 1.0, "congestion_level": "free_flow", "color": "rgb(43,200,43)", "road_pixel_count": 921}}, {"type": "Feature", "geometry": {"type": "Polygon", "coordinates": [[[50.14043325652146, 26.213035359717352], [50.14043325652146, 26.21528113765483], [50.13826519854592, 26.21640402662357], [50.13609714057039, 26.21528113765483], [50.13609714057039, 26.213035359717352], [50.13826519854592, 26.211912470748615], [50.14043325652146, 26.213035359717352]]]}, "properties": {"congestion_score": 1.0, "congestion_level": "free_flow", "color": "rgb(43,200,43)", "road_pixel_count": 37}}, {"type": "Feature", "geometry": {"type": "Polygon", "coordinates": [[[50.14476937247254, 26.213035359717352], [50.14476937247254, 26.21528113765483], [50.142601314497, 26.21640402662357], [50.14043325652146, 26.21528113765483], [50.14043325652146, 26.213035359717352], [50.142601314497, 26.211912470748615], [50.14476937247254, 26.213035359717352]]]}, "properties": {"congestion_score": 1.0, "congestion_level": "free_flow", "color": "rgb(43,200,43)", "road_pixel_count": 261}}, {"type": "Feature", "geometry": {"type": "Polygon", "coordinates": [[[50.14910548842361, 26.213035359717352], [50.14910548842361, 26.21528113765483], [50.14693743044807, 26.21640402662357], [50.14476937247254, 26.21528113765483], [50.14476937247254, 26.213035359717352], [50.14693743044807, 26.211912470748615], [50.14910548842361, 26.213035359717352]]]}, "properties": {"congestion_score": 1.0, "congestion_level": "free_flow", "color": "rgb(43,200,43)", "road_pixel_count": 648}}, {"type": "Feature", "geometry": {"type": "Polygon", "coordinates": [[[50.153441604374684, 26.213035359717352], [50.153441604374684, 26.21528113765483], [50.151273546399146, 26.21640402662357], [50.14910548842361, 26.21528113765483], [50.14910548842361, 26.213035359717352], [50.151273546399146, 26.211912470748615], [50.153441604374684, 26.213035359717352]]]}, "properties": {"congestion_score": 1.0, "congestion_level": "free_flow", "color": "rgb(43,200,43)", "road_pixel_count": 1075}}, {"type": "Feature", "geometry": {"type": "Polygon", "coordinates": [[[50.157777720325754, 26.213035359717352], [50.157777720325754, 26.21528113765483], [50.155609662350216, 26.21640402662357], [50.153441604374684, 26.21528113765483], [50.153441604374684, 26.213035359717352], [50.155609662350216, 26.211912470748615], [50.157777720325754, 26.213035359717352]]]}, "properties": {"congestion_score": 1.0, "congestion_level": "free_flow", "color": "rgb(43,200,43)", "road_pixel_count": 1502}}, {"type": "Feature", "geometry": {"type": "Polygon", "coordinates": [[[50.16211383627683, 26.213035359717352], [50.16211383627683, 26.21528113765483], [50.15994577830129, 26.21640402662357], [50.157777720325754, 26.21528113765483], [50.157777720325754, 26.213035359717352], [50.15994577830129, 26.211912470748615], [50.16211383627683, 26.213035359717352]]]}, "properties": {"congestion_score": 1.0, "congestion_level": "free_flow", "color": "rgb(43,200,43)", "road_pixel_count": 1784}}, {"type": "Feature", "geometry": {"type": "Polygon", "coordinates": [[[50.1664499522279, 26.213035359717352], [50.1664499522279, 26.21528113765483], [50.16428189425236, 26.21640402662357], [50.16211383627683, 26.21528113765483], [50.16211383627683, 26.213035359717352], [50.16428189425236, 26.211912470748615], [50.1664499522279, 26.213035359717352]]]}, "properties": {"congestion_score": 1.0, "congestion_level": "free_flow", "color": "rgb(43,200,43)", "road_pixel_count": 1875}}, {"type": "Feature", "geometry": {"type": "Polygon", "coordinates": [[[50.17078606817898, 26.213035359717352], [50.17078606817898, 26.21528113765483], [50.16861801020344, 26.21640402662357], [50.1664499522279, 26.21528113765483], [50.1664499522279, 26.213035359717352], [50.16861801020344, 26.211912470748615], [50.17078606817898, 26.213035359717352]]]}, "properties": {"congestion_score": 1.0, "congestion_level": "free_flow", "color": "rgb(43,200,43)", "road_pixel_count": 1865}}, {"type": "Feature", "geometry": {"type": "Polygon", "coordinates": [[[50.175122184130046, 26.213035359717352], [50.175122184130046, 26.21528113765483], [50.17295412615451, 26.21640402662357], [50.17078606817898, 26.21528113765483], [50.17078606817898, 26.213035359717352], [50.17295412615451, 26.211912470748615], [50.175122184130046, 26.213035359717352]]]}, "properties": {"congestion_score": 0.994, "congestion_level": "free_flow", "color": "rgb(43,200,43)", "road_pixel_count": 2764}}, {"type": "Feature", "geometry": {"type": "Polygon", "coordinates": [[[50.17945830008112, 26.213035359717352], [50.17945830008112, 26.21528113765483], [50.177290242105585, 26.21640402662357], [50.175122184130046, 26.21528113765483], [50.175122184130046, 26.213035359717352], [50.177290242105585, 26.211912470748615], [50.17945830008112, 26.213035359717352]]]}, "properties": {"congestion_score": 1.0, "congestion_level": "free_flow", "color": "rgb(43,200,43)", "road_pixel_count": 1962}}, {"type": "Feature", "geometry": {"type": "Polygon", "coordinates": [[[50.18379441603219, 26.213035359717352], [50.18379441603219, 26.21528113765483], [50.181626358056654, 26.21640402662357], [50.17945830008112, 26.21528113765483], [50.17945830008112, 26.213035359717352], [50.181626358056654, 26.211912470748615], [50.18379441603219, 26.213035359717352]]]}, "properties": {"congestion_score": 0.989, "congestion_level": "free_flow", "color": "rgb(43,200,43)", "road_pixel_count": 2284}}, {"type": "Feature", "geometry": {"type": "Polygon", "coordinates": [[[50.18813053198327, 26.213035359717352], [50.18813053198327, 26.21528113765483], [50.18596247400773, 26.21640402662357], [50.18379441603219, 26.21528113765483], [50.18379441603219, 26.213035359717352], [50.18596247400773, 26.211912470748615], [50.18813053198327, 26.213035359717352]]]}, "properties": {"congestion_score": 0.911, "congestion_level": "light_congestion", "color": "rgb(255,255,55)", "road_pixel_count": 939}}, {"type": "Feature", "geometry": {"type": "Polygon", "coordinates": [[[50.19246664793434, 26.213035359717352], [50.19246664793434, 26.21528113765483], [50.1902985899588, 26.21640402662357], [50.18813053198327, 26.21528113765483], [50.18813053198327, 26.213035359717352], [50.1902985899588, 26.211912470748615], [50.19246664793434, 26.213035359717352]]]}, "properties": {"congestion_score": 0.974, "congestion_level": "free_flow", "color": "rgb(43,200,43)", "road_pixel_count": 1629}}, {"type": "Feature", "geometry": {"type": "Polygon", "coordinates": [[[50.196802763885415, 26.213035359717352], [50.196802763885415, 26.21528113765483], [50.19463470590988, 26.21640402662357], [50.19246664793434, 26.21528113765483], [50.19246664793434, 26.213035359717352], [50.19463470590988, 26.211912470748615], [50.196802763885415, 26.213035359717352]]]}, "properties": {"congestion_score": 1.0, "congestion_level": "free_flow", "color": "rgb(43,200,43)", "road_pixel_count": 1791}}, {"type": "Feature", "geometry": {"type": "Polygon", "coordinates": [[[50.201138879836485, 26.213035359717352], [50.201138879836485, 26.21528113765483], [50.19897082186095, 26.21640402662357], [50.196802763885415, 26.21528113765483], [50.196802763885415, 26.213035359717352], [50.19897082186095, 26.211912470748615], [50.201138879836485, 26.213035359717352]]]}, "properties": {"congestion_score": 0.984, "congestion_level": "free_flow", "color": "rgb(43,200,43)", "road_pixel_count": 2773}}, {"type": "Feature", "geometry": {"type": "Polygon", "coordinates": [[[50.20547499578756, 26.213035359717352], [50.20547499578756, 26.21528113765483], [50.20330693781202, 26.21640402662357], [50.201138879836485, 26.21528113765483], [50.201138879836485, 26.213035359717352], [50.20330693781202, 26.211912470748615], [50.20547499578756, 26.213035359717352]]]}, "properties": {"congestion_score": 0.937, "congestion_level": "light_congestion", "color": "rgb(255,255,55)", "road_pixel_count": 1711}}, {"type": "Feature", "geometry": {"type": "Polygon", "coordinates": [[[50.20981111173863, 26.213035359717352], [50.20981111173863, 26.21528113765483], [50.20764305376309, 26.21640402662357], [50.20547499578756, 26.21528113765483], [50.20547499578756, 26.213035359717352], [50.20764305376309, 26.211912470748615], [50.20981111173863, 26.213035359717352]]]}, "properties": {"congestion_score": 0.942, "congestion_level": "light_congestion", "color": "rgb(255,255,55)", "road_pixel_count": 2352}}, {"type": "Feature", "geometry": {"type": "Polygon", "coordinates": [[[50.21414722768971, 26.213035359717352], [50.21414722768971, 26.21528113765483], [50.21197916971417, 26.21640402662357], [50.20981111173863, 26.21528113765483], [50.20981111173863, 26.213035359717352], [50.21197916971417, 26.211912470748615], [50.21414722768971, 26.213035359717352]]]}, "properties": {"congestion_score": 1.0, "congestion_level": "free_flow", "color": "rgb(43,200,43)", "road_pixel_count": 2347}}, {"type": "Feature", "geometry": {"type": "Polygon", "coordinates": [[[50.21848334364078, 26.213035359717352], [50.21848334364078, 26.21528113765483], [50.21631528566524, 26.21640402662357], [50.21414722768971, 26.21528113765483], [50.21414722768971, 26.213035359717352], [50.21631528566524, 26.211912470748615], [50.21848334364078, 26.213035359717352]]]}, "properties": {"congestion_score": 1.0, "congestion_level": "free_flow", "color": "rgb(43,200,43)", "road_pixel_count": 6}}, {"type": "Feature", "geometry": {"type": "Polygon", "coordinates": [[[50.25317227124936, 26.213035359717352], [50.25317227124936, 26.21528113765483], [50.25100421327382, 26.21640402662357], [50.24883615529829, 26.21528113765483], [50.24883615529829, 26.213035359717352], [50.25100421327382, 26.211912470748615], [50.25317227124936, 26.213035359717352]]]}, "properties": {"congestion_score": 1.0, "congestion_level": "free_flow", "color": "rgb(43,200,43)", "road_pixel_count": 193}}, {"type": "Feature", "geometry": {"type": "Polygon", "coordinates": [[[50.25750838720044, 26.213035359717352], [50.25750838720044, 26.21528113765483], [50.2553403292249, 26.21640402662357], [50.25317227124936, 26.21528113765483], [50.25317227124936, 26.213035359717352], [50.2553403292249, 26.211912470748615], [50.25750838720044, 26.213035359717352]]]}, "properties": {"congestion_score": 1.0, "congestion_level": "free_flow", "color": "rgb(43,200,43)", "road_pixel_count": 1269}}, {"type": "Feature", "geometry": {"type": "Polygon", "coordinates": [[[50.26184450315151, 26.213035359717352], [50.26184450315151, 26.21528113765483], [50.25967644517597, 26.21640402662357], [50.25750838720044, 26.21528113765483], [50.25750838720044, 26.213035359717352], [50.25967644517597, 26.211912470748615], [50.26184450315151, 26.213035359717352]]]}, "properties": {"congestion_score": 1.0, "congestion_level": "free_flow", "color": "rgb(43,200,43)", "road_pixel_count": 1800}}, {"type": "Feature", "geometry": {"type": "Polygon", "coordinates": [[[50.266180619102585, 26.213035359717352], [50.266180619102585, 26.21528113765483], [50.264012561127046, 26.21640402662357], [50.26184450315151, 26.21528113765483], [50.26184450315151, 26.213035359717352], [50.264012561127046, 26.211912470748615], [50.266180619102585, 26.213035359717352]]]}, "properties": {"congestion_score": 1.0, "congestion_level": "free_flow", "color": "rgb(43,200,43)", "road_pixel_count": 1506}}, {"type": "Feature", "geometry": {"type": "Polygon", "coordinates": [[[50.270516735053654, 26.213035359717352], [50.270516735053654, 26.21528113765483], [50.268348677078116, 26.21640402662357], [50.266180619102585, 26.21528113765483], [50.266180619102585, 26.213035359717352], [50.268348677078116, 26.211912470748615], [50.270516735053654, 26.213035359717352]]]}, "properties": {"congestion_score": 1.0, "congestion_level": "free_flow", "color": "rgb(43,200,43)", "road_pixel_count": 19}}, {"type": "Feature", "geometry": {"type": "Polygon", "coordinates": [[[50.112248502839485, 26.21640402662357], [50.112248502839485, 26.218649804561046], [50.110080444863954, 26.219772693529787], [50.107912386888415, 26.218649804561046], [50.107912386888415, 26.21640402662357], [50.110080444863954, 26.21528113765483], [50.112248502839485, 26.21640402662357]]]}, "properties": {"congestion_score": 1.0, "congestion_level": "free_flow", "color": "rgb(43,200,43)", "road_pixel_count": 264}}, {"type": "Feature", "geometry": {"type": "Polygon", "coordinates": [[[50.11658461879056, 26.21640402662357], [50.11658461879056, 26.218649804561046], [50.11441656081502, 26.219772693529787], [50.112248502839485, 26.218649804561046], [50.112248502839485, 26.21640402662357], [50.11441656081502, 26.21528113765483], [50.11658461879056, 26.21640402662357]]]}, "properties": {"congestion_score": 1.0, "congestion_level": "free_flow", "color": "rgb(43,200,43)", "road_pixel_count": 824}}, {"type": "Feature", "geometry": {"type": "Polygon", "coordinates": [[[50.12092073474163, 26.21640402662357], [50.12092073474163, 26.218649804561046], [50.1187526767661, 26.219772693529787], [50.11658461879056, 26.218649804561046], [50.11658461879056, 26.21640402662357], [50.1187526767661, 26.21528113765483], [50.12092073474163, 26.21640402662357]]]}, "properties": {"congestion_score": 0.982, "congestion_level": "free_flow", "color": "rgb(43,200,43)", "road_pixel_count": 1500}}, {"type": "Feature", "geometry": {"type": "Polygon", "coordinates": [[[50.12525685069271, 26.21640402662357], [50.12525685069271, 26.218649804561046], [50.12308879271717, 26.219772693529787], [50.12092073474163, 26.218649804561046], [50.12092073474163, 26.21640402662357], [50.12308879271717, 26.21528113765483], [50.12525685069271, 26.21640402662357]]]}, "properties": {"congestion_score": 0.997, "congestion_level": "free_flow", "color": "rgb(43,200,43)", "road_pixel_count": 1811}}, {"type": "Feature", "geometry": {"type": "Polygon", "coordinates": [[[50.12959296664378, 26.21640402662357], [50.12959296664378, 26.218649804561046], [50.127424908668246, 26.219772693529787], [50.12525685069271, 26.218649804561046], [50.12525685069271, 26.21640402662357], [50.127424908668246, 26.21528113765483], [50.12959296664378, 26.21640402662357]]]}, "properties": {"congestion_score": 1.0, "congestion_level": "free_flow", "color": "rgb(43,200,43)", "road_pixel_count": 1834}}, {"type": "Feature", "geometry": {"type": "Polygon", "coordinates": [[[50.133929082594854, 26.21640402662357], [50.133929082594854, 26.218649804561046], [50.131761024619315, 26.219772693529787], [50.12959296664378, 26.218649804561046], [50.12959296664378, 26.21640402662357], [50.131761024619315, 26.21528113765483], [50.133929082594854, 26.21640402662357]]]}, "properties": {"congestion_score": 1.0, "congestion_level": "free_flow", "color": "rgb(43,200,43)", "road_pixel_count": 1845}}, {"type": "Feature", "geometry": {"type": "Polygon", "coordinates": [[[50.13826519854592, 26.21640402662357], [50.13826519854592, 26.218649804561046], [50.13609714057039, 26.219772693529787], [50.133929082594854, 26.218649804561046], [50.133929082594854, 26.21640402662357], [50.13609714057039, 26.21528113765483], [50.13826519854592, 26.21640402662357]]]}, "properties": {"congestion_score": 1.0, "congestion_level": "free_flow", "color": "rgb(43,200,43)", "road_pixel_count": 1828}}, {"type": "Feature", "geometry": {"type": "Polygon", "coordinates": [[[50.142601314497, 26.21640402662357], [50.142601314497, 26.218649804561046], [50.14043325652146, 26.219772693529787], [50.13826519854592, 26.218649804561046], [50.13826519854592, 26.21640402662357], [50.14043325652146, 26.21528113765483], [50.142601314497, 26.21640402662357]]]}, "properties": {"congestion_score": 1.0, "congestion_level": "free_flow", "color": "rgb(43,200,43)", "road_pixel_count": 1756}}, {"type": "Feature", "geometry": {"type": "Polygon", "coordinates": [[[50.14693743044807, 26.21640402662357], [50.14693743044807, 26.218649804561046], [50.14476937247254, 26.219772693529787], [50.142601314497, 26.218649804561046], [50.142601314497, 26.21640402662357], [50.14476937247254, 26.21528113765483], [50.14693743044807, 26.21640402662357]]]}, "properties": {"congestion_score": 1.0, "congestion_level": "free_flow", "color": "rgb(43,200,43)", "road_pixel_count": 1434}}, {"type": "Feature", "geometry": {"type": "Polygon", "coordinates": [[[50.151273546399146, 26.21640402662357], [50.151273546399146, 26.218649804561046], [50.14910548842361, 26.219772693529787], [50.14693743044807, 26.218649804561046], [50.14693743044807, 26.21640402662357], [50.14910548842361, 26.21528113765483], [50.151273546399146, 26.21640402662357]]]}, "properties": {"congestion_score": 1.0, "congestion_level": "free_flow", "color": "rgb(43,200,43)", "road_pixel_count": 1006}}, {"type": "Feature", "geometry": {"type": "Polygon", "coordinates": [[[50.155609662350216, 26.21640402662357], [50.155609662350216, 26.218649804561046], [50.153441604374684, 26.219772693529787], [50.151273546399146, 26.218649804561046], [50.151273546399146, 26.21640402662357], [50.153441604374684, 26.21528113765483], [50.155609662350216, 26.21640402662357]]]}, "properties": {"congestion_score": 1.0, "congestion_level": "free_flow", "color": "rgb(43,200,43)", "road_pixel_count": 580}}, {"type": "Feature", "geometry": {"type": "Polygon", "coordinates": [[[50.15994577830129, 26.21640402662357], [50.15994577830129, 26.218649804561046], [50.157777720325754, 26.219772693529787], [50.155609662350216, 26.218649804561046], [50.155609662350216, 26.21640402662357], [50.157777720325754, 26.21528113765483], [50.15994577830129, 26.21640402662357]]]}, "properties": {"congestion_score": 1.0, "congestion_level": "free_flow", "color": "rgb(43,200,43)", "road_pixel_count": 215}}, {"type": "Feature", "geometry": {"type": "Polygon", "coordinates": [[[50.16428189425236, 26.21640402662357], [50.16428189425236, 26.218649804561046], [50.16211383627683, 26.219772693529787], [50.15994577830129, 26.218649804561046], [50.15994577830129, 26.21640402662357], [50.16211383627683, 26.21528113765483], [50.16428189425236, 26.21640402662357]]]}, "properties": {"congestion_score": 1.0, "congestion_level": "free_flow", "color": "rgb(43,200,43)", "road_pixel_count": 21}}, {"type": "Feature", "geometry": {"type": "Polygon", "coordinates": [[[50.17295412615451, 26.21640402662357], [50.17295412615451, 26.218649804561046], [50.17078606817898, 26.219772693529787], [50.16861801020344, 26.218649804561046], [50.16861801020344, 26.21640402662357], [50.17078606817898, 26.21528113765483], [50.17295412615451, 26.21640402662357]]]}, "properties": {"congestion_score": 0.997, "congestion_level": "free_flow", "color": "rgb(43,200,43)", "road_pixel_count": 362}}, {"type": "Feature", "geometry": {"type": "Polygon", "coordinates": [[[50.177290242105585, 26.21640402662357], [50.177290242105585, 26.218649804561046], [50.175122184130046, 26.219772693529787], [50.17295412615451, 26.218649804561046], [50.17295412615451, 26.21640402662357], [50.175122184130046, 26.21528113765483], [50.177290242105585, 26.21640402662357]]]}, "properties": {"congestion_score": 0.969, "congestion_level": "free_flow", "color": "rgb(43,200,43)", "road_pixel_count": 2161}}, {"type": "Feature", "geometry": {"type": "Polygon", "coordinates": [[[50.181626358056654, 26.21640402662357], [50.181626358056654, 26.218649804561046], [50.17945830008112, 26.219772693529787], [50.177290242105585, 26.218649804561046], [50.177290242105585, 26.21640402662357], [50.17945830008112, 26.21528113765483], [50.181626358056654, 26.21640402662357]]]}, "properties": {"congestion_score": 0.892, "congestion_level": "light_congestion", "color": "rgb(255,255,55)", "road_pixel_count": 1764}}, {"type": "Feature", "geometry": {"type": "Polygon", "coordinates": [[[50.18596247400773, 26.21640402662357], [50.18596247400773, 26.218649804561046], [50.18379441603219, 26.219772693529787], [50.181626358056654, 26.218649804561046], [50.181626358056654, 26.21640402662357], [50.18379441603219, 26.21528113765483], [50.18596247400773, 26.21640402662357]]]}, "properties": {"congestion_score": 0.875, "congestion_level": "light_congestion", "color": "rgb(255,255,55)", "road_pixel_count": 2538}}, {"type": "Feature", "geometry": {"type": "Polygon", "coordinates": [[[50.1902985899588, 26.21640402662357], [50.1902985899588, 26.218649804561046], [50.18813053198327, 26.219772693529787], [50.18596247400773, 26.218649804561046], [50.18596247400773, 26.21640402662357], [50.18813053198327, 26.21528113765483], [50.1902985899588, 26.21640402662357]]]}, "properties": {"congestion_score": 0.999, "congestion_level": "free_flow", "color": "rgb(43,200,43)", "road_pixel_count": 2062}}, {"type": "Feature", "geometry": {"type": "Polygon", "coordinates": [[[50.19463470590988, 26.21640402662357], [50.19463470590988, 26.218649804561046], [50.19246664793434, 26.219772693529787], [50.1902985899588, 26.218649804561046], [50.1902985899588, 26.21640402662357], [50.19246664793434, 26.21528113765483], [50.19463470590988, 26.21640402662357]]]}, "properties": {"congestion_score": 1.0, "congestion_level": "free_flow", "color": "rgb(43,200,43)", "road_pixel_count": 3121}}, {"type": "Feature", "geometry": {"type": "Polygon", "coordinates": [[[50.19897082186095, 26.21640402662357], [50.19897082186095, 26.218649804561046], [50.196802763885415, 26.219772693529787], [50.19463470590988, 26.218649804561046], [50.19463470590988, 26.21640402662357], [50.196802763885415, 26.21528113765483], [50.19897082186095, 26.21640402662357]]]}, "properties": {"congestion_score": 1.0, "congestion_level": "free_flow", "color": "rgb(43,200,43)", "road_pixel_count": 3547}}, {"type": "Feature", "geometry": {"type": "Polygon", "coordinates": [[[50.20330693781202, 26.21640402662357], [50.20330693781202, 26.218649804561046], [50.201138879836485, 26.219772693529787], [50.19897082186095, 26.218649804561046], [50.19897082186095, 26.21640402662357], [50.201138879836485, 26.21528113765483], [50.20330693781202, 26.21640402662357]]]}, "properties": {"congestion_score": 1.0, "congestion_level": "free_flow", "color": "rgb(43,200,43)", "road_pixel_count": 2699}}, {"type": "Feature", "geometry": {"type": "Polygon", "coordinates": [[[50.20764305376309, 26.21640402662357], [50.20764305376309, 26.218649804561046], [50.20547499578756, 26.219772693529787], [50.20330693781202, 26.218649804561046], [50.20330693781202, 26.21640402662357], [50.20547499578756, 26.21528113765483], [50.20764305376309, 26.21640402662357]]]}, "properties": {"congestion_score": 0.997, "congestion_level": "free_flow", "color": "rgb(43,200,43)", "road_pixel_count": 2327}}, {"type": "Feature", "geometry": {"type": "Polygon", "coordinates": [[[50.21197916971417, 26.21640402662357], [50.21197916971417, 26.218649804561046], [50.20981111173863, 26.219772693529787], [50.20764305376309, 26.218649804561046], [50.20764305376309, 26.21640402662357], [50.20981111173863, 26.21528113765483], [50.21197916971417, 26.21640402662357]]]}, "properties": {"congestion_score": 0.969, "congestion_level": "free_flow", "color": "rgb(43,200,43)", "road_pixel_count": 1801}}, {"type": "Feature", "geometry": {"type": "Polygon", "coordinates": [[[50.21631528566524, 26.21640402662357], [50.21631528566524, 26.218649804561046], [50.21414722768971, 26.219772693529787], [50.21197916971417, 26.218649804561046], [50.21197916971417, 26.21640402662357], [50.21414722768971, 26.21528113765483], [50.21631528566524, 26.21640402662357]]]}, "properties": {"congestion_score": 1.0, "congestion_level": "free_flow", "color": "rgb(43,200,43)", "road_pixel_count": 1938}}, {"type": "Feature", "geometry": {"type": "Polygon", "coordinates": [[[50.220651401616315, 26.21640402662357], [50.220651401616315, 26.218649804561046], [50.21848334364078, 26.219772693529787], [50.21631528566524, 26.218649804561046], [50.21631528566524, 26.21640402662357], [50.21848334364078, 26.21528113765483], [50.220651401616315, 26.21640402662357]]]}, "properties": {"congestion_score": 1.0, "congestion_level": "free_flow", "color": "rgb(43,200,43)", "road_pixel_count": 357}}, {"type": "Feature", "geometry": {"type": "Polygon", "coordinates": [[[50.224987517567385, 26.21640402662357], [50.224987517567385, 26.218649804561046], [50.222819459591854, 26.219772693529787], [50.220651401616315, 26.218649804561046], [50.220651401616315, 26.21640402662357], [50.222819459591854, 26.21528113765483], [50.224987517567385, 26.21640402662357]]]}, "properties": {"congestion_score": 1.0, "congestion_level": "free_flow", "color": "rgb(43,200,43)", "road_pixel_count": 158}}, {"type": "Feature", "geometry": {"type": "Polygon", "coordinates": [[[50.22932363351846, 26.21640402662357], [50.22932363351846, 26.218649804561046], [50.22715557554292, 26.219772693529787], [50.224987517567385, 26.218649804561046], [50.224987517567385, 26.21640402662357], [50.22715557554292, 26.21528113765483], [50.22932363351846, 26.21640402662357]]]}, "properties": {"congestion_score": 1.0, "congestion_level": "free_flow", "color": "rgb(43,200,43)", "road_pixel_count": 40}}, {"type": "Feature", "geometry": {"type": "Polygon", "coordinates": [[[50.23799586542061, 26.21640402662357], [50.23799586542061, 26.218649804561046], [50.23582780744507, 26.219772693529787], [50.23365974946953, 26.218649804561046], [50.23365974946953, 26.21640402662357], [50.23582780744507, 26.21528113765483], [50.23799586542061, 26.21640402662357]]]}, "properties": {"congestion_score": 1.0, "congestion_level": "free_flow", "color": "rgb(43,200,43)", "road_pixel_count": 26}}, {"type": "Feature", "geometry": {"type": "Polygon", "coordinates": [[[50.24233198137168, 26.21640402662357], [50.24233198137168, 26.218649804561046], [50.240163923396146, 26.219772693529787], [50.23799586542061, 26.218649804561046], [50.23799586542061, 26.21640402662357], [50.240163923396146, 26.21528113765483], [50.24233198137168, 26.21640402662357]]]}, "properties": {"congestion_score": 1.0, "congestion_level": "free_flow", "color": "rgb(43,200,43)", "road_pixel_count": 741}}, {"type": "Feature", "geometry": {"type": "Polygon", "coordinates": [[[50.246668097322754, 26.21640402662357], [50.246668097322754, 26.218649804561046], [50.244500039347216, 26.219772693529787], [50.24233198137168, 26.218649804561046], [50.24233198137168, 26.21640402662357], [50.244500039347216, 26.21528113765483], [50.246668097322754, 26.21640402662357]]]}, "properties": {"congestion_score": 1.0, "congestion_level": "free_flow", "color": "rgb(43,200,43)", "road_pixel_count": 1654}}, {"type": "Feature", "geometry": {"type": "Polygon", "coordinates": [[[50.25100421327382, 26.21640402662357], [50.25100421327382, 26.218649804561046], [50.24883615529829, 26.219772693529787], [50.246668097322754, 26.218649804561046], [50.246668097322754, 26.21640402662357], [50.24883615529829, 26.21528113765483], [50.25100421327382, 26.21640402662357]]]}, "properties": {"congestion_score": 1.0, "congestion_level": "free_flow", "color": "rgb(43,200,43)", "road_pixel_count": 1818}}, {"type": "Feature", "geometry": {"type": "Polygon", "coordinates": [[[50.2553403292249, 26.21640402662357], [50.2553403292249, 26.218649804561046], [50.25317227124936, 26.219772693529787], [50.25100421327382, 26.218649804561046], [50.25100421327382, 26.21640402662357], [50.25317227124936, 26.21528113765483], [50.2553403292249, 26.21640402662357]]]}, "properties": {"congestion_score": 1.0, "congestion_level": "free_flow", "color": "rgb(43,200,43)", "road_pixel_count": 1245}}, {"type": "Feature", "geometry": {"type": "Polygon", "coordinates": [[[50.25967644517597, 26.21640402662357], [50.25967644517597, 26.218649804561046], [50.25750838720044, 26.219772693529787], [50.2553403292249, 26.218649804561046], [50.2553403292249, 26.21640402662357], [50.25750838720044, 26.21528113765483], [50.25967644517597, 26.21640402662357]]]}, "properties": {"congestion_score": 1.0, "congestion_level": "free_flow", "color": "rgb(43,200,43)", "road_pixel_count": 188}}, {"type": "Feature", "geometry": {"type": "Polygon", "coordinates": [[[50.10574432891288, 26.219772693529787], [50.10574432891288, 26.222018471467265], [50.10357627093734, 26.223141360436003], [50.10140821296181, 26.222018471467265], [50.10140821296181, 26.219772693529787], [50.10357627093734, 26.218649804561046], [50.10574432891288, 26.219772693529787]]]}, "properties": {"congestion_score": 1.0, "congestion_level": "free_flow", "color": "rgb(43,200,43)", "road_pixel_count": 613}}, {"type": "Feature", "geometry": {"type": "Polygon", "coordinates": [[[50.110080444863954, 26.219772693529787], [50.110080444863954, 26.222018471467265], [50.107912386888415, 26.223141360436003], [50.10574432891288, 26.222018471467265], [50.10574432891288, 26.219772693529787], [50.107912386888415, 26.218649804561046], [50.110080444863954, 26.219772693529787]]]}, "properties": {"congestion_score": 1.0, "congestion_level": "free_flow", "color": "rgb(43,200,43)", "road_pixel_count": 1888}}, {"type": "Feature", "geometry": {"type": "Polygon", "coordinates": [[[50.11441656081502, 26.219772693529787], [50.11441656081502, 26.222018471467265], [50.112248502839485, 26.223141360436003], [50.110080444863954, 26.222018471467265], [50.110080444863954, 26.219772693529787], [50.112248502839485, 26.218649804561046], [50.11441656081502, 26.219772693529787]]]}, "properties": {"congestion_score": 1.0, "congestion_level": "free_flow", "color": "rgb(43,200,43)", "road_pixel_count": 1332}}, {"type": "Feature", "geometry": {"type": "Polygon", "coordinates": [[[50.1187526767661, 26.219772693529787], [50.1187526767661, 26.222018471467265], [50.11658461879056, 26.223141360436003], [50.11441656081502, 26.222018471467265], [50.11441656081502, 26.219772693529787], [50.11658461879056, 26.218649804561046], [50.1187526767661, 26.219772693529787]]]}, "properties": {"congestion_score": 1.0, "congestion_level": "free_flow", "color": "rgb(43,200,43)", "road_pixel_count": 802}}, {"type": "Feature", "geometry": {"type": "Polygon", "coordinates": [[[50.12308879271717, 26.219772693529787], [50.12308879271717, 26.222018471467265], [50.12092073474163, 26.223141360436003], [50.1187526767661, 26.222018471467265], [50.1187526767661, 26.219772693529787], [50.12092073474163, 26.218649804561046], [50.12308879271717, 26.219772693529787]]]}, "properties": {"congestion_score": 0.989, "congestion_level": "free_flow", "color": "rgb(43,200,43)", "road_pixel_count": 1513}}, {"type": "Feature", "geometry": {"type": "Polygon", "coordinates": [[[50.127424908668246, 26.219772693529787], [50.127424908668246, 26.222018471467265], [50.12525685069271, 26.223141360436003], [50.12308879271717, 26.222018471467265], [50.12308879271717, 26.219772693529787], [50.12525685069271, 26.218649804561046], [50.127424908668246, 26.219772693529787]]]}, "properties": {"congestion_score": 1.0, "congestion_level": "free_flow", "color": "rgb(43,200,43)", "road_pixel_count": 109}}, {"type": "Feature", "geometry": {"type": "Polygon", "coordinates": [[[50.175122184130046, 26.219772693529787], [50.175122184130046, 26.222018471467265], [50.17295412615451, 26.223141360436003], [50.17078606817898, 26.222018471467265], [50.17078606817898, 26.219772693529787], [50.17295412615451, 26.218649804561046], [50.175122184130046, 26.219772693529787]]]}, "properties": {"congestion_score": 1.0, "congestion_level": "free_flow", "color": "rgb(43,200,43)", "road_pixel_count": 58}}, {"type": "Feature", "geometry": {"type": "Polygon", "coordinates": [[[50.17945830008112, 26.219772693529787], [50.17945830008112, 26.222018471467265], [50.177290242105585, 26.223141360436003], [50.175122184130046, 26.222018471467265], [50.175122184130046, 26.219772693529787], [50.177290242105585, 26.218649804561046], [50.17945830008112, 26.219772693529787]]]}, "properties": {"congestion_score": 1.0, "congestion_level": "free_flow", "color": "rgb(43,200,43)", "road_pixel_count": 1190}}, {"type": "Feature", "geometry": {"type": "Polygon", "coordinates": [[[50.18379441603219, 26.219772693529787], [50.18379441603219, 26.222018471467265], [50.181626358056654, 26.223141360436003], [50.17945830008112, 26.222018471467265], [50.17945830008112, 26.219772693529787], [50.181626358056654, 26.218649804561046], [50.18379441603219, 26.219772693529787]]]}, "properties": {"congestion_score": 0.984, "congestion_level": "free_flow", "color": "rgb(43,200,43)", "road_pixel_count": 926}}, {"type": "Feature", "geometry": {"type": "Polygon", "coordinates": [[[50.18813053198327, 26.219772693529787], [50.18813053198327, 26.222018471467265], [50.18596247400773, 26.223141360436003], [50.18379441603219, 26.222018471467265], [50.18379441603219, 26.219772693529787], [50.18596247400773, 26.218649804561046], [50.18813053198327, 26.219772693529787]]]}, "properties": {"congestion_score": 0.775, "congestion_level": "light_congestion", "color": "rgb(255,255,55)", "road_pixel_count": 713}}, {"type": "Feature", "geometry": {"type": "Polygon", "coordinates": [[[50.196802763885415, 26.219772693529787], [50.196802763885415, 26.222018471467265], [50.19463470590988, 26.223141360436003], [50.19246664793434, 26.222018471467265], [50.19246664793434, 26.219772693529787], [50.19463470590988, 26.218649804561046], [50.196802763885415, 26.219772693529787]]]}, "properties": {"congestion_score": 1.0, "congestion_level": "free_flow", "color": "rgb(43,200,43)", "road_pixel_count": 2222}}, {"type": "Feature", "geometry": {"type": "Polygon", "coordinates": [[[50.201138879836485, 26.219772693529787], [50.201138879836485, 26.222018471467265], [50.19897082186095, 26.223141360436003], [50.196802763885415, 26.222018471467265], [50.196802763885415, 26.219772693529787], [50.19897082186095, 26.218649804561046], [50.201138879836485, 26.219772693529787]]]}, "properties": {"congestion_score": 1.0, "congestion_level": "free_flow", "color": "rgb(43,200,43)", "road_pixel_count": 1522}}, {"type": "Feature", "geometry": {"type": "Polygon", "coordinates": [[[50.20547499578756, 26.219772693529787], [50.20547499578756, 26.222018471467265], [50.20330693781202, 26.223141360436003], [50.201138879836485, 26.222018471467265], [50.201138879836485, 26.219772693529787], [50.20330693781202, 26.218649804561046], [50.20547499578756, 26.219772693529787]]]}, "properties": {"congestion_score": 1.0, "congestion_level": "free_flow", "color": "rgb(43,200,43)", "road_pixel_count": 950}}, {"type": "Feature", "geometry": {"type": "Polygon", "coordinates": [[[50.20981111173863, 26.219772693529787], [50.20981111173863, 26.222018471467265], [50.20764305376309, 26.223141360436003], [50.20547499578756, 26.222018471467265], [50.20547499578756, 26.219772693529787], [50.20764305376309, 26.218649804561046], [50.20981111173863, 26.219772693529787]]]}, "properties": {"congestion_score": 1.0, "congestion_level": "free_flow", "color": "rgb(43,200,43)", "road_pixel_count": 1541}}, {"type": "Feature", "geometry": {"type": "Polygon", "coordinates": [[[50.21414722768971, 26.219772693529787], [50.21414722768971, 26.222018471467265], [50.21197916971417, 26.223141360436003], [50.20981111173863, 26.222018471467265], [50.20981111173863, 26.219772693529787], [50.21197916971417, 26.218649804561046], [50.21414722768971, 26.219772693529787]]]}, "properties": {"congestion_score": 1.0, "congestion_level": "free_flow", "color": "rgb(43,200,43)", "road_pixel_count": 2658}}, {"type": "Feature", "geometry": {"type": "Polygon", "coordinates": [[[50.21848334364078, 26.219772693529787], [50.21848334364078, 26.222018471467265], [50.21631528566524, 26.223141360436003], [50.21414722768971, 26.222018471467265], [50.21414722768971, 26.219772693529787], [50.21631528566524, 26.218649804561046], [50.21848334364078, 26.219772693529787]]]}, "properties": {"congestion_score": 1.0, "congestion_level": "free_flow", "color": "rgb(43,200,43)", "road_pixel_count": 1414}}, {"type": "Feature", "geometry": {"type": "Polygon", "coordinates": [[[50.222819459591854, 26.219772693529787], [50.222819459591854, 26.222018471467265], [50.220651401616315, 26.223141360436003], [50.21848334364078, 26.222018471467265], [50.21848334364078, 26.219772693529787], [50.220651401616315, 26.218649804561046], [50.222819459591854, 26.219772693529787]]]}, "properties": {"congestion_score": 1.0, "congestion_level": "free_flow", "color": "rgb(43,200,43)", "road_pixel_count": 1558}}, {"type": "Feature", "geometry": {"type": "Polygon", "coordinates": [[[50.22715557554292, 26.219772693529787], [50.22715557554292, 26.222018471467265], [50.224987517567385, 26.223141360436003], [50.222819459591854, 26.222018471467265], [50.222819459591854, 26.219772693529787], [50.224987517567385, 26.218649804561046], [50.22715557554292, 26.219772693529787]]]}, "properties": {"congestion_score": 1.0, "congestion_level": "free_flow", "color": "rgb(43,200,43)", "road_pixel_count": 1698}}, {"type": "Feature", "geometry": {"type": "Polygon", "coordinates": [[[50.231491691494, 26.219772693529787], [50.231491691494, 26.222018471467265], [50.22932363351846, 26.223141360436003], [50.22715557554292, 26.222018471467265], [50.22715557554292, 26.219772693529787], [50.22932363351846, 26.218649804561046], [50.231491691494, 26.219772693529787]]]}, "properties": {"congestion_score": 1.0, "congestion_level": "free_flow", "color": "rgb(43,200,43)", "road_pixel_count": 1790}}, {"type": "Feature", "geometry": {"type": "Polygon", "coordinates": [[[50.23582780744507, 26.219772693529787], [50.23582780744507, 26.222018471467265], [50.23365974946953, 26.223141360436003], [50.231491691494, 26.222018471467265], [50.231491691494, 26.219772693529787], [50.23365974946953, 26.218649804561046], [50.23582780744507, 26.219772693529787]]]}, "properties": {"congestion_score": 1.0, "congestion_level": "free_flow", "color": "rgb(43,200,43)", "road_pixel_count": 1785}}, {"type": "Feature", "geometry": {"type": "Polygon", "coordinates": [[[50.240163923396146, 26.219772693529787], [50.240163923396146, 26.222018471467265], [50.23799586542061, 26.223141360436003], [50.23582780744507, 26.222018471467265], [50.23582780744507, 26.219772693529787], [50.23799586542061, 26.218649804561046], [50.240163923396146, 26.219772693529787]]]}, "properties": {"congestion_score": 1.0, "congestion_level": "free_flow", "color": "rgb(43,200,43)", "road_pixel_count": 1550}}, {"type": "Feature", "geometry": {"type": "Polygon", "coordinates": [[[50.244500039347216, 26.219772693529787], [50.244500039347216, 26.222018471467265], [50.24233198137168, 26.223141360436003], [50.240163923396146, 26.222018471467265], [50.240163923396146, 26.219772693529787], [50.24233198137168, 26.218649804561046], [50.244500039347216, 26.219772693529787]]]}, "properties": {"congestion_score": 1.0, "congestion_level": "free_flow", "color": "rgb(43,200,43)", "road_pixel_count": 586}}, {"type": "Feature", "geometry": {"type": "Polygon", "coordinates": [[[50.10357627093734, 26.223141360436003], [50.10357627093734, 26.22538713837348], [50.10140821296181, 26.22651002734222], [50.09924015498627, 26.22538713837348], [50.09924015498627, 26.223141360436003], [50.10140821296181, 26.222018471467265], [50.10357627093734, 26.223141360436003]]]}, "properties": {"congestion_score": 1.0, "congestion_level": "free_flow", "color": "rgb(43,200,43)", "road_pixel_count": 1517}}, {"type": "Feature", "geometry": {"type": "Polygon", "coordinates": [[[50.107912386888415, 26.223141360436003], [50.107912386888415, 26.22538713837348], [50.10574432891288, 26.22651002734222], [50.10357627093734, 26.22538713837348], [50.10357627093734, 26.223141360436003], [50.10574432891288, 26.222018471467265], [50.107912386888415, 26.223141360436003]]]}, "properties": {"congestion_score": 1.0, "congestion_level": "free_flow", "color": "rgb(43,200,43)", "road_pixel_count": 753}}, {"type": "Feature", "geometry": {"type": "Polygon", "coordinates": [[[50.12092073474163, 26.223141360436003], [50.12092073474163, 26.22538713837348], [50.1187526767661, 26.22651002734222], [50.11658461879056, 26.22538713837348], [50.11658461879056, 26.223141360436003], [50.1187526767661, 26.222018471467265], [50.12092073474163, 26.223141360436003]]]}, "properties": {"congestion_score": 1.0, "congestion_level": "free_flow", "color": "rgb(43,200,43)", "road_pixel_count": 546}}, {"type": "Feature", "geometry": {"type": "Polygon", "coordinates": [[[50.12525685069271, 26.223141360436003], [50.12525685069271, 26.22538713837348], [50.12308879271717, 26.22651002734222], [50.12092073474163, 26.22538713837348], [50.12092073474163, 26.223141360436003], [50.12308879271717, 26.222018471467265], [50.12525685069271, 26.223141360436003]]]}, "properties": {"congestion_score": 1.0, "congestion_level": "free_flow", "color": "rgb(43,200,43)", "road_pixel_count": 287}}, {"type": "Feature", "geometry": {"type": "Polygon", "coordinates": [[[50.181626358056654, 26.223141360436003], [50.181626358056654, 26.22538713837348], [50.17945830008112, 26.22651002734222], [50.177290242105585, 26.22538713837348], [50.177290242105585, 26.223141360436003], [50.17945830008112, 26.222018471467265], [50.181626358056654, 26.223141360436003]]]}, "properties": {"congestion_score": 1.0, "congestion_level": "free_flow", "color": "rgb(43,200,43)", "road_pixel_count": 1204}}, {"type": "Feature", "geometry": {"type": "Polygon", "coordinates": [[[50.18596247400773, 26.223141360436003], [50.18596247400773, 26.22538713837348], [50.18379441603219, 26.22651002734222], [50.181626358056654, 26.22538713837348], [50.181626358056654, 26.223141360436003], [50.18379441603219, 26.222018471467265], [50.18596247400773, 26.223141360436003]]]}, "properties": {"congestion_score": 0.873, "congestion_level": "light_congestion", "color": "rgb(255,255,55)", "road_pixel_count": 2064}}, {"type": "Feature", "geometry": {"type": "Polygon", "coordinates": [[[50.19463470590988, 26.223141360436003], [50.19463470590988, 26.22538713837348], [50.19246664793434, 26.22651002734222], [50.1902985899588, 26.22538713837348], [50.1902985899588, 26.223141360436003], [50.19246664793434, 26.222018471467265], [50.19463470590988, 26.223141360436003]]]}, "properties": {"congestion_score": 1.0, "congestion_level": "free_flow", "color": "rgb(43,200,43)", "road_pixel_count": 25}}, {"type": "Feature", "geometry": {"type": "Polygon", "coordinates": [[[50.19897082186095, 26.223141360436003], [50.19897082186095, 26.22538713837348], [50.196802763885415, 26.22651002734222], [50.19463470590988, 26.22538713837348], [50.19463470590988, 26.223141360436003], [50.196802763885415, 26.222018471467265], [50.19897082186095, 26.223141360436003]]]}, "properties": {"congestion_score": 0.999, "congestion_level": "free_flow", "color": "rgb(43,200,43)", "road_pixel_count": 1742}}, {"type": "Feature", "geometry": {"type": "Polygon", "coordinates": [[[50.20330693781202, 26.223141360436003], [50.20330693781202, 26.22538713837348], [50.201138879836485, 26.22651002734222], [50.19897082186095, 26.22538713837348], [50.19897082186095, 26.223141360436003], [50.201138879836485, 26.222018471467265], [50.20330693781202, 26.223141360436003]]]}, "properties": {"congestion_score": 1.0, "congestion_level": "free_flow", "color": "rgb(43,200,43)", "road_pixel_count": 708}}, {"type": "Feature", "geometry": {"type": "Polygon", "coordinates": [[[50.20764305376309, 26.223141360436003], [50.20764305376309, 26.22538713837348], [50.20547499578756, 26.22651002734222], [50.20330693781202, 26.22538713837348], [50.20330693781202, 26.223141360436003], [50.20547499578756, 26.222018471467265], [50.20764305376309, 26.223141360436003]]]}, "properties": {"congestion_score": 1.0, "congestion_level": "free_flow", "color": "rgb(43,200,43)", "road_pixel_count": 1455}}, {"type": "Feature", "geometry": {"type": "Polygon", "coordinates": [[[50.21197916971417, 26.223141360436003], [50.21197916971417, 26.22538713837348], [50.20981111173863, 26.22651002734222], [50.20764305376309, 26.22538713837348], [50.20764305376309, 26.223141360436003], [50.20981111173863, 26.222018471467265], [50.21197916971417, 26.223141360436003]]]}, "properties": {"congestion_score": 1.0, "congestion_level": "free_flow", "color": "rgb(43,200,43)", "road_pixel_count": 67}}, {"type": "Feature", "geometry": {"type": "Polygon", "coordinates": [[[50.21631528566524, 26.223141360436003], [50.21631528566524, 26.22538713837348], [50.21414722768971, 26.22651002734222], [50.21197916971417, 26.22538713837348], [50.21197916971417, 26.223141360436003], [50.21414722768971, 26.222018471467265], [50.21631528566524, 26.223141360436003]]]}, "properties": {"congestion_score": 1.0, "congestion_level": "free_flow", "color": "rgb(43,200,43)", "road_pixel_count": 1490}}, {"type": "Feature", "geometry": {"type": "Polygon", "coordinates": [[[50.10140821296181, 26.22651002734222], [50.10140821296181, 26.228755805279697], [50.09924015498627, 26.229878694248434], [50.09707209701073, 26.228755805279697], [50.09707209701073, 26.22651002734222], [50.09924015498627, 26.22538713837348], [50.10140821296181, 26.22651002734222]]]}, "properties": {"congestion_score": 1.0, "congestion_level": "free_flow", "color": "rgb(43,200,43)", "road_pixel_count": 1418}}, {"type": "Feature", "geometry": {"type": "Polygon", "coordinates": [[[50.10574432891288, 26.22651002734222], [50.10574432891288, 26.228755805279697], [50.10357627093734, 26.229878694248434], [50.10140821296181, 26.228755805279697], [50.10140821296181, 26.22651002734222], [50.10357627093734, 26.22538713837348], [50.10574432891288, 26.22651002734222]]]}, "properties": {"congestion_score": 1.0, "congestion_level": "free_flow", "color": "rgb(43,200,43)", "road_pixel_count": 246}}, {"type": "Feature", "geometry": {"type": "Polygon", "coordinates": [[[50.1187526767661, 26.22651002734222], [50.1187526767661, 26.228755805279697], [50.11658461879056, 26.229878694248434], [50.11441656081502, 26.228755805279697], [50.11441656081502, 26.22651002734222], [50.11658461879056, 26.22538713837348], [50.1187526767661, 26.22651002734222]]]}, "properties": {"congestion_score": 1.0, "congestion_level": "free_flow", "color": "rgb(43,200,43)", "road_pixel_count": 276}}, {"type": "Feature", "geometry": {"type": "Polygon", "coordinates": [[[50.12308879271717, 26.22651002734222], [50.12308879271717, 26.228755805279697], [50.12092073474163, 26.229878694248434], [50.1187526767661, 26.228755805279697], [50.1187526767661, 26.22651002734222], [50.12092073474163, 26.22538713837348], [50.12308879271717, 26.22651002734222]]]}, "properties": {"congestion_score": 1.0, "congestion_level": "free_flow", "color": "rgb(43,200,43)", "road_pixel_count": 1339}}, {"type": "Feature", "geometry": {"type": "Polygon", "coordinates": [[[50.127424908668246, 26.22651002734222], [50.127424908668246, 26.228755805279697], [50.12525685069271, 26.229878694248434], [50.12308879271717, 26.228755805279697], [50.12308879271717, 26.22651002734222], [50.12525685069271, 26.22538713837348], [50.127424908668246, 26.22651002734222]]]}, "properties": {"congestion_score": 1.0, "congestion_level": "free_flow", "color": "rgb(43,200,43)", "road_pixel_count": 163}}, {"type": "Feature", "geometry": {"type": "Polygon", "coordinates": [[[50.131761024619315, 26.22651002734222], [50.131761024619315, 26.228755805279697], [50.12959296664378, 26.229878694248434], [50.127424908668246, 26.228755805279697], [50.127424908668246, 26.22651002734222], [50.12959296664378, 26.22538713837348], [50.131761024619315, 26.22651002734222]]]}, "properties": {"congestion_score": 1.0, "congestion_level": "free_flow", "color": "rgb(43,200,43)", "road_pixel_count": 224}}, {"type": "Feature", "geometry": {"type": "Polygon", "coordinates": [[[50.13609714057039, 26.22651002734222], [50.13609714057039, 26.228755805279697], [50.133929082594854, 26.229878694248434], [50.131761024619315, 26.228755805279697], [50.131761024619315, 26.22651002734222], [50.133929082594854, 26.22538713837348], [50.13609714057039, 26.22651002734222]]]}, "properties": {"congestion_score": 1.0, "congestion_level": "free_flow", "color": "rgb(43,200,43)", "road_pixel_count": 382}}, {"type": "Feature", "geometry": {"type": "Polygon", "coordinates": [[[50.18379441603219, 26.22651002734222], [50.18379441603219, 26.228755805279697], [50.181626358056654, 26.229878694248434], [50.17945830008112, 26.228755805279697], [50.17945830008112, 26.22651002734222], [50.181626358056654, 26.22538713837348], [50.18379441603219, 26.22651002734222]]]}, "properties": {"congestion_score": 0.981, "congestion_level": "free_flow", "color": "rgb(43,200,43)", "road_pixel_count": 1477}}, {"type": "Feature", "geometry": {"type": "Polygon", "coordinates": [[[50.18813053198327, 26.22651002734222], [50.18813053198327, 26.228755805279697], [50.18596247400773, 26.229878694248434], [50.18379441603219, 26.228755805279697], [50.18379441603219, 26.22651002734222], [50.18596247400773, 26.22538713837348], [50.18813053198327, 26.22651002734222]]]}, "properties": {"congestion_score": 0.878, "congestion_level": "light_congestion", "color": "rgb(255,255,55)", "road_pixel_count": 800}}, {"type": "Feature", "geometry": {"type": "Polygon", "coordinates": [[[50.196802763885415, 26.22651002734222], [50.196802763885415, 26.228755805279697], [50.19463470590988, 26.229878694248434], [50.19246664793434, 26.228755805279697], [50.19246664793434, 26.22651002734222], [50.19463470590988, 26.22538713837348], [50.196802763885415, 26.22651002734222]]]}, "properties": {"congestion_score": 0.964, "congestion_level": "free_flow", "color": "rgb(43,200,43)", "road_pixel_count": 1902}}, {"type": "Feature", "geometry": {"type": "Polygon", "coordinates": [[[50.201138879836485, 26.22651002734222], [50.201138879836485, 26.228755805279697], [50.19897082186095, 26.229878694248434], [50.196802763885415, 26.228755805279697], [50.196802763885415, 26.22651002734222], [50.19897082186095, 26.22538713837348], [50.201138879836485, 26.22651002734222]]]}, "properties": {"congestion_score": 1.0, "congestion_level": "free_flow", "color": "rgb(43,200,43)", "road_pixel_count": 360}}, {"type": "Feature", "geometry": {"type": "Polygon", "coordinates": [[[50.20547499578756, 26.22651002734222], [50.20547499578756, 26.228755805279697], [50.20330693781202, 26.229878694248434], [50.201138879836485, 26.228755805279697], [50.201138879836485, 26.22651002734222], [50.20330693781202, 26.22538713837348], [50.20547499578756, 26.22651002734222]]]}, "properties": {"congestion_score": 1.0, "congestion_level": "free_flow", "color": "rgb(43,200,43)", "road_pixel_count": 1182}}, {"type": "Feature", "geometry": {"type": "Polygon", "coordinates": [[[50.20981111173863, 26.22651002734222], [50.20981111173863, 26.228755805279697], [50.20764305376309, 26.229878694248434], [50.20547499578756, 26.228755805279697], [50.20547499578756, 26.22651002734222], [50.20764305376309, 26.22538713837348], [50.20981111173863, 26.22651002734222]]]}, "properties": {"congestion_score": 1.0, "congestion_level": "free_flow", "color": "rgb(43,200,43)", "road_pixel_count": 5}}, {"type": "Feature", "geometry": {"type": "Polygon", "coordinates": [[[50.21414722768971, 26.22651002734222], [50.21414722768971, 26.228755805279697], [50.21197916971417, 26.229878694248434], [50.20981111173863, 26.228755805279697], [50.20981111173863, 26.22651002734222], [50.21197916971417, 26.22538713837348], [50.21414722768971, 26.22651002734222]]]}, "properties": {"congestion_score": 1.0, "congestion_level": "free_flow", "color": "rgb(43,200,43)", "road_pixel_count": 789}}, {"type": "Feature", "geometry": {"type": "Polygon", "coordinates": [[[50.21848334364078, 26.22651002734222], [50.21848334364078, 26.228755805279697], [50.21631528566524, 26.229878694248434], [50.21414722768971, 26.228755805279697], [50.21414722768971, 26.22651002734222], [50.21631528566524, 26.22538713837348], [50.21848334364078, 26.22651002734222]]]}, "properties": {"congestion_score": 1.0, "congestion_level": "free_flow", "color": "rgb(43,200,43)", "road_pixel_count": 252}}, {"type": "Feature", "geometry": {"type": "Polygon", "coordinates": [[[50.09924015498627, 26.229878694248434], [50.09924015498627, 26.232124472185912], [50.09707209701073, 26.233247361154653], [50.09490403903519, 26.232124472185912], [50.09490403903519, 26.229878694248434], [50.09707209701073, 26.228755805279697], [50.09924015498627, 26.229878694248434]]]}, "properties": {"congestion_score": 1.0, "congestion_level": "free_flow", "color": "rgb(43,200,43)", "road_pixel_count": 429}}, {"type": "Feature", "geometry": {"type": "Polygon", "coordinates": [[[50.10357627093734, 26.229878694248434], [50.10357627093734, 26.232124472185912], [50.10140821296181, 26.233247361154653], [50.09924015498627, 26.232124472185912], [50.09924015498627, 26.229878694248434], [50.10140821296181, 26.228755805279697], [50.10357627093734, 26.229878694248434]]]}, "properties": {"congestion_score": 1.0, "congestion_level": "free_flow", "color": "rgb(43,200,43)", "road_pixel_count": 983}}, {"type": "Feature", "geometry": {"type": "Polygon", "coordinates": [[[50.11658461879056, 26.229878694248434], [50.11658461879056, 26.232124472185912], [50.11441656081502, 26.233247361154653], [50.112248502839485, 26.232124472185912], [50.112248502839485, 26.229878694248434], [50.11441656081502, 26.228755805279697], [50.11658461879056, 26.229878694248434]]]}, "properties": {"congestion_score": 1.0, "congestion_level": "free_flow", "color": "rgb(43,200,43)", "road_pixel_count": 577}}, {"type": "Feature", "geometry": {"type": "Polygon", "coordinates": [[[50.12092073474163, 26.229878694248434], [50.12092073474163, 26.232124472185912], [50.1187526767661, 26.233247361154653], [50.11658461879056, 26.232124472185912], [50.11658461879056, 26.229878694248434], [50.1187526767661, 26.228755805279697], [50.12092073474163, 26.229878694248434]]]}, "properties": {"congestion_score": 1.0, "congestion_level": "free_flow", "color": "rgb(43,200,43)", "road_pixel_count": 1027}}, {"type": "Feature", "geometry": {"type": "Polygon", "coordinates": [[[50.12525685069271, 26.229878694248434], [50.12525685069271, 26.232124472185912], [50.12308879271717, 26.233247361154653], [50.12092073474163, 26.232124472185912], [50.12092073474163, 26.229878694248434], [50.12308879271717, 26.228755805279697], [50.12525685069271, 26.229878694248434]]]}, "properties": {"congestion_score": 1.0, "congestion_level": "free_flow", "color": "rgb(43,200,43)", "road_pixel_count": 508}}, {"type": "Feature", "geometry": {"type": "Polygon", "coordinates": [[[50.12959296664378, 26.229878694248434], [50.12959296664378, 26.232124472185912], [50.127424908668246, 26.233247361154653], [50.12525685069271, 26.232124472185912], [50.12525685069271, 26.229878694248434], [50.127424908668246, 26.228755805279697], [50.12959296664378, 26.229878694248434]]]}, "properties": {"congestion_score": 1.0, "congestion_level": "free_flow", "color": "rgb(43,200,43)", "road_pixel_count": 412}}, {"type": "Feature", "geometry": {"type": "Polygon", "coordinates": [[[50.133929082594854, 26.229878694248434], [50.133929082594854, 26.232124472185912], [50.131761024619315, 26.233247361154653], [50.12959296664378, 26.232124472185912], [50.12959296664378, 26.229878694248434], [50.131761024619315, 26.228755805279697], [50.133929082594854, 26.229878694248434]]]}, "properties": {"congestion_score": 1.0, "congestion_level": "free_flow", "color": "rgb(43,200,43)", "road_pixel_count": 161}}, {"type": "Feature", "geometry": {"type": "Polygon", "coordinates": [[[50.18596247400773, 26.229878694248434], [50.18596247400773, 26.232124472185912], [50.18379441603219, 26.233247361154653], [50.181626358056654, 26.232124472185912], [50.181626358056654, 26.229878694248434], [50.18379441603219, 26.228755805279697], [50.18596247400773, 26.229878694248434]]]}, "properties": {"congestion_score": 1.0, "congestion_level": "free_flow", "color": "rgb(43,200,43)", "road_pixel_count": 773}}, {"type": "Feature", "geometry": {"type": "Polygon", "coordinates": [[[50.1902985899588, 26.229878694248434], [50.1902985899588, 26.232124472185912], [50.18813053198327, 26.233247361154653], [50.18596247400773, 26.232124472185912], [50.18596247400773, 26.229878694248434], [50.18813053198327, 26.228755805279697], [50.1902985899588, 26.229878694248434]]]}, "properties": {"congestion_score": 0.999, "congestion_level": "free_flow", "color": "rgb(43,200,43)", "road_pixel_count": 795}}, {"type": "Feature", "geometry": {"type": "Polygon", "coordinates": [[[50.19463470590988, 26.229878694248434], [50.19463470590988, 26.232124472185912], [50.19246664793434, 26.233247361154653], [50.1902985899588, 26.232124472185912], [50.1902985899588, 26.229878694248434], [50.19246664793434, 26.228755805279697], [50.19463470590988, 26.229878694248434]]]}, "properties": {"congestion_score": 1.0, "congestion_level": "free_flow", "color": "rgb(43,200,43)", "road_pixel_count": 572}}, {"type": "Feature", "geometry": {"type": "Polygon", "coordinates": [[[50.19897082186095, 26.229878694248434], [50.19897082186095, 26.232124472185912], [50.196802763885415, 26.233247361154653], [50.19463470590988, 26.232124472185912], [50.19463470590988, 26.229878694248434], [50.196802763885415, 26.228755805279697], [50.19897082186095, 26.229878694248434]]]}, "properties": {"congestion_score": 0.901, "congestion_level": "light_congestion", "color": "rgb(255,255,55)", "road_pixel_count": 1474}}, {"type": "Feature", "geometry": {"type": "Polygon", "coordinates": [[[50.20330693781202, 26.229878694248434], [50.20330693781202, 26.232124472185912], [50.201138879836485, 26.233247361154653], [50.19897082186095, 26.232124472185912], [50.19897082186095, 26.229878694248434], [50.201138879836485, 26.228755805279697], [50.20330693781202, 26.229878694248434]]]}, "properties": {"congestion_score": 1.0, "congestion_level": "free_flow", "color": "rgb(43,200,43)", "road_pixel_count": 628}}, {"type": "Feature", "geometry": {"type": "Polygon", "coordinates": [[[50.20764305376309, 26.229878694248434], [50.20764305376309, 26.232124472185912], [50.20547499578756, 26.233247361154653], [50.20330693781202, 26.232124472185912], [50.20330693781202, 26.229878694248434], [50.20547499578756, 26.228755805279697], [50.20764305376309, 26.229878694248434]]]}, "properties": {"congestion_score": 1.0, "congestion_level": "free_flow", "color": "rgb(43,200,43)", "road_pixel_count": 1508}}, {"type": "Feature", "geometry": {"type": "Polygon", "coordinates": [[[50.21631528566524, 26.229878694248434], [50.21631528566524, 26.232124472185912], [50.21414722768971, 26.233247361154653], [50.21197916971417, 26.232124472185912], [50.21197916971417, 26.229878694248434], [50.21414722768971, 26.228755805279697], [50.21631528566524, 26.229878694248434]]]}, "properties": {"congestion_score": 1.0, "congestion_level": "free_flow", "color": "rgb(43,200,43)", "road_pixel_count": 1506}}, {"type": "Feature", "geometry": {"type": "Polygon", "coordinates": [[[50.10140821296181, 26.233247361154653], [50.10140821296181, 26.235493139092128], [50.09924015498627, 26.23661602806087], [50.09707209701073, 26.235493139092128], [50.09707209701073, 26.233247361154653], [50.09924015498627, 26.232124472185912], [50.10140821296181, 26.233247361154653]]]}, "properties": {"congestion_score": 1.0, "congestion_level": "free_flow", "color": "rgb(43,200,43)", "road_pixel_count": 1878}}, {"type": "Feature", "geometry": {"type": "Polygon", "coordinates": [[[50.12308879271717, 26.233247361154653], [50.12308879271717, 26.235493139092128], [50.12092073474163, 26.23661602806087], [50.1187526767661, 26.235493139092128], [50.1187526767661, 26.233247361154653], [50.12092073474163, 26.232124472185912], [50.12308879271717, 26.233247361154653]]]}, "properties": {"congestion_score": 1.0, "congestion_level": "free_flow", "color": "rgb(43,200,43)", "road_pixel_count": 1173}}, {"type": "Feature", "geometry": {"type": "Polygon", "coordinates": [[[50.18813053198327, 26.233247361154653], [50.18813053198327, 26.235493139092128], [50.18596247400773, 26.23661602806087], [50.18379441603219, 26.235493139092128], [50.18379441603219, 26.233247361154653], [50.18596247400773, 26.232124472185912], [50.18813053198327, 26.233247361154653]]]}, "properties": {"congestion_score": 0.996, "congestion_level": "free_flow", "color": "rgb(43,200,43)", "road_pixel_count": 235}}, {"type": "Feature", "geometry": {"type": "Polygon", "coordinates": [[[50.19246664793434, 26.233247361154653], [50.19246664793434, 26.235493139092128], [50.1902985899588, 26.23661602806087], [50.18813053198327, 26.235493139092128], [50.18813053198327, 26.233247361154653], [50.1902985899588, 26.232124472185912], [50.19246664793434, 26.233247361154653]]]}, "properties": {"congestion_score": 1.0, "congestion_level": "free_flow", "color": "rgb(43,200,43)", "road_pixel_count": 1112}}, {"type": "Feature", "geometry": {"type": "Polygon", "coordinates": [[[50.196802763885415, 26.233247361154653], [50.196802763885415, 26.235493139092128], [50.19463470590988, 26.23661602806087], [50.19246664793434, 26.235493139092128], [50.19246664793434, 26.233247361154653], [50.19463470590988, 26.232124472185912], [50.196802763885415, 26.233247361154653]]]}, "properties": {"congestion_score": 0.962, "congestion_level": "free_flow", "color": "rgb(43,200,43)", "road_pixel_count": 2404}}, {"type": "Feature", "geometry": {"type": "Polygon", "coordinates": [[[50.201138879836485, 26.233247361154653], [50.201138879836485, 26.235493139092128], [50.19897082186095, 26.23661602806087], [50.196802763885415, 26.235493139092128], [50.196802763885415, 26.233247361154653], [50.19897082186095, 26.232124472185912], [50.201138879836485, 26.233247361154653]]]}, "properties": {"congestion_score": 1.0, "congestion_level": "free_flow", "color": "rgb(43,200,43)", "road_pixel_count": 1548}}, {"type": "Feature", "geometry": {"type": "Polygon", "coordinates": [[[50.20547499578756, 26.233247361154653], [50.20547499578756, 26.235493139092128], [50.20330693781202, 26.23661602806087], [50.201138879836485, 26.235493139092128], [50.201138879836485, 26.233247361154653], [50.20330693781202, 26.232124472185912], [50.20547499578756, 26.233247361154653]]]}, "properties": {"congestion_score": 1.0, "congestion_level": "free_flow", "color": "rgb(43,200,43)", "road_pixel_count": 1873}}, {"type": "Feature", "geometry": {"type": "Polygon", "coordinates": [[[50.20981111173863, 26.233247361154653], [50.20981111173863, 26.235493139092128], [50.20764305376309, 26.23661602806087], [50.20547499578756, 26.235493139092128], [50.20547499578756, 26.233247361154653], [50.20764305376309, 26.232124472185912], [50.20981111173863, 26.233247361154653]]]}, "properties": {"congestion_score": 1.0, "congestion_level": "free_flow", "color": "rgb(43,200,43)", "road_pixel_count": 1929}}, {"type": "Feature", "geometry": {"type": "Polygon", "coordinates": [[[50.21414722768971, 26.233247361154653], [50.21414722768971, 26.235493139092128], [50.21197916971417, 26.23661602806087], [50.20981111173863, 26.235493139092128], [50.20981111173863, 26.233247361154653], [50.21197916971417, 26.232124472185912], [50.21414722768971, 26.233247361154653]]]}, "properties": {"congestion_score": 0.998, "congestion_level": "free_flow", "color": "rgb(43,200,43)", "road_pixel_count": 1972}}, {"type": "Feature", "geometry": {"type": "Polygon", "coordinates": [[[50.21848334364078, 26.233247361154653], [50.21848334364078, 26.235493139092128], [50.21631528566524, 26.23661602806087], [50.21414722768971, 26.235493139092128], [50.21414722768971, 26.233247361154653], [50.21631528566524, 26.232124472185912], [50.21848334364078, 26.233247361154653]]]}, "properties": {"congestion_score": 1.0, "congestion_level": "free_flow", "color": "rgb(43,200,43)", "road_pixel_count": 389}}, {"type": "Feature", "geometry": {"type": "Polygon", "coordinates": [[[50.09924015498627, 26.23661602806087], [50.09924015498627, 26.238861805998347], [50.09707209701073, 26.239984694967085], [50.09490403903519, 26.238861805998347], [50.09490403903519, 26.23661602806087], [50.09707209701073, 26.235493139092128], [50.09924015498627, 26.23661602806087]]]}, "properties": {"congestion_score": 1.0, "congestion_level": "free_flow", "color": "rgb(43,200,43)", "road_pixel_count": 1130}}, {"type": "Feature", "geometry": {"type": "Polygon", "coordinates": [[[50.10357627093734, 26.23661602806087], [50.10357627093734, 26.238861805998347], [50.10140821296181, 26.239984694967085], [50.09924015498627, 26.238861805998347], [50.09924015498627, 26.23661602806087], [50.10140821296181, 26.235493139092128], [50.10357627093734, 26.23661602806087]]]}, "properties": {"congestion_score": 1.0, "congestion_level": "free_flow", "color": "rgb(43,200,43)", "road_pixel_count": 311}}, {"type": "Feature", "geometry": {"type": "Polygon", "coordinates": [[[50.12092073474163, 26.23661602806087], [50.12092073474163, 26.238861805998347], [50.1187526767661, 26.239984694967085], [50.11658461879056, 26.238861805998347], [50.11658461879056, 26.23661602806087], [50.1187526767661, 26.235493139092128], [50.12092073474163, 26.23661602806087]]]}, "properties": {"congestion_score": 1.0, "congestion_level": "free_flow", "color": "rgb(43,200,43)", "road_pixel_count": 915}}, {"type": "Feature", "geometry": {"type": "Polygon", "coordinates": [[[50.19463470590988, 26.23661602806087], [50.19463470590988, 26.238861805998347], [50.19246664793434, 26.239984694967085], [50.1902985899588, 26.238861805998347], [50.1902985899588, 26.23661602806087], [50.19246664793434, 26.235493139092128], [50.19463470590988, 26.23661602806087]]]}, "properties": {"congestion_score": 1.0, "congestion_level": "free_flow", "color": "rgb(43,200,43)", "road_pixel_count": 1777}}, {"type": "Feature", "geometry": {"type": "Polygon", "coordinates": [[[50.19897082186095, 26.23661602806087], [50.19897082186095, 26.238861805998347], [50.196802763885415, 26.239984694967085], [50.19463470590988, 26.238861805998347], [50.19463470590988, 26.23661602806087], [50.196802763885415, 26.235493139092128], [50.19897082186095, 26.23661602806087]]]}, "properties": {"congestion_score": 0.994, "congestion_level": "free_flow", "color": "rgb(43,200,43)", "road_pixel_count": 2451}}, {"type": "Feature", "geometry": {"type": "Polygon", "coordinates": [[[50.20330693781202, 26.23661602806087], [50.20330693781202, 26.238861805998347], [50.201138879836485, 26.239984694967085], [50.19897082186095, 26.238861805998347], [50.19897082186095, 26.23661602806087], [50.201138879836485, 26.235493139092128], [50.20330693781202, 26.23661602806087]]]}, "properties": {"congestion_score": 1.0, "congestion_level": "free_flow", "color": "rgb(43,200,43)", "road_pixel_count": 1745}}, {"type": "Feature", "geometry": {"type": "Polygon", "coordinates": [[[50.20764305376309, 26.23661602806087], [50.20764305376309, 26.238861805998347], [50.20547499578756, 26.239984694967085], [50.20330693781202, 26.238861805998347], [50.20330693781202, 26.23661602806087], [50.20547499578756, 26.235493139092128], [50.20764305376309, 26.23661602806087]]]}, "properties": {"congestion_score": 1.0, "congestion_level": "free_flow", "color": "rgb(43,200,43)", "road_pixel_count": 60}}, {"type": "Feature", "geometry": {"type": "Polygon", "coordinates": [[[50.21197916971417, 26.23661602806087], [50.21197916971417, 26.238861805998347], [50.20981111173863, 26.239984694967085], [50.20764305376309, 26.238861805998347], [50.20764305376309, 26.23661602806087], [50.20981111173863, 26.235493139092128], [50.21197916971417, 26.23661602806087]]]}, "properties": {"congestion_score": 1.0, "congestion_level": "free_flow", "color": "rgb(43,200,43)", "road_pixel_count": 84}}, {"type": "Feature", "geometry": {"type": "Polygon", "coordinates": [[[50.21631528566524, 26.23661602806087], [50.21631528566524, 26.238861805998347], [50.21414722768971, 26.239984694967085], [50.21197916971417, 26.238861805998347], [50.21197916971417, 26.23661602806087], [50.21414722768971, 26.235493139092128], [50.21631528566524, 26.23661602806087]]]}, "properties": {"congestion_score": 1.0, "congestion_level": "free_flow", "color": "rgb(43,200,43)", "road_pixel_count": 2079}}, {"type": "Feature", "geometry": {"type": "Polygon", "coordinates": [[[50.220651401616315, 26.23661602806087], [50.220651401616315, 26.238861805998347], [50.21848334364078, 26.239984694967085], [50.21631528566524, 26.238861805998347], [50.21631528566524, 26.23661602806087], [50.21848334364078, 26.235493139092128], [50.220651401616315, 26.23661602806087]]]}, "properties": {"congestion_score": 1.0, "congestion_level": "free_flow", "color": "rgb(43,200,43)", "road_pixel_count": 1262}}, {"type": "Feature", "geometry": {"type": "Polygon", "coordinates": [[[50.09707209701073, 26.239984694967085], [50.09707209701073, 26.242230472904563], [50.09490403903519, 26.2433533618733], [50.09273598105966, 26.242230472904563], [50.09273598105966, 26.239984694967085], [50.09490403903519, 26.238861805998347], [50.09707209701073, 26.239984694967085]]]}, "properties": {"congestion_score": 1.0, "congestion_level": "free_flow", "color": "rgb(43,200,43)", "road_pixel_count": 4}}, {"type": "Feature", "geometry": {"type": "Polygon", "coordinates": [[[50.10140821296181, 26.239984694967085], [50.10140821296181, 26.242230472904563], [50.09924015498627, 26.2433533618733], [50.09707209701073, 26.242230472904563], [50.09707209701073, 26.239984694967085], [50.09924015498627, 26.238861805998347], [50.10140821296181, 26.239984694967085]]]}, "properties": {"congestion_score": 1.0, "congestion_level": "free_flow", "color": "rgb(43,200,43)", "road_pixel_count": 1619}}, {"type": "Feature", "geometry": {"type": "Polygon", "coordinates": [[[50.12308879271717, 26.239984694967085], [50.12308879271717, 26.242230472904563], [50.12092073474163, 26.2433533618733], [50.1187526767661, 26.242230472904563], [50.1187526767661, 26.239984694967085], [50.12092073474163, 26.238861805998347], [50.12308879271717, 26.239984694967085]]]}, "properties": {"congestion_score": 1.0, "congestion_level": "free_flow", "color": "rgb(43,200,43)", "road_pixel_count": 1110}}, {"type": "Feature", "geometry": {"type": "Polygon", "coordinates": [[[50.196802763885415, 26.239984694967085], [50.196802763885415, 26.242230472904563], [50.19463470590988, 26.2433533618733], [50.19246664793434, 26.242230472904563], [50.19246664793434, 26.239984694967085], [50.19463470590988, 26.238861805998347], [50.196802763885415, 26.239984694967085]]]}, "properties": {"congestion_score": 0.999, "congestion_level": "free_flow", "color": "rgb(43,200,43)", "road_pixel_count": 2050}}, {"type": "Feature", "geometry": {"type": "Polygon", "coordinates": [[[50.201138879836485, 26.239984694967085], [50.201138879836485, 26.242230472904563], [50.19897082186095, 26.2433533618733], [50.196802763885415, 26.242230472904563], [50.196802763885415, 26.239984694967085], [50.19897082186095, 26.238861805998347], [50.201138879836485, 26.239984694967085]]]}, "properties": {"congestion_score": 0.996, "congestion_level": "free_flow", "color": "rgb(43,200,43)", "road_pixel_count": 2063}}, {"type": "Feature", "geometry": {"type": "Polygon", "coordinates": [[[50.21414722768971, 26.239984694967085], [50.21414722768971, 26.242230472904563], [50.21197916971417, 26.2433533618733], [50.20981111173863, 26.242230472904563], [50.20981111173863, 26.239984694967085], [50.21197916971417, 26.238861805998347], [50.21414722768971, 26.239984694967085]]]}, "properties": {"congestion_score": 1.0, "congestion_level": "free_flow", "color": "rgb(43,200,43)", "road_pixel_count": 157}}, {"type": "Feature", "geometry": {"type": "Polygon", "coordinates": [[[50.21848334364078, 26.239984694967085], [50.21848334364078, 26.242230472904563], [50.21631528566524, 26.2433533618733], [50.21414722768971, 26.242230472904563], [50.21414722768971, 26.239984694967085], [50.21631528566524, 26.238861805998347], [50.21848334364078, 26.239984694967085]]]}, "properties": {"congestion_score": 1.0, "congestion_level": "free_flow", "color": "rgb(43,200,43)", "road_pixel_count": 1047}}, {"type": "Feature", "geometry": {"type": "Polygon", "coordinates": [[[50.222819459591854, 26.239984694967085], [50.222819459591854, 26.242230472904563], [50.220651401616315, 26.2433533618733], [50.21848334364078, 26.242230472904563], [50.21848334364078, 26.239984694967085], [50.220651401616315, 26.238861805998347], [50.222819459591854, 26.239984694967085]]]}, "properties": {"congestion_score": 1.0, "congestion_level": "free_flow", "color": "rgb(43,200,43)", "road_pixel_count": 1373}}, {"type": "Feature", "geometry": {"type": "Polygon", "coordinates": [[[50.09924015498627, 26.2433533618733], [50.09924015498627, 26.24559913981078], [50.09707209701073, 26.246722028779516], [50.09490403903519, 26.24559913981078], [50.09490403903519, 26.2433533618733], [50.09707209701073, 26.242230472904563], [50.09924015498627, 26.2433533618733]]]}, "properties": {"congestion_score": 1.0, "congestion_level": "free_flow", "color": "rgb(43,200,43)", "road_pixel_count": 1860}}, {"type": "Feature", "geometry": {"type": "Polygon", "coordinates": [[[50.12092073474163, 26.2433533618733], [50.12092073474163, 26.24559913981078], [50.1187526767661, 26.246722028779516], [50.11658461879056, 26.24559913981078], [50.11658461879056, 26.2433533618733], [50.1187526767661, 26.242230472904563], [50.12092073474163, 26.2433533618733]]]}, "properties": {"congestion_score": 1.0, "congestion_level": "free_flow", "color": "rgb(43,200,43)", "road_pixel_count": 992}}, {"type": "Feature", "geometry": {"type": "Polygon", "coordinates": [[[50.19897082186095, 26.2433533618733], [50.19897082186095, 26.24559913981078], [50.196802763885415, 26.246722028779516], [50.19463470590988, 26.24559913981078], [50.19463470590988, 26.2433533618733], [50.196802763885415, 26.242230472904563], [50.19897082186095, 26.2433533618733]]]}, "properties": {"congestion_score": 0.995, "congestion_level": "free_flow", "color": "rgb(43,200,43)", "road_pixel_count": 3066}}, {"type": "Feature", "geometry": {"type": "Polygon", "coordinates": [[[50.21631528566524, 26.2433533618733], [50.21631528566524, 26.24559913981078], [50.21414722768971, 26.246722028779516], [50.21197916971417, 26.24559913981078], [50.21197916971417, 26.2433533618733], [50.21414722768971, 26.242230472904563], [50.21631528566524, 26.2433533618733]]]}, "properties": {"congestion_score": 1.0, "congestion_level": "free_flow", "color": "rgb(43,200,43)", "road_pixel_count": 1312}}, {"type": "Feature", "geometry": {"type": "Polygon", "coordinates": [[[50.220651401616315, 26.2433533618733], [50.220651401616315, 26.24559913981078], [50.21848334364078, 26.246722028779516], [50.21631528566524, 26.24559913981078], [50.21631528566524, 26.2433533618733], [50.21848334364078, 26.242230472904563], [50.220651401616315, 26.2433533618733]]]}, "properties": {"congestion_score": 1.0, "congestion_level": "free_flow", "color": "rgb(43,200,43)", "road_pixel_count": 738}}, {"type": "Feature", "geometry": {"type": "Polygon", "coordinates": [[[50.224987517567385, 26.2433533618733], [50.224987517567385, 26.24559913981078], [50.222819459591854, 26.246722028779516], [50.220651401616315, 26.24559913981078], [50.220651401616315, 26.2433533618733], [50.222819459591854, 26.242230472904563], [50.224987517567385, 26.2433533618733]]]}, "properties": {"congestion_score": 1.0, "congestion_level": "free_flow", "color": "rgb(43,200,43)", "road_pixel_count": 310}}, {"type": "Feature", "geometry": {"type": "Polygon", "coordinates": [[[50.07539151725537, 26.246722028779516], [50.07539151725537, 26.248967806716994], [50.07322345927983, 26.250090695685735], [50.07105540130429, 26.248967806716994], [50.07105540130429, 26.246722028779516], [50.07322345927983, 26.24559913981078], [50.07539151725537, 26.246722028779516]]]}, "properties": {"congestion_score": 1.0, "congestion_level": "free_flow", "color": "rgb(43,200,43)", "road_pixel_count": 146}}, {"type": "Feature", "geometry": {"type": "Polygon", "coordinates": [[[50.07972763320644, 26.246722028779516], [50.07972763320644, 26.248967806716994], [50.0775595752309, 26.250090695685735], [50.07539151725537, 26.248967806716994], [50.07539151725537, 26.246722028779516], [50.0775595752309, 26.24559913981078], [50.07972763320644, 26.246722028779516]]]}, "properties": {"congestion_score": 1.0, "congestion_level": "free_flow", "color": "rgb(43,200,43)", "road_pixel_count": 237}}, {"type": "Feature", "geometry": {"type": "Polygon", "coordinates": [[[50.09273598105966, 26.246722028779516], [50.09273598105966, 26.248967806716994], [50.09056792308412, 26.250090695685735], [50.088399865108585, 26.248967806716994], [50.088399865108585, 26.246722028779516], [50.09056792308412, 26.24559913981078], [50.09273598105966, 26.246722028779516]]]}, "properties": {"congestion_score": 1.0, "congestion_level": "free_flow", "color": "rgb(43,200,43)", "road_pixel_count": 95}}, {"type": "Feature", "geometry": {"type": "Polygon", "coordinates": [[[50.09707209701073, 26.246722028779516], [50.09707209701073, 26.248967806716994], [50.09490403903519, 26.250090695685735], [50.09273598105966, 26.248967806716994], [50.09273598105966, 26.246722028779516], [50.09490403903519, 26.24559913981078], [50.09707209701073, 26.246722028779516]]]}, "properties": {"congestion_score": 1.0, "congestion_level": "free_flow", "color": "rgb(43,200,43)", "road_pixel_count": 1847}}, {"type": "Feature", "geometry": {"type": "Polygon", "coordinates": [[[50.12308879271717, 26.246722028779516], [50.12308879271717, 26.248967806716994], [50.12092073474163, 26.250090695685735], [50.1187526767661, 26.248967806716994], [50.1187526767661, 26.246722028779516], [50.12092073474163, 26.24559913981078], [50.12308879271717, 26.246722028779516]]]}, "properties": {"congestion_score": 1.0, "congestion_level": "free_flow", "color": "rgb(43,200,43)", "road_pixel_count": 1047}}, {"type": "Feature", "geometry": {"type": "Polygon", "coordinates": [[[50.196802763885415, 26.246722028779516], [50.196802763885415, 26.248967806716994], [50.19463470590988, 26.250090695685735], [50.19246664793434, 26.248967806716994], [50.19246664793434, 26.246722028779516], [50.19463470590988, 26.24559913981078], [50.196802763885415, 26.246722028779516]]]}, "properties": {"congestion_score": 0.96, "congestion_level": "free_flow", "color": "rgb(43,200,43)", "road_pixel_count": 995}}, {"type": "Feature", "geometry": {"type": "Polygon", "coordinates": [[[50.201138879836485, 26.246722028779516], [50.201138879836485, 26.248967806716994], [50.19897082186095, 26.250090695685735], [50.196802763885415, 26.248967806716994], [50.196802763885415, 26.246722028779516], [50.19897082186095, 26.24559913981078], [50.201138879836485, 26.246722028779516]]]}, "properties": {"congestion_score": 0.999, "congestion_level": "free_flow", "color": "rgb(43,200,43)", "road_pixel_count": 2257}}, {"type": "Feature", "geometry": {"type": "Polygon", "coordinates": [[[50.20547499578756, 26.246722028779516], [50.20547499578756, 26.248967806716994], [50.20330693781202, 26.250090695685735], [50.201138879836485, 26.248967806716994], [50.201138879836485, 26.246722028779516], [50.20330693781202, 26.24559913981078], [50.20547499578756, 26.246722028779516]]]}, "properties": {"congestion_score": 1.0, "congestion_level": "free_flow", "color": "rgb(43,200,43)", "road_pixel_count": 277}}, {"type": "Feature", "geometry": {"type": "Polygon", "coordinates": [[[50.20981111173863, 26.246722028779516], [50.20981111173863, 26.248967806716994], [50.20764305376309, 26.250090695685735], [50.20547499578756, 26.248967806716994], [50.20547499578756, 26.246722028779516], [50.20764305376309, 26.24559913981078], [50.20981111173863, 26.246722028779516]]]}, "properties": {"congestion_score": 1.0, "congestion_level": "free_flow", "color": "rgb(43,200,43)", "road_pixel_count": 48}}, {"type": "Feature", "geometry": {"type": "Polygon", "coordinates": [[[50.21848334364078, 26.246722028779516], [50.21848334364078, 26.248967806716994], [50.21631528566524, 26.250090695685735], [50.21414722768971, 26.248967806716994], [50.21414722768971, 26.246722028779516], [50.21631528566524, 26.24559913981078], [50.21848334364078, 26.246722028779516]]]}, "properties": {"congestion_score": 1.0, "congestion_level": "free_flow", "color": "rgb(43,200,43)", "road_pixel_count": 1388}}, {"type": "Feature", "geometry": {"type": "Polygon", "coordinates": [[[50.222819459591854, 26.246722028779516], [50.222819459591854, 26.248967806716994], [50.220651401616315, 26.250090695685735], [50.21848334364078, 26.248967806716994], [50.21848334364078, 26.246722028779516], [50.220651401616315, 26.24559913981078], [50.222819459591854, 26.246722028779516]]]}, "properties": {"congestion_score": 1.0, "congestion_level": "free_flow", "color": "rgb(43,200,43)", "road_pixel_count": 1538}}, {"type": "Feature", "geometry": {"type": "Polygon", "coordinates": [[[50.0775595752309, 26.250090695685735], [50.0775595752309, 26.25233647362321], [50.07539151725537, 26.25345936259195], [50.07322345927983, 26.25233647362321], [50.07322345927983, 26.250090695685735], [50.07539151725537, 26.248967806716994], [50.0775595752309, 26.250090695685735]]]}, "properties": {"congestion_score": 1.0, "congestion_level": "free_flow", "color": "rgb(43,200,43)", "road_pixel_count": 570}}, {"type": "Feature", "geometry": {"type": "Polygon", "coordinates": [[[50.08189569118198, 26.250090695685735], [50.08189569118198, 26.25233647362321], [50.07972763320644, 26.25345936259195], [50.0775595752309, 26.25233647362321], [50.0775595752309, 26.250090695685735], [50.07972763320644, 26.248967806716994], [50.08189569118198, 26.250090695685735]]]}, "properties": {"congestion_score": 1.0, "congestion_level": "free_flow", "color": "rgb(43,200,43)", "road_pixel_count": 741}}, {"type": "Feature", "geometry": {"type": "Polygon", "coordinates": [[[50.09056792308412, 26.250090695685735], [50.09056792308412, 26.25233647362321], [50.088399865108585, 26.25345936259195], [50.086231807133046, 26.25233647362321], [50.086231807133046, 26.250090695685735], [50.088399865108585, 26.248967806716994], [50.09056792308412, 26.250090695685735]]]}, "properties": {"congestion_score": 0.984, "congestion_level": "free_flow", "color": "rgb(43,200,43)", "road_pixel_count": 703}}, {"type": "Feature", "geometry": {"type": "Polygon", "coordinates": [[[50.09490403903519, 26.250090695685735], [50.09490403903519, 26.25233647362321], [50.09273598105966, 26.25345936259195], [50.09056792308412, 26.25233647362321], [50.09056792308412, 26.250090695685735], [50.09273598105966, 26.248967806716994], [50.09490403903519, 26.250090695685735]]]}, "properties": {"congestion_score": 0.993, "congestion_level": "free_flow", "color": "rgb(43,200,43)", "road_pixel_count": 1560}}, {"type": "Feature", "geometry": {"type": "Polygon", "coordinates": [[[50.12092073474163, 26.250090695685735], [50.12092073474163, 26.25233647362321], [50.1187526767661, 26.25345936259195], [50.11658461879056, 26.25233647362321], [50.11658461879056, 26.250090695685735], [50.1187526767661, 26.248967806716994], [50.12092073474163, 26.250090695685735]]]}, "properties": {"congestion_score": 1.0, "congestion_level": "free_flow", "color": "rgb(43,200,43)", "road_pixel_count": 1055}}, {"type": "Feature", "geometry": {"type": "Polygon", "coordinates": [[[50.19897082186095, 26.250090695685735], [50.19897082186095, 26.25233647362321], [50.196802763885415, 26.25345936259195], [50.19463470590988, 26.25233647362321], [50.19463470590988, 26.250090695685735], [50.196802763885415, 26.248967806716994], [50.19897082186095, 26.250090695685735]]]}, "properties": {"congestion_score": 0.905, "congestion_level": "light_congestion", "color": "rgb(255,255,55)", "road_pixel_count": 2608}}, {"type": "Feature", "geometry": {"type": "Polygon", "coordinates": [[[50.20330693781202, 26.250090695685735], [50.20330693781202, 26.25233647362321], [50.201138879836485, 26.25345936259195], [50.19897082186095, 26.25233647362321], [50.19897082186095, 26.250090695685735], [50.201138879836485, 26.248967806716994], [50.20330693781202, 26.250090695685735]]]}, "properties": {"congestion_score": 0.961, "congestion_level": "free_flow", "color": "rgb(43,200,43)", "road_pixel_count": 1356}}, {"type": "Feature", "geometry": {"type": "Polygon", "coordinates": [[[50.20764305376309, 26.250090695685735], [50.20764305376309, 26.25233647362321], [50.20547499578756, 26.25345936259195], [50.20330693781202, 26.25233647362321], [50.20330693781202, 26.250090695685735], [50.20547499578756, 26.248967806716994], [50.20764305376309, 26.250090695685735]]]}, "properties": {"congestion_score": 1.0, "congestion_level": "free_flow", "color": "rgb(43,200,43)", "road_pixel_count": 1433}}, {"type": "Feature", "geometry": {"type": "Polygon", "coordinates": [[[50.21197916971417, 26.250090695685735], [50.21197916971417, 26.25233647362321], [50.20981111173863, 26.25345936259195], [50.20764305376309, 26.25233647362321], [50.20764305376309, 26.250090695685735], [50.20981111173863, 26.248967806716994], [50.21197916971417, 26.250090695685735]]]}, "properties": {"congestion_score": 1.0, "congestion_level": "free_flow", "color": "rgb(43,200,43)", "road_pixel_count": 1469}}, {"type": "Feature", "geometry": {"type": "Polygon", "coordinates": [[[50.21631528566524, 26.250090695685735], [50.21631528566524, 26.25233647362321], [50.21414722768971, 26.25345936259195], [50.21197916971417, 26.25233647362321], [50.21197916971417, 26.250090695685735], [50.21414722768971, 26.248967806716994], [50.21631528566524, 26.250090695685735]]]}, "properties": {"congestion_score": 1.0, "congestion_level": "free_flow", "color": "rgb(43,200,43)", "road_pixel_count": 2225}}, {"type": "Feature", "geometry": {"type": "Polygon", "coordinates": [[[50.220651401616315, 26.250090695685735], [50.220651401616315, 26.25233647362321], [50.21848334364078, 26.25345936259195], [50.21631528566524, 26.25233647362321], [50.21631528566524, 26.250090695685735], [50.21848334364078, 26.248967806716994], [50.220651401616315, 26.250090695685735]]]}, "properties": {"congestion_score": 1.0, "congestion_level": "free_flow", "color": "rgb(43,200,43)", "road_pixel_count": 783}}, {"type": "Feature", "geometry": {"type": "Polygon", "coordinates": [[[50.224987517567385, 26.250090695685735], [50.224987517567385, 26.25233647362321], [50.222819459591854, 26.25345936259195], [50.220651401616315, 26.25233647362321], [50.220651401616315, 26.250090695685735], [50.222819459591854, 26.248967806716994], [50.224987517567385, 26.250090695685735]]]}, "properties": {"congestion_score": 1.0, "congestion_level": "free_flow", "color": "rgb(43,200,43)", "road_pixel_count": 270}}, {"type": "Feature", "geometry": {"type": "Polygon", "coordinates": [[[50.07972763320644, 26.25345936259195], [50.07972763320644, 26.25570514052943], [50.0775595752309, 26.256828029498166], [50.07539151725537, 26.25570514052943], [50.07539151725537, 26.25345936259195], [50.0775595752309, 26.25233647362321], [50.07972763320644, 26.25345936259195]]]}, "properties": {"congestion_score": 1.0, "congestion_level": "free_flow", "color": "rgb(43,200,43)", "road_pixel_count": 190}}, {"type": "Feature", "geometry": {"type": "Polygon", "coordinates": [[[50.084063749157515, 26.25345936259195], [50.084063749157515, 26.25570514052943], [50.08189569118198, 26.256828029498166], [50.07972763320644, 26.25570514052943], [50.07972763320644, 26.25345936259195], [50.08189569118198, 26.25233647362321], [50.084063749157515, 26.25345936259195]]]}, "properties": {"congestion_score": 1.0, "congestion_level": "free_flow", "color": "rgb(43,200,43)", "road_pixel_count": 1135}}, {"type": "Feature", "geometry": {"type": "Polygon", "coordinates": [[[50.088399865108585, 26.25345936259195], [50.088399865108585, 26.25570514052943], [50.086231807133046, 26.256828029498166], [50.084063749157515, 26.25570514052943], [50.084063749157515, 26.25345936259195], [50.086231807133046, 26.25233647362321], [50.088399865108585, 26.25345936259195]]]}, "properties": {"congestion_score": 1.0, "congestion_level": "free_flow", "color": "rgb(43,200,43)", "road_pixel_count": 1340}}, {"type": "Feature", "geometry": {"type": "Polygon", "coordinates": [[[50.09273598105966, 26.25345936259195], [50.09273598105966, 26.25570514052943], [50.09056792308412, 26.256828029498166], [50.088399865108585, 26.25570514052943], [50.088399865108585, 26.25345936259195], [50.09056792308412, 26.25233647362321], [50.09273598105966, 26.25345936259195]]]}, "properties": {"congestion_score": 1.0, "congestion_level": "free_flow", "color": "rgb(43,200,43)", "road_pixel_count": 880}}, {"type": "Feature", "geometry": {"type": "Polygon", "coordinates": [[[50.12308879271717, 26.25345936259195], [50.12308879271717, 26.25570514052943], [50.12092073474163, 26.256828029498166], [50.1187526767661, 26.25570514052943], [50.1187526767661, 26.25345936259195], [50.12092073474163, 26.25233647362321], [50.12308879271717, 26.25345936259195]]]}, "properties": {"congestion_score": 1.0, "congestion_level": "free_flow", "color": "rgb(43,200,43)", "road_pixel_count": 978}}, {"type": "Feature", "geometry": {"type": "Polygon", "coordinates": [[[50.196802763885415, 26.25345936259195], [50.196802763885415, 26.25570514052943], [50.19463470590988, 26.256828029498166], [50.19246664793434, 26.25570514052943], [50.19246664793434, 26.25345936259195], [50.19463470590988, 26.25233647362321], [50.196802763885415, 26.25345936259195]]]}, "properties": {"congestion_score": 0.97, "congestion_level": "free_flow", "color": "rgb(43,200,43)", "road_pixel_count": 2118}}, {"type": "Feature", "geometry": {"type": "Polygon", "coordinates": [[[50.201138879836485, 26.25345936259195], [50.201138879836485, 26.25570514052943], [50.19897082186095, 26.256828029498166], [50.196802763885415, 26.25570514052943], [50.196802763885415, 26.25345936259195], [50.19897082186095, 26.25233647362321], [50.201138879836485, 26.25345936259195]]]}, "properties": {"congestion_score": 0.976, "congestion_level": "free_flow", "color": "rgb(43,200,43)", "road_pixel_count": 804}}, {"type": "Feature", "geometry": {"type": "Polygon", "coordinates": [[[50.20547499578756, 26.25345936259195], [50.20547499578756, 26.25570514052943], [50.20330693781202, 26.256828029498166], [50.201138879836485, 26.25570514052943], [50.201138879836485, 26.25345936259195], [50.20330693781202, 26.25233647362321], [50.20547499578756, 26.25345936259195]]]}, "properties": {"congestion_score": 0.977, "congestion_level": "free_flow", "color": "rgb(43,200,43)", "road_pixel_count": 1792}}, {"type": "Feature", "geometry": {"type": "Polygon", "coordinates": [[[50.21414722768971, 26.25345936259195], [50.21414722768971, 26.25570514052943], [50.21197916971417, 26.256828029498166], [50.20981111173863, 26.25570514052943], [50.20981111173863, 26.25345936259195], [50.21197916971417, 26.25233647362321], [50.21414722768971, 26.25345936259195]]]}, "properties": {"congestion_score": 1.0, "congestion_level": "free_flow", "color": "rgb(43,200,43)", "road_pixel_count": 1256}}, {"type": "Feature", "geometry": {"type": "Polygon", "coordinates": [[[50.21848334364078, 26.25345936259195], [50.21848334364078, 26.25570514052943], [50.21631528566524, 26.256828029498166], [50.21414722768971, 26.25570514052943], [50.21414722768971, 26.25345936259195], [50.21631528566524, 26.25233647362321], [50.21848334364078, 26.25345936259195]]]}, "properties": {"congestion_score": 1.0, "congestion_level": "free_flow", "color": "rgb(43,200,43)", "road_pixel_count": 1208}}, {"type": "Feature", "geometry": {"type": "Polygon", "coordinates": [[[50.222819459591854, 26.25345936259195], [50.222819459591854, 26.25570514052943], [50.220651401616315, 26.256828029498166], [50.21848334364078, 26.25570514052943], [50.21848334364078, 26.25345936259195], [50.220651401616315, 26.25233647362321], [50.222819459591854, 26.25345936259195]]]}, "properties": {"congestion_score": 0.999, "congestion_level": "free_flow", "color": "rgb(43,200,43)", "road_pixel_count": 1367}}, {"type": "Feature", "geometry": {"type": "Polygon", "coordinates": [[[50.0775595752309, 26.256828029498166], [50.0775595752309, 26.259073807435644], [50.07539151725537, 26.260196696404382], [50.07322345927983, 26.259073807435644], [50.07322345927983, 26.256828029498166], [50.07539151725537, 26.25570514052943], [50.0775595752309, 26.256828029498166]]]}, "properties": {"congestion_score": 1.0, "congestion_level": "free_flow", "color": "rgb(43,200,43)", "road_pixel_count": 544}}, {"type": "Feature", "geometry": {"type": "Polygon", "coordinates": [[[50.08189569118198, 26.256828029498166], [50.08189569118198, 26.259073807435644], [50.07972763320644, 26.260196696404382], [50.0775595752309, 26.259073807435644], [50.0775595752309, 26.256828029498166], [50.07972763320644, 26.25570514052943], [50.08189569118198, 26.256828029498166]]]}, "properties": {"congestion_score": 1.0, "congestion_level": "free_flow", "color": "rgb(43,200,43)", "road_pixel_count": 524}}, {"type": "Feature", "geometry": {"type": "Polygon", "coordinates": [[[50.086231807133046, 26.256828029498166], [50.086231807133046, 26.259073807435644], [50.084063749157515, 26.260196696404382], [50.08189569118198, 26.259073807435644], [50.08189569118198, 26.256828029498166], [50.084063749157515, 26.25570514052943], [50.086231807133046, 26.256828029498166]]]}, "properties": {"congestion_score": 1.0, "congestion_level": "free_flow", "color": "rgb(43,200,43)", "road_pixel_count": 1818}}, {"type": "Feature", "geometry": {"type": "Polygon", "coordinates": [[[50.09056792308412, 26.256828029498166], [50.09056792308412, 26.259073807435644], [50.088399865108585, 26.260196696404382], [50.086231807133046, 26.259073807435644], [50.086231807133046, 26.256828029498166], [50.088399865108585, 26.25570514052943], [50.09056792308412, 26.256828029498166]]]}, "properties": {"congestion_score": 1.0, "congestion_level": "free_flow", "color": "rgb(43,200,43)", "road_pixel_count": 451}}, {"type": "Feature", "geometry": {"type": "Polygon", "coordinates": [[[50.12092073474163, 26.256828029498166], [50.12092073474163, 26.259073807435644], [50.1187526767661, 26.260196696404382], [50.11658461879056, 26.259073807435644], [50.11658461879056, 26.256828029498166], [50.1187526767661, 26.25570514052943], [50.12092073474163, 26.256828029498166]]]}, "properties": {"congestion_score": 1.0, "congestion_level": "free_flow", "color": "rgb(43,200,43)", "road_pixel_count": 1153}}, {"type": "Feature", "geometry": {"type": "Polygon", "coordinates": [[[50.19463470590988, 26.256828029498166], [50.19463470590988, 26.259073807435644], [50.19246664793434, 26.260196696404382], [50.1902985899588, 26.259073807435644], [50.1902985899588, 26.256828029498166], [50.19246664793434, 26.25570514052943], [50.19463470590988, 26.256828029498166]]]}, "properties": {"congestion_score": 0.918, "congestion_level": "light_congestion", "color": "rgb(255,255,55)", "road_pixel_count": 2464}}, {"type": "Feature", "geometry": {"type": "Polygon", "coordinates": [[[50.19897082186095, 26.256828029498166], [50.19897082186095, 26.259073807435644], [50.196802763885415, 26.260196696404382], [50.19463470590988, 26.259073807435644], [50.19463470590988, 26.256828029498166], [50.196802763885415, 26.25570514052943], [50.19897082186095, 26.256828029498166]]]}, "properties": {"congestion_score": 0.374, "congestion_level": "heavy_traffic", "color": "rgb(255,35,35)", "road_pixel_count": 86}}, {"type": "Feature", "geometry": {"type": "Polygon", "coordinates": [[[50.20330693781202, 26.256828029498166], [50.20330693781202, 26.259073807435644], [50.201138879836485, 26.260196696404382], [50.19897082186095, 26.259073807435644], [50.19897082186095, 26.256828029498166], [50.201138879836485, 26.25570514052943], [50.20330693781202, 26.256828029498166]]]}, "properties": {"congestion_score": 0.965, "congestion_level": "free_flow", "color": "rgb(43,200,43)", "road_pixel_count": 1417}}, {"type": "Feature", "geometry": {"type": "Polygon", "coordinates": [[[50.20764305376309, 26.256828029498166], [50.20764305376309, 26.259073807435644], [50.20547499578756, 26.260196696404382], [50.20330693781202, 26.259073807435644], [50.20330693781202, 26.256828029498166], [50.20547499578756, 26.25570514052943], [50.20764305376309, 26.256828029498166]]]}, "properties": {"congestion_score": 0.915, "congestion_level": "light_congestion", "color": "rgb(255,255,55)", "road_pixel_count": 973}}, {"type": "Feature", "geometry": {"type": "Polygon", "coordinates": [[[50.21197916971417, 26.256828029498166], [50.21197916971417, 26.259073807435644], [50.20981111173863, 26.260196696404382], [50.20764305376309, 26.259073807435644], [50.20764305376309, 26.256828029498166], [50.20981111173863, 26.25570514052943], [50.21197916971417, 26.256828029498166]]]}, "properties": {"congestion_score": 1.0, "congestion_level": "free_flow", "color": "rgb(43,200,43)", "road_pixel_count": 2300}}, {"type": "Feature", "geometry": {"type": "Polygon", "coordinates": [[[50.21631528566524, 26.256828029498166], [50.21631528566524, 26.259073807435644], [50.21414722768971, 26.260196696404382], [50.21197916971417, 26.259073807435644], [50.21197916971417, 26.256828029498166], [50.21414722768971, 26.25570514052943], [50.21631528566524, 26.256828029498166]]]}, "properties": {"congestion_score": 1.0, "congestion_level": "free_flow", "color": "rgb(43,200,43)", "road_pixel_count": 2174}}, {"type": "Feature", "geometry": {"type": "Polygon", "coordinates": [[[50.220651401616315, 26.256828029498166], [50.220651401616315, 26.259073807435644], [50.21848334364078, 26.260196696404382], [50.21631528566524, 26.259073807435644], [50.21631528566524, 26.256828029498166], [50.21848334364078, 26.25570514052943], [50.220651401616315, 26.256828029498166]]]}, "properties": {"congestion_score": 1.0, "congestion_level": "free_flow", "color": "rgb(43,200,43)", "road_pixel_count": 1313}}, {"type": "Feature", "geometry": {"type": "Polygon", "coordinates": [[[50.062383169402146, 26.260196696404382], [50.062383169402146, 26.26244247434186], [50.06021511142661, 26.263565363310597], [50.05804705345108, 26.26244247434186], [50.05804705345108, 26.260196696404382], [50.06021511142661, 26.259073807435644], [50.062383169402146, 26.260196696404382]]]}, "properties": {"congestion_score": 0.995, "congestion_level": "free_flow", "color": "rgb(43,200,43)", "road_pixel_count": 772}}, {"type": "Feature", "geometry": {"type": "Polygon", "coordinates": [[[50.066719285353216, 26.260196696404382], [50.066719285353216, 26.26244247434186], [50.064551227377684, 26.263565363310597], [50.062383169402146, 26.26244247434186], [50.062383169402146, 26.260196696404382], [50.064551227377684, 26.259073807435644], [50.066719285353216, 26.260196696404382]]]}, "properties": {"congestion_score": 0.781, "congestion_level": "light_congestion", "color": "rgb(255,255,55)", "road_pixel_count": 270}}, {"type": "Feature", "geometry": {"type": "Polygon", "coordinates": [[[50.07105540130429, 26.260196696404382], [50.07105540130429, 26.26244247434186], [50.068887343328754, 26.263565363310597], [50.06671928535322, 26.26244247434186], [50.06671928535322, 26.260196696404382], [50.068887343328754, 26.259073807435644], [50.07105540130429, 26.260196696404382]]]}, "properties": {"congestion_score": 1.0, "congestion_level": "free_flow", "color": "rgb(43,200,43)", "road_pixel_count": 601}}, {"type": "Feature", "geometry": {"type": "Polygon", "coordinates": [[[50.07539151725537, 26.260196696404382], [50.07539151725537, 26.26244247434186], [50.07322345927983, 26.263565363310597], [50.07105540130429, 26.26244247434186], [50.07105540130429, 26.260196696404382], [50.07322345927983, 26.259073807435644], [50.07539151725537, 26.260196696404382]]]}, "properties": {"congestion_score": 0.944, "congestion_level": "light_congestion", "color": "rgb(255,255,55)", "road_pixel_count": 1159}}, {"type": "Feature", "geometry": {"type": "Polygon", "coordinates": [[[50.07972763320644, 26.260196696404382], [50.07972763320644, 26.26244247434186], [50.0775595752309, 26.263565363310597], [50.07539151725537, 26.26244247434186], [50.07539151725537, 26.260196696404382], [50.0775595752309, 26.259073807435644], [50.07972763320644, 26.260196696404382]]]}, "properties": {"congestion_score": 0.991, "congestion_level": "free_flow", "color": "rgb(43,200,43)", "road_pixel_count": 421}}, {"type": "Feature", "geometry": {"type": "Polygon", "coordinates": [[[50.084063749157515, 26.260196696404382], [50.084063749157515, 26.26244247434186], [50.08189569118198, 26.263565363310597], [50.07972763320644, 26.26244247434186], [50.07972763320644, 26.260196696404382], [50.08189569118198, 26.259073807435644], [50.084063749157515, 26.260196696404382]]]}, "properties": {"congestion_score": 1.0, "congestion_level": "free_flow", "color": "rgb(43,200,43)", "road_pixel_count": 1532}}, {"type": "Feature", "geometry": {"type": "Polygon", "coordinates": [[[50.088399865108585, 26.260196696404382], [50.088399865108585, 26.26244247434186], [50.086231807133046, 26.263565363310597], [50.084063749157515, 26.26244247434186], [50.084063749157515, 26.260196696404382], [50.086231807133046, 26.259073807435644], [50.088399865108585, 26.260196696404382]]]}, "properties": {"congestion_score": 1.0, "congestion_level": "free_flow", "color": "rgb(43,200,43)", "road_pixel_count": 393}}, {"type": "Feature", "geometry": {"type": "Polygon", "coordinates": [[[50.1187526767661, 26.260196696404382], [50.1187526767661, 26.26244247434186], [50.11658461879056, 26.263565363310597], [50.11441656081502, 26.26244247434186], [50.11441656081502, 26.260196696404382], [50.11658461879056, 26.259073807435644], [50.1187526767661, 26.260196696404382]]]}, "properties": {"congestion_score": 1.0, "congestion_level": "free_flow", "color": "rgb(43,200,43)", "road_pixel_count": 33}}, {"type": "Feature", "geometry": {"type": "Polygon", "coordinates": [[[50.12308879271717, 26.260196696404382], [50.12308879271717, 26.26244247434186], [50.12092073474163, 26.263565363310597], [50.1187526767661, 26.26244247434186], [50.1187526767661, 26.260196696404382], [50.12092073474163, 26.259073807435644], [50.12308879271717, 26.260196696404382]]]}, "properties": {"congestion_score": 1.0, "congestion_level": "free_flow", "color": "rgb(43,200,43)", "road_pixel_count": 885}}, {"type": "Feature", "geometry": {"type": "Polygon", "coordinates": [[[50.19246664793434, 26.260196696404382], [50.19246664793434, 26.26244247434186], [50.1902985899588, 26.263565363310597], [50.18813053198327, 26.26244247434186], [50.18813053198327, 26.260196696404382], [50.1902985899588, 26.259073807435644], [50.19246664793434, 26.260196696404382]]]}, "properties": {"congestion_score": 0.991, "congestion_level": "free_flow", "color": "rgb(43,200,43)", "road_pixel_count": 2677}}, {"type": "Feature", "geometry": {"type": "Polygon", "coordinates": [[[50.196802763885415, 26.260196696404382], [50.196802763885415, 26.26244247434186], [50.19463470590988, 26.263565363310597], [50.19246664793434, 26.26244247434186], [50.19246664793434, 26.260196696404382], [50.19463470590988, 26.259073807435644], [50.196802763885415, 26.260196696404382]]]}, "properties": {"congestion_score": 0.567, "congestion_level": "heavy_traffic", "color": "rgb(255,35,35)", "road_pixel_count": 910}}, {"type": "Feature", "geometry": {"type": "Polygon", "coordinates": [[[50.201138879836485, 26.260196696404382], [50.201138879836485, 26.26244247434186], [50.19897082186095, 26.263565363310597], [50.196802763885415, 26.26244247434186], [50.196802763885415, 26.260196696404382], [50.19897082186095, 26.259073807435644], [50.201138879836485, 26.260196696404382]]]}, "properties": {"congestion_score": 0.781, "congestion_level": "light_congestion", "color": "rgb(255,255,55)", "road_pixel_count": 2117}}, {"type": "Feature", "geometry": {"type": "Polygon", "coordinates": [[[50.20547499578756, 26.260196696404382], [50.20547499578756, 26.26244247434186], [50.20330693781202, 26.263565363310597], [50.201138879836485, 26.26244247434186], [50.201138879836485, 26.260196696404382], [50.20330693781202, 26.259073807435644], [50.20547499578756, 26.260196696404382]]]}, "properties": {"congestion_score": 0.863, "congestion_level": "light_congestion", "color": "rgb(255,255,55)", "road_pixel_count": 1897}}, {"type": "Feature", "geometry": {"type": "Polygon", "coordinates": [[[50.20981111173863, 26.260196696404382], [50.20981111173863, 26.26244247434186], [50.20764305376309, 26.263565363310597], [50.20547499578756, 26.26244247434186], [50.20547499578756, 26.260196696404382], [50.20764305376309, 26.259073807435644], [50.20981111173863, 26.260196696404382]]]}, "properties": {"congestion_score": 0.999, "congestion_level": "free_flow", "color": "rgb(43,200,43)", "road_pixel_count": 2036}}, {"type": "Feature", "geometry": {"type": "Polygon", "coordinates": [[[50.21414722768971, 26.260196696404382], [50.21414722768971, 26.26244247434186], [50.21197916971417, 26.263565363310597], [50.20981111173863, 26.26244247434186], [50.20981111173863, 26.260196696404382], [50.21197916971417, 26.259073807435644], [50.21414722768971, 26.260196696404382]]]}, "properties": {"congestion_score": 1.0, "congestion_level": "free_flow", "color": "rgb(43,200,43)", "road_pixel_count": 1703}}, {"type": "Feature", "geometry": {"type": "Polygon", "coordinates": [[[50.21848334364078, 26.260196696404382], [50.21848334364078, 26.26244247434186], [50.21631528566524, 26.263565363310597], [50.21414722768971, 26.26244247434186], [50.21414722768971, 26.260196696404382], [50.21631528566524, 26.259073807435644], [50.21848334364078, 26.260196696404382]]]}, "properties": {"congestion_score": 0.767, "congestion_level": "light_congestion", "color": "rgb(255,255,55)", "road_pixel_count": 891}}, {"type": "Feature", "geometry": {"type": "Polygon", "coordinates": [[[50.222819459591854, 26.260196696404382], [50.222819459591854, 26.26244247434186], [50.220651401616315, 26.263565363310597], [50.21848334364078, 26.26244247434186], [50.21848334364078, 26.260196696404382], [50.220651401616315, 26.259073807435644], [50.222819459591854, 26.260196696404382]]]}, "properties": {"congestion_score": 1.0, "congestion_level": "free_flow", "color": "rgb(43,200,43)", "road_pixel_count": 876}}, {"type": "Feature", "geometry": {"type": "Polygon", "coordinates": [[[50.06021511142661, 26.263565363310597], [50.06021511142661, 26.265811141248076], [50.05804705345108, 26.266934030216817], [50.05587899547554, 26.265811141248076], [50.05587899547554, 26.263565363310597], [50.05804705345108, 26.26244247434186], [50.06021511142661, 26.263565363310597]]]}, "properties": {"congestion_score": 1.0, "congestion_level": "free_flow", "color": "rgb(43,200,43)", "road_pixel_count": 775}}, {"type": "Feature", "geometry": {"type": "Polygon", "coordinates": [[[50.064551227377684, 26.263565363310597], [50.064551227377684, 26.265811141248076], [50.062383169402146, 26.266934030216817], [50.06021511142661, 26.265811141248076], [50.06021511142661, 26.263565363310597], [50.062383169402146, 26.26244247434186], [50.064551227377684, 26.263565363310597]]]}, "properties": {"congestion_score": 0.985, "congestion_level": "free_flow", "color": "rgb(43,200,43)", "road_pixel_count": 583}}, {"type": "Feature", "geometry": {"type": "Polygon", "coordinates": [[[50.068887343328754, 26.263565363310597], [50.068887343328754, 26.265811141248076], [50.06671928535322, 26.266934030216817], [50.064551227377684, 26.265811141248076], [50.064551227377684, 26.263565363310597], [50.06671928535322, 26.26244247434186], [50.068887343328754, 26.263565363310597]]]}, "properties": {"congestion_score": 1.0, "congestion_level": "free_flow", "color": "rgb(43,200,43)", "road_pixel_count": 1515}}, {"type": "Feature", "geometry": {"type": "Polygon", "coordinates": [[[50.07322345927983, 26.263565363310597], [50.07322345927983, 26.265811141248076], [50.07105540130429, 26.266934030216817], [50.068887343328754, 26.265811141248076], [50.068887343328754, 26.263565363310597], [50.07105540130429, 26.26244247434186], [50.07322345927983, 26.263565363310597]]]}, "properties": {"congestion_score": 0.985, "congestion_level": "free_flow", "color": "rgb(43,200,43)", "road_pixel_count": 1900}}, {"type": "Feature", "geometry": {"type": "Polygon", "coordinates": [[[50.0775595752309, 26.263565363310597], [50.0775595752309, 26.265811141248076], [50.07539151725537, 26.266934030216817], [50.07322345927983, 26.265811141248076], [50.07322345927983, 26.263565363310597], [50.07539151725537, 26.26244247434186], [50.0775595752309, 26.263565363310597]]]}, "properties": {"congestion_score": 0.949, "congestion_level": "light_congestion", "color": "rgb(255,255,55)", "road_pixel_count": 1195}}, {"type": "Feature", "geometry": {"type": "Polygon", "coordinates": [[[50.08189569118198, 26.263565363310597], [50.08189569118198, 26.265811141248076], [50.07972763320644, 26.266934030216817], [50.0775595752309, 26.265811141248076], [50.0775595752309, 26.263565363310597], [50.07972763320644, 26.26244247434186], [50.08189569118198, 26.263565363310597]]]}, "properties": {"congestion_score": 1.0, "congestion_level": "free_flow", "color": "rgb(43,200,43)", "road_pixel_count": 2158}}, {"type": "Feature", "geometry": {"type": "Polygon", "coordinates": [[[50.086231807133046, 26.263565363310597], [50.086231807133046, 26.265811141248076], [50.084063749157515, 26.266934030216817], [50.08189569118198, 26.265811141248076], [50.08189569118198, 26.263565363310597], [50.084063749157515, 26.26244247434186], [50.086231807133046, 26.263565363310597]]]}, "properties": {"congestion_score": 1.0, "congestion_level": "free_flow", "color": "rgb(43,200,43)", "road_pixel_count": 864}}, {"type": "Feature", "geometry": {"type": "Polygon", "coordinates": [[[50.12092073474163, 26.263565363310597], [50.12092073474163, 26.265811141248076], [50.1187526767661, 26.266934030216817], [50.11658461879056, 26.265811141248076], [50.11658461879056, 26.263565363310597], [50.1187526767661, 26.26244247434186], [50.12092073474163, 26.263565363310597]]]}, "properties": {"congestion_score": 1.0, "congestion_level": "free_flow", "color": "rgb(43,200,43)", "road_pixel_count": 1189}}, {"type": "Feature", "geometry": {"type": "Polygon", "coordinates": [[[50.1902985899588, 26.263565363310597], [50.1902985899588, 26.265811141248076], [50.18813053198327, 26.266934030216817], [50.18596247400773, 26.265811141248076], [50.18596247400773, 26.263565363310597], [50.18813053198327, 26.26244247434186], [50.1902985899588, 26.263565363310597]]]}, "properties": {"congestion_score": 0.995, "congestion_level": "free_flow", "color": "rgb(43,200,43)", "road_pixel_count": 2100}}, {"type": "Feature", "geometry": {"type": "Polygon", "coordinates": [[[50.19463470590988, 26.263565363310597], [50.19463470590988, 26.265811141248076], [50.19246664793434, 26.266934030216817], [50.1902985899588, 26.265811141248076], [50.1902985899588, 26.263565363310597], [50.19246664793434, 26.26244247434186], [50.19463470590988, 26.263565363310597]]]}, "properties": {"congestion_score": 0.966, "congestion_level": "free_flow", "color": "rgb(43,200,43)", "road_pixel_count": 1529}}, {"type": "Feature", "geometry": {"type": "Polygon", "coordinates": [[[50.19897082186095, 26.263565363310597], [50.19897082186095, 26.265811141248076], [50.196802763885415, 26.266934030216817], [50.19463470590988, 26.265811141248076], [50.19463470590988, 26.263565363310597], [50.196802763885415, 26.26244247434186], [50.19897082186095, 26.263565363310597]]]}, "properties": {"congestion_score": 0.879, "congestion_level": "light_congestion", "color": "rgb(255,255,55)", "road_pixel_count": 1551}}, {"type": "Feature", "geometry": {"type": "Polygon", "coordinates": [[[50.20330693781202, 26.263565363310597], [50.20330693781202, 26.265811141248076], [50.201138879836485, 26.266934030216817], [50.19897082186095, 26.265811141248076], [50.19897082186095, 26.263565363310597], [50.201138879836485, 26.26244247434186], [50.20330693781202, 26.263565363310597]]]}, "properties": {"congestion_score": 0.752, "congestion_level": "light_congestion", "color": "rgb(255,255,55)", "road_pixel_count": 463}}, {"type": "Feature", "geometry": {"type": "Polygon", "coordinates": [[[50.20764305376309, 26.263565363310597], [50.20764305376309, 26.265811141248076], [50.20547499578756, 26.266934030216817], [50.20330693781202, 26.265811141248076], [50.20330693781202, 26.263565363310597], [50.20547499578756, 26.26244247434186], [50.20764305376309, 26.263565363310597]]]}, "properties": {"congestion_score": 0.777, "congestion_level": "light_congestion", "color": "rgb(255,255,55)", "road_pixel_count": 1993}}, {"type": "Feature", "geometry": {"type": "Polygon", "coordinates": [[[50.21197916971417, 26.263565363310597], [50.21197916971417, 26.265811141248076], [50.20981111173863, 26.266934030216817], [50.20764305376309, 26.265811141248076], [50.20764305376309, 26.263565363310597], [50.20981111173863, 26.26244247434186], [50.21197916971417, 26.263565363310597]]]}, "properties": {"congestion_score": 0.92, "congestion_level": "light_congestion", "color": "rgb(255,255,55)", "road_pixel_count": 1784}}, {"type": "Feature", "geometry": {"type": "Polygon", "coordinates": [[[50.21631528566524, 26.263565363310597], [50.21631528566524, 26.265811141248076], [50.21414722768971, 26.266934030216817], [50.21197916971417, 26.265811141248076], [50.21197916971417, 26.263565363310597], [50.21414722768971, 26.26244247434186], [50.21631528566524, 26.263565363310597]]]}, "properties": {"congestion_score": 0.973, "congestion_level": "free_flow", "color": "rgb(43,200,43)", "road_pixel_count": 2703}}, {"type": "Feature", "geometry": {"type": "Polygon", "coordinates": [[[50.220651401616315, 26.263565363310597], [50.220651401616315, 26.265811141248076], [50.21848334364078, 26.266934030216817], [50.21631528566524, 26.265811141248076], [50.21631528566524, 26.263565363310597], [50.21848334364078, 26.26244247434186], [50.220651401616315, 26.263565363310597]]]}, "properties": {"congestion_score": 1.0, "congestion_level": "free_flow", "color": "rgb(43,200,43)", "road_pixel_count": 1866}}, {"type": "Feature", "geometry": {"type": "Polygon", "coordinates": [[[50.062383169402146, 26.266934030216817], [50.062383169402146, 26.26917980815429], [50.06021511142661, 26.270302697123032], [50.05804705345108, 26.26917980815429], [50.05804705345108, 26.266934030216817], [50.06021511142661, 26.265811141248076], [50.062383169402146, 26.266934030216817]]]}, "properties": {"congestion_score": 1.0, "congestion_level": "free_flow", "color": "rgb(43,200,43)", "road_pixel_count": 625}}, {"type": "Feature", "geometry": {"type": "Polygon", "coordinates": [[[50.07105540130429, 26.266934030216817], [50.07105540130429, 26.26917980815429], [50.068887343328754, 26.270302697123032], [50.06671928535322, 26.26917980815429], [50.06671928535322, 26.266934030216817], [50.068887343328754, 26.265811141248076], [50.07105540130429, 26.266934030216817]]]}, "properties": {"congestion_score": 1.0, "congestion_level": "free_flow", "color": "rgb(43,200,43)", "road_pixel_count": 176}}, {"type": "Feature", "geometry": {"type": "Polygon", "coordinates": [[[50.07539151725537, 26.266934030216817], [50.07539151725537, 26.26917980815429], [50.07322345927983, 26.270302697123032], [50.07105540130429, 26.26917980815429], [50.07105540130429, 26.266934030216817], [50.07322345927983, 26.265811141248076], [50.07539151725537, 26.266934030216817]]]}, "properties": {"congestion_score": 0.94, "congestion_level": "light_congestion", "color": "rgb(255,255,55)", "road_pixel_count": 50}}, {"type": "Feature", "geometry": {"type": "Polygon", "coordinates": [[[50.07972763320644, 26.266934030216817], [50.07972763320644, 26.26917980815429], [50.0775595752309, 26.270302697123032], [50.07539151725537, 26.26917980815429], [50.07539151725537, 26.266934030216817], [50.0775595752309, 26.265811141248076], [50.07972763320644, 26.266934030216817]]]}, "properties": {"congestion_score": 1.0, "congestion_level": "free_flow", "color": "rgb(43,200,43)", "road_pixel_count": 1401}}, {"type": "Feature", "geometry": {"type": "Polygon", "coordinates": [[[50.084063749157515, 26.266934030216817], [50.084063749157515, 26.26917980815429], [50.08189569118198, 26.270302697123032], [50.07972763320644, 26.26917980815429], [50.07972763320644, 26.266934030216817], [50.08189569118198, 26.265811141248076], [50.084063749157515, 26.266934030216817]]]}, "properties": {"congestion_score": 1.0, "congestion_level": "free_flow", "color": "rgb(43,200,43)", "road_pixel_count": 1628}}, {"type": "Feature", "geometry": {"type": "Polygon", "coordinates": [[[50.1187526767661, 26.266934030216817], [50.1187526767661, 26.26917980815429], [50.11658461879056, 26.270302697123032], [50.11441656081502, 26.26917980815429], [50.11441656081502, 26.266934030216817], [50.11658461879056, 26.265811141248076], [50.1187526767661, 26.266934030216817]]]}, "properties": {"congestion_score": 1.0, "congestion_level": "free_flow", "color": "rgb(43,200,43)", "road_pixel_count": 231}}, {"type": "Feature", "geometry": {"type": "Polygon", "coordinates": [[[50.12308879271717, 26.266934030216817], [50.12308879271717, 26.26917980815429], [50.12092073474163, 26.270302697123032], [50.1187526767661, 26.26917980815429], [50.1187526767661, 26.266934030216817], [50.12092073474163, 26.265811141248076], [50.12308879271717, 26.266934030216817]]]}, "properties": {"congestion_score": 1.0, "congestion_level": "free_flow", "color": "rgb(43,200,43)", "road_pixel_count": 622}}, {"type": "Feature", "geometry": {"type": "Polygon", "coordinates": [[[50.14043325652146, 26.266934030216817], [50.14043325652146, 26.26917980815429], [50.13826519854592, 26.270302697123032], [50.13609714057039, 26.26917980815429], [50.13609714057039, 26.266934030216817], [50.13826519854592, 26.265811141248076], [50.14043325652146, 26.266934030216817]]]}, "properties": {"congestion_score": 1.0, "congestion_level": "free_flow", "color": "rgb(43,200,43)", "road_pixel_count": 177}}, {"type": "Feature", "geometry": {"type": "Polygon", "coordinates": [[[50.18813053198327, 26.266934030216817], [50.18813053198327, 26.26917980815429], [50.18596247400773, 26.270302697123032], [50.18379441603219, 26.26917980815429], [50.18379441603219, 26.266934030216817], [50.18596247400773, 26.265811141248076], [50.18813053198327, 26.266934030216817]]]}, "properties": {"congestion_score": 0.907, "congestion_level": "light_congestion", "color": "rgb(255,255,55)", "road_pixel_count": 1759}}, {"type": "Feature", "geometry": {"type": "Polygon", "coordinates": [[[50.19246664793434, 26.266934030216817], [50.19246664793434, 26.26917980815429], [50.1902985899588, 26.270302697123032], [50.18813053198327, 26.26917980815429], [50.18813053198327, 26.266934030216817], [50.1902985899588, 26.265811141248076], [50.19246664793434, 26.266934030216817]]]}, "properties": {"congestion_score": 0.945, "congestion_level": "light_congestion", "color": "rgb(255,255,55)", "road_pixel_count": 2111}}, {"type": "Feature", "geometry": {"type": "Polygon", "coordinates": [[[50.196802763885415, 26.266934030216817], [50.196802763885415, 26.26917980815429], [50.19463470590988, 26.270302697123032], [50.19246664793434, 26.26917980815429], [50.19246664793434, 26.266934030216817], [50.19463470590988, 26.265811141248076], [50.196802763885415, 26.266934030216817]]]}, "properties": {"congestion_score": 0.958, "congestion_level": "free_flow", "color": "rgb(43,200,43)", "road_pixel_count": 1169}}, {"type": "Feature", "geometry": {"type": "Polygon", "coordinates": [[[50.201138879836485, 26.266934030216817], [50.201138879836485, 26.26917980815429], [50.19897082186095, 26.270302697123032], [50.196802763885415, 26.26917980815429], [50.196802763885415, 26.266934030216817], [50.19897082186095, 26.265811141248076], [50.201138879836485, 26.266934030216817]]]}, "properties": {"congestion_score": 0.78, "congestion_level": "light_congestion", "color": "rgb(255,255,55)", "road_pixel_count": 1691}}, {"type": "Feature", "geometry": {"type": "Polygon", "coordinates": [[[50.20547499578756, 26.266934030216817], [50.20547499578756, 26.26917980815429], [50.20330693781202, 26.270302697123032], [50.201138879836485, 26.26917980815429], [50.201138879836485, 26.266934030216817], [50.20330693781202, 26.265811141248076], [50.20547499578756, 26.266934030216817]]]}, "properties": {"congestion_score": 0.851, "congestion_level": "light_congestion", "color": "rgb(255,255,55)", "road_pixel_count": 2124}}, {"type": "Feature", "geometry": {"type": "Polygon", "coordinates": [[[50.20981111173863, 26.266934030216817], [50.20981111173863, 26.26917980815429], [50.20764305376309, 26.270302697123032], [50.20547499578756, 26.26917980815429], [50.20547499578756, 26.266934030216817], [50.20764305376309, 26.265811141248076], [50.20981111173863, 26.266934030216817]]]}, "properties": {"congestion_score": 0.886, "congestion_level": "light_congestion", "color": "rgb(255,255,55)", "road_pixel_count": 1497}}, {"type": "Feature", "geometry": {"type": "Polygon", "coordinates": [[[50.21414722768971, 26.266934030216817], [50.21414722768971, 26.26917980815429], [50.21197916971417, 26.270302697123032], [50.20981111173863, 26.26917980815429], [50.20981111173863, 26.266934030216817], [50.21197916971417, 26.265811141248076], [50.21414722768971, 26.266934030216817]]]}, "properties": {"congestion_score": 0.971, "congestion_level": "free_flow", "color": "rgb(43,200,43)", "road_pixel_count": 1723}}, {"type": "Feature", "geometry": {"type": "Polygon", "coordinates": [[[50.21848334364078, 26.266934030216817], [50.21848334364078, 26.26917980815429], [50.21631528566524, 26.270302697123032], [50.21414722768971, 26.26917980815429], [50.21414722768971, 26.266934030216817], [50.21631528566524, 26.265811141248076], [50.21848334364078, 26.266934030216817]]]}, "properties": {"congestion_score": 0.967, "congestion_level": "free_flow", "color": "rgb(43,200,43)", "road_pixel_count": 2307}}, {"type": "Feature", "geometry": {"type": "Polygon", "coordinates": [[[50.222819459591854, 26.266934030216817], [50.222819459591854, 26.26917980815429], [50.220651401616315, 26.270302697123032], [50.21848334364078, 26.26917980815429], [50.21848334364078, 26.266934030216817], [50.220651401616315, 26.265811141248076], [50.222819459591854, 26.266934030216817]]]}, "properties": {"congestion_score": 0.996, "congestion_level": "free_flow", "color": "rgb(43,200,43)", "road_pixel_count": 716}}, {"type": "Feature", "geometry": {"type": "Polygon", "coordinates": [[[50.05587899547554, 26.270302697123032], [50.05587899547554, 26.27254847506051], [50.0537109375, 26.273671364029248], [50.05154287952446, 26.27254847506051], [50.05154287952446, 26.270302697123032], [50.0537109375, 26.26917980815429], [50.05587899547554, 26.270302697123032]]]}, "properties": {"congestion_score": 1.0, "congestion_level": "free_flow", "color": "rgb(43,200,43)", "road_pixel_count": 517}}, {"type": "Feature", "geometry": {"type": "Polygon", "coordinates": [[[50.06021511142661, 26.270302697123032], [50.06021511142661, 26.27254847506051], [50.05804705345108, 26.273671364029248], [50.05587899547554, 26.27254847506051], [50.05587899547554, 26.270302697123032], [50.05804705345108, 26.26917980815429], [50.06021511142661, 26.270302697123032]]]}, "properties": {"congestion_score": 1.0, "congestion_level": "free_flow", "color": "rgb(43,200,43)", "road_pixel_count": 112}}, {"type": "Feature", "geometry": {"type": "Polygon", "coordinates": [[[50.064551227377684, 26.270302697123032], [50.064551227377684, 26.27254847506051], [50.062383169402146, 26.273671364029248], [50.06021511142661, 26.27254847506051], [50.06021511142661, 26.270302697123032], [50.062383169402146, 26.26917980815429], [50.064551227377684, 26.270302697123032]]]}, "properties": {"congestion_score": 1.0, "congestion_level": "free_flow", "color": "rgb(43,200,43)", "road_pixel_count": 466}}, {"type": "Feature", "geometry": {"type": "Polygon", "coordinates": [[[50.0775595752309, 26.270302697123032], [50.0775595752309, 26.27254847506051], [50.07539151725537, 26.273671364029248], [50.07322345927983, 26.27254847506051], [50.07322345927983, 26.270302697123032], [50.07539151725537, 26.26917980815429], [50.0775595752309, 26.270302697123032]]]}, "properties": {"congestion_score": 1.0, "congestion_level": "free_flow", "color": "rgb(43,200,43)", "road_pixel_count": 1496}}, {"type": "Feature", "geometry": {"type": "Polygon", "coordinates": [[[50.08189569118198, 26.270302697123032], [50.08189569118198, 26.27254847506051], [50.07972763320644, 26.273671364029248], [50.0775595752309, 26.27254847506051], [50.0775595752309, 26.270302697123032], [50.07972763320644, 26.26917980815429], [50.08189569118198, 26.270302697123032]]]}, "properties": {"congestion_score": 1.0, "congestion_level": "free_flow", "color": "rgb(43,200,43)", "road_pixel_count": 632}}, {"type": "Feature", "geometry": {"type": "Polygon", "coordinates": [[[50.107912386888415, 26.270302697123032], [50.107912386888415, 26.27254847506051], [50.10574432891288, 26.273671364029248], [50.10357627093734, 26.27254847506051], [50.10357627093734, 26.270302697123032], [50.10574432891288, 26.26917980815429], [50.107912386888415, 26.270302697123032]]]}, "properties": {"congestion_score": 1.0, "congestion_level": "free_flow", "color": "rgb(43,200,43)", "road_pixel_count": 413}}, {"type": "Feature", "geometry": {"type": "Polygon", "coordinates": [[[50.112248502839485, 26.270302697123032], [50.112248502839485, 26.27254847506051], [50.110080444863954, 26.273671364029248], [50.107912386888415, 26.27254847506051], [50.107912386888415, 26.270302697123032], [50.110080444863954, 26.26917980815429], [50.112248502839485, 26.270302697123032]]]}, "properties": {"congestion_score": 1.0, "congestion_level": "free_flow", "color": "rgb(43,200,43)", "road_pixel_count": 576}}, {"type": "Feature", "geometry": {"type": "Polygon", "coordinates": [[[50.11658461879056, 26.270302697123032], [50.11658461879056, 26.27254847506051], [50.11441656081502, 26.273671364029248], [50.112248502839485, 26.27254847506051], [50.112248502839485, 26.270302697123032], [50.11441656081502, 26.26917980815429], [50.11658461879056, 26.270302697123032]]]}, "properties": {"congestion_score": 1.0, "congestion_level": "free_flow", "color": "rgb(43,200,43)", "road_pixel_count": 369}}, {"type": "Feature", "geometry": {"type": "Polygon", "coordinates": [[[50.12092073474163, 26.270302697123032], [50.12092073474163, 26.27254847506051], [50.1187526767661, 26.273671364029248], [50.11658461879056, 26.27254847506051], [50.11658461879056, 26.270302697123032], [50.1187526767661, 26.26917980815429], [50.12092073474163, 26.270302697123032]]]}, "properties": {"congestion_score": 1.0, "congestion_level": "free_flow", "color": "rgb(43,200,43)", "road_pixel_count": 1222}}, {"type": "Feature", "geometry": {"type": "Polygon", "coordinates": [[[50.13826519854592, 26.270302697123032], [50.13826519854592, 26.27254847506051], [50.13609714057039, 26.273671364029248], [50.133929082594854, 26.27254847506051], [50.133929082594854, 26.270302697123032], [50.13609714057039, 26.26917980815429], [50.13826519854592, 26.270302697123032]]]}, "properties": {"congestion_score": 1.0, "congestion_level": "free_flow", "color": "rgb(43,200,43)", "road_pixel_count": 744}}, {"type": "Feature", "geometry": {"type": "Polygon", "coordinates": [[[50.14693743044807, 26.270302697123032], [50.14693743044807, 26.27254847506051], [50.14476937247254, 26.273671364029248], [50.142601314497, 26.27254847506051], [50.142601314497, 26.270302697123032], [50.14476937247254, 26.26917980815429], [50.14693743044807, 26.270302697123032]]]}, "properties": {"congestion_score": 1.0, "congestion_level": "free_flow", "color": "rgb(43,200,43)", "road_pixel_count": 126}}, {"type": "Feature", "geometry": {"type": "Polygon", "coordinates": [[[50.18596247400773, 26.270302697123032], [50.18596247400773, 26.27254847506051], [50.18379441603219, 26.273671364029248], [50.181626358056654, 26.27254847506051], [50.181626358056654, 26.270302697123032], [50.18379441603219, 26.26917980815429], [50.18596247400773, 26.270302697123032]]]}, "properties": {"congestion_score": 0.921, "congestion_level": "light_congestion", "color": "rgb(255,255,55)", "road_pixel_count": 1091}}, {"type": "Feature", "geometry": {"type": "Polygon", "coordinates": [[[50.1902985899588, 26.270302697123032], [50.1902985899588, 26.27254847506051], [50.18813053198327, 26.273671364029248], [50.18596247400773, 26.27254847506051], [50.18596247400773, 26.270302697123032], [50.18813053198327, 26.26917980815429], [50.1902985899588, 26.270302697123032]]]}, "properties": {"congestion_score": 0.987, "congestion_level": "free_flow", "color": "rgb(43,200,43)", "road_pixel_count": 1775}}, {"type": "Feature", "geometry": {"type": "Polygon", "coordinates": [[[50.19463470590988, 26.270302697123032], [50.19463470590988, 26.27254847506051], [50.19246664793434, 26.273671364029248], [50.1902985899588, 26.27254847506051], [50.1902985899588, 26.270302697123032], [50.19246664793434, 26.26917980815429], [50.19463470590988, 26.270302697123032]]]}, "properties": {"congestion_score": 0.88, "congestion_level": "light_congestion", "color": "rgb(255,255,55)", "road_pixel_count": 2079}}, {"type": "Feature", "geometry": {"type": "Polygon", "coordinates": [[[50.19897082186095, 26.270302697123032], [50.19897082186095, 26.27254847506051], [50.196802763885415, 26.273671364029248], [50.19463470590988, 26.27254847506051], [50.19463470590988, 26.270302697123032], [50.196802763885415, 26.26917980815429], [50.19897082186095, 26.270302697123032]]]}, "properties": {"congestion_score": 0.892, "congestion_level": "light_congestion", "color": "rgb(255,255,55)", "road_pixel_count": 2386}}, {"type": "Feature", "geometry": {"type": "Polygon", "coordinates": [[[50.20330693781202, 26.270302697123032], [50.20330693781202, 26.27254847506051], [50.201138879836485, 26.273671364029248], [50.19897082186095, 26.27254847506051], [50.19897082186095, 26.270302697123032], [50.201138879836485, 26.26917980815429], [50.20330693781202, 26.270302697123032]]]}, "properties": {"congestion_score": 0.929, "congestion_level": "light_congestion", "color": "rgb(255,255,55)", "road_pixel_count": 1684}}, {"type": "Feature", "geometry": {"type": "Polygon", "coordinates": [[[50.20764305376309, 26.270302697123032], [50.20764305376309, 26.27254847506051], [50.20547499578756, 26.273671364029248], [50.20330693781202, 26.27254847506051], [50.20330693781202, 26.270302697123032], [50.20547499578756, 26.26917980815429], [50.20764305376309, 26.270302697123032]]]}, "properties": {"congestion_score": 0.996, "congestion_level": "free_flow", "color": "rgb(43,200,43)", "road_pixel_count": 1165}}, {"type": "Feature", "geometry": {"type": "Polygon", "coordinates": [[[50.21197916971417, 26.270302697123032], [50.21197916971417, 26.27254847506051], [50.20981111173863, 26.273671364029248], [50.20764305376309, 26.27254847506051], [50.20764305376309, 26.270302697123032], [50.20981111173863, 26.26917980815429], [50.21197916971417, 26.270302697123032]]]}, "properties": {"congestion_score": 0.965, "congestion_level": "free_flow", "color": "rgb(43,200,43)", "road_pixel_count": 1668}}, {"type": "Feature", "geometry": {"type": "Polygon", "coordinates": [[[50.21631528566524, 26.270302697123032], [50.21631528566524, 26.27254847506051], [50.21414722768971, 26.273671364029248], [50.21197916971417, 26.27254847506051], [50.21197916971417, 26.270302697123032], [50.21414722768971, 26.26917980815429], [50.21631528566524, 26.270302697123032]]]}, "properties": {"congestion_score": 0.982, "congestion_level": "free_flow", "color": "rgb(43,200,43)", "road_pixel_count": 2112}}, {"type": "Feature", "geometry": {"type": "Polygon", "coordinates": [[[50.220651401616315, 26.270302697123032], [50.220651401616315, 26.27254847506051], [50.21848334364078, 26.273671364029248], [50.21631528566524, 26.27254847506051], [50.21631528566524, 26.270302697123032], [50.21848334364078, 26.26917980815429], [50.220651401616315, 26.270302697123032]]]}, "properties": {"congestion_score": 0.99, "congestion_level": "free_flow", "color": "rgb(43,200,43)", "road_pixel_count": 2083}}, {"type": "Feature", "geometry": {"type": "Polygon", "coordinates": [[[50.05804705345108, 26.273671364029248], [50.05804705345108, 26.275917141966726], [50.05587899547554, 26.277040030935463], [50.0537109375, 26.275917141966726], [50.0537109375, 26.273671364029248], [50.05587899547554, 26.27254847506051], [50.05804705345108, 26.273671364029248]]]}, "properties": {"congestion_score": 1.0, "congestion_level": "free_flow", "color": "rgb(43,200,43)", "road_pixel_count": 1134}}, {"type": "Feature", "geometry": {"type": "Polygon", "coordinates": [[[50.062383169402146, 26.273671364029248], [50.062383169402146, 26.275917141966726], [50.06021511142661, 26.277040030935463], [50.05804705345108, 26.275917141966726], [50.05804705345108, 26.273671364029248], [50.06021511142661, 26.27254847506051], [50.062383169402146, 26.273671364029248]]]}, "properties": {"congestion_score": 0.994, "congestion_level": "free_flow", "color": "rgb(43,200,43)", "road_pixel_count": 893}}, {"type": "Feature", "geometry": {"type": "Polygon", "coordinates": [[[50.066719285353216, 26.273671364029248], [50.066719285353216, 26.275917141966726], [50.064551227377684, 26.277040030935463], [50.062383169402146, 26.275917141966726], [50.062383169402146, 26.273671364029248], [50.064551227377684, 26.27254847506051], [50.066719285353216, 26.273671364029248]]]}, "properties": {"congestion_score": 1.0, "congestion_level": "free_flow", "color": "rgb(43,200,43)", "road_pixel_count": 1053}}, {"type": "Feature", "geometry": {"type": "Polygon", "coordinates": [[[50.07539151725537, 26.273671364029248], [50.07539151725537, 26.275917141966726], [50.07322345927983, 26.277040030935463], [50.07105540130429, 26.275917141966726], [50.07105540130429, 26.273671364029248], [50.07322345927983, 26.27254847506051], [50.07539151725537, 26.273671364029248]]]}, "properties": {"congestion_score": 1.0, "congestion_level": "free_flow", "color": "rgb(43,200,43)", "road_pixel_count": 1843}}, {"type": "Feature", "geometry": {"type": "Polygon", "coordinates": [[[50.07972763320644, 26.273671364029248], [50.07972763320644, 26.275917141966726], [50.0775595752309, 26.277040030935463], [50.07539151725537, 26.275917141966726], [50.07539151725537, 26.273671364029248], [50.0775595752309, 26.27254847506051], [50.07972763320644, 26.273671364029248]]]}, "properties": {"congestion_score": 1.0, "congestion_level": "free_flow", "color": "rgb(43,200,43)", "road_pixel_count": 262}}, {"type": "Feature", "geometry": {"type": "Polygon", "coordinates": [[[50.11441656081502, 26.273671364029248], [50.11441656081502, 26.275917141966726], [50.112248502839485, 26.277040030935463], [50.110080444863954, 26.275917141966726], [50.110080444863954, 26.273671364029248], [50.112248502839485, 26.27254847506051], [50.11441656081502, 26.273671364029248]]]}, "properties": {"congestion_score": 1.0, "congestion_level": "free_flow", "color": "rgb(43,200,43)", "road_pixel_count": 10}}, {"type": "Feature", "geometry": {"type": "Polygon", "coordinates": [[[50.1187526767661, 26.273671364029248], [50.1187526767661, 26.275917141966726], [50.11658461879056, 26.277040030935463], [50.11441656081502, 26.275917141966726], [50.11441656081502, 26.273671364029248], [50.11658461879056, 26.27254847506051], [50.1187526767661, 26.273671364029248]]]}, "properties": {"congestion_score": 1.0, "congestion_level": "free_flow", "color": "rgb(43,200,43)", "road_pixel_count": 817}}, {"type": "Feature", "geometry": {"type": "Polygon", "coordinates": [[[50.12308879271717, 26.273671364029248], [50.12308879271717, 26.275917141966726], [50.12092073474163, 26.277040030935463], [50.1187526767661, 26.275917141966726], [50.1187526767661, 26.273671364029248], [50.12092073474163, 26.27254847506051], [50.12308879271717, 26.273671364029248]]]}, "properties": {"congestion_score": 1.0, "congestion_level": "free_flow", "color": "rgb(43,200,43)", "road_pixel_count": 1280}}, {"type": "Feature", "geometry": {"type": "Polygon", "coordinates": [[[50.131761024619315, 26.273671364029248], [50.131761024619315, 26.275917141966726], [50.12959296664378, 26.277040030935463], [50.127424908668246, 26.275917141966726], [50.127424908668246, 26.273671364029248], [50.12959296664378, 26.27254847506051], [50.131761024619315, 26.273671364029248]]]}, "properties": {"congestion_score": 0.952, "congestion_level": "free_flow", "color": "rgb(43,200,43)", "road_pixel_count": 142}}, {"type": "Feature", "geometry": {"type": "Polygon", "coordinates": [[[50.13609714057039, 26.273671364029248], [50.13609714057039, 26.275917141966726], [50.133929082594854, 26.277040030935463], [50.131761024619315, 26.275917141966726], [50.131761024619315, 26.273671364029248], [50.133929082594854, 26.27254847506051], [50.13609714057039, 26.273671364029248]]]}, "properties": {"congestion_score": 1.0, "congestion_level": "free_flow", "color": "rgb(43,200,43)", "road_pixel_count": 1507}}, {"type": "Feature", "geometry": {"type": "Polygon", "coordinates": [[[50.14043325652146, 26.273671364029248], [50.14043325652146, 26.275917141966726], [50.13826519854592, 26.277040030935463], [50.13609714057039, 26.275917141966726], [50.13609714057039, 26.273671364029248], [50.13826519854592, 26.27254847506051], [50.14043325652146, 26.273671364029248]]]}, "properties": {"congestion_score": 1.0, "congestion_level": "free_flow", "color": "rgb(43,200,43)", "road_pixel_count": 1589}}, {"type": "Feature", "geometry": {"type": "Polygon", "coordinates": [[[50.14476937247254, 26.273671364029248], [50.14476937247254, 26.275917141966726], [50.142601314497, 26.277040030935463], [50.14043325652146, 26.275917141966726], [50.14043325652146, 26.273671364029248], [50.142601314497, 26.27254847506051], [50.14476937247254, 26.273671364029248]]]}, "properties": {"congestion_score": 0.964, "congestion_level": "free_flow", "color": "rgb(43,200,43)", "road_pixel_count": 2489}}, {"type": "Feature", "geometry": {"type": "Polygon", "coordinates": [[[50.14910548842361, 26.273671364029248], [50.14910548842361, 26.275917141966726], [50.14693743044807, 26.277040030935463], [50.14476937247254, 26.275917141966726], [50.14476937247254, 26.273671364029248], [50.14693743044807, 26.27254847506051], [50.14910548842361, 26.273671364029248]]]}, "properties": {"congestion_score": 0.93, "congestion_level": "light_congestion", "color": "rgb(255,255,55)", "road_pixel_count": 2165}}, {"type": "Feature", "geometry": {"type": "Polygon", "coordinates": [[[50.153441604374684, 26.273671364029248], [50.153441604374684, 26.275917141966726], [50.151273546399146, 26.277040030935463], [50.14910548842361, 26.275917141966726], [50.14910548842361, 26.273671364029248], [50.151273546399146, 26.27254847506051], [50.153441604374684, 26.273671364029248]]]}, "properties": {"congestion_score": 0.702, "congestion_level": "light_congestion", "color": "rgb(255,255,55)", "road_pixel_count": 1311}}, {"type": "Feature", "geometry": {"type": "Polygon", "coordinates": [[[50.157777720325754, 26.273671364029248], [50.157777720325754, 26.275917141966726], [50.155609662350216, 26.277040030935463], [50.153441604374684, 26.275917141966726], [50.153441604374684, 26.273671364029248], [50.155609662350216, 26.27254847506051], [50.157777720325754, 26.273671364029248]]]}, "properties": {"congestion_score": 0.881, "congestion_level": "light_congestion", "color": "rgb(255,255,55)", "road_pixel_count": 92}}, {"type": "Feature", "geometry": {"type": "Polygon", "coordinates": [[[50.18379441603219, 26.273671364029248], [50.18379441603219, 26.275917141966726], [50.181626358056654, 26.277040030935463], [50.17945830008112, 26.275917141966726], [50.17945830008112, 26.273671364029248], [50.181626358056654, 26.27254847506051], [50.18379441603219, 26.273671364029248]]]}, "properties": {"congestion_score": 1.0, "congestion_level": "free_flow", "color": "rgb(43,200,43)", "road_pixel_count": 409}}, {"type": "Feature", "geometry": {"type": "Polygon", "coordinates": [[[50.18813053198327, 26.273671364029248], [50.18813053198327, 26.275917141966726], [50.18596247400773, 26.277040030935463], [50.18379441603219, 26.275917141966726], [50.18379441603219, 26.273671364029248], [50.18596247400773, 26.27254847506051], [50.18813053198327, 26.273671364029248]]]}, "properties": {"congestion_score": 0.905, "congestion_level": "light_congestion", "color": "rgb(255,255,55)", "road_pixel_count": 2441}}, {"type": "Feature", "geometry": {"type": "Polygon", "coordinates": [[[50.19246664793434, 26.273671364029248], [50.19246664793434, 26.275917141966726], [50.1902985899588, 26.277040030935463], [50.18813053198327, 26.275917141966726], [50.18813053198327, 26.273671364029248], [50.1902985899588, 26.27254847506051], [50.19246664793434, 26.273671364029248]]]}, "properties": {"congestion_score": 0.917, "congestion_level": "light_congestion", "color": "rgb(255,255,55)", "road_pixel_count": 1555}}, {"type": "Feature", "geometry": {"type": "Polygon", "coordinates": [[[50.196802763885415, 26.273671364029248], [50.196802763885415, 26.275917141966726], [50.19463470590988, 26.277040030935463], [50.19246664793434, 26.275917141966726], [50.19246664793434, 26.273671364029248], [50.19463470590988, 26.27254847506051], [50.196802763885415, 26.273671364029248]]]}, "properties": {"congestion_score": 0.867, "congestion_level": "light_congestion", "color": "rgb(255,255,55)", "road_pixel_count": 1881}}, {"type": "Feature", "geometry": {"type": "Polygon", "coordinates": [[[50.201138879836485, 26.273671364029248], [50.201138879836485, 26.275917141966726], [50.19897082186095, 26.277040030935463], [50.196802763885415, 26.275917141966726], [50.196802763885415, 26.273671364029248], [50.19897082186095, 26.27254847506051], [50.201138879836485, 26.273671364029248]]]}, "properties": {"congestion_score": 0.898, "congestion_level": "light_congestion", "color": "rgb(255,255,55)", "road_pixel_count": 1301}}, {"type": "Feature", "geometry": {"type": "Polygon", "coordinates": [[[50.20547499578756, 26.273671364029248], [50.20547499578756, 26.275917141966726], [50.20330693781202, 26.277040030935463], [50.201138879836485, 26.275917141966726], [50.201138879836485, 26.273671364029248], [50.20330693781202, 26.27254847506051], [50.20547499578756, 26.273671364029248]]]}, "properties": {"congestion_score": 0.97, "congestion_level": "free_flow", "color": "rgb(43,200,43)", "road_pixel_count": 1592}}, {"type": "Feature", "geometry": {"type": "Polygon", "coordinates": [[[50.20981111173863, 26.273671364029248], [50.20981111173863, 26.275917141966726], [50.20764305376309, 26.277040030935463], [50.20547499578756, 26.275917141966726], [50.20547499578756, 26.273671364029248], [50.20764305376309, 26.27254847506051], [50.20981111173863, 26.273671364029248]]]}, "properties": {"congestion_score": 0.993, "congestion_level": "free_flow", "color": "rgb(43,200,43)", "road_pixel_count": 2145}}, {"type": "Feature", "geometry": {"type": "Polygon", "coordinates": [[[50.21414722768971, 26.273671364029248], [50.21414722768971, 26.275917141966726], [50.21197916971417, 26.277040030935463], [50.20981111173863, 26.275917141966726], [50.20981111173863, 26.273671364029248], [50.21197916971417, 26.27254847506051], [50.21414722768971, 26.273671364029248]]]}, "properties": {"congestion_score": 0.999, "congestion_level": "free_flow", "color": "rgb(43,200,43)", "road_pixel_count": 2032}}, {"type": "Feature", "geometry": {"type": "Polygon", "coordinates": [[[50.21848334364078, 26.273671364029248], [50.21848334364078, 26.275917141966726], [50.21631528566524, 26.277040030935463], [50.21414722768971, 26.275917141966726], [50.21414722768971, 26.273671364029248], [50.21631528566524, 26.27254847506051], [50.21848334364078, 26.273671364029248]]]}, "properties": {"congestion_score": 0.931, "congestion_level": "light_congestion", "color": "rgb(255,255,55)", "road_pixel_count": 1463}}, {"type": "Feature", "geometry": {"type": "Polygon", "coordinates": [[[50.222819459591854, 26.273671364029248], [50.222819459591854, 26.275917141966726], [50.220651401616315, 26.277040030935463], [50.21848334364078, 26.275917141966726], [50.21848334364078, 26.273671364029248], [50.220651401616315, 26.27254847506051], [50.222819459591854, 26.273671364029248]]]}, "properties": {"congestion_score": 1.0, "congestion_level": "free_flow", "color": "rgb(43,200,43)", "road_pixel_count": 1271}}, {"type": "Feature", "geometry": {"type": "Polygon", "coordinates": [[[50.06021511142661, 26.277040030935463], [50.06021511142661, 26.27928580887294], [50.05804705345108, 26.28040869784168], [50.05587899547554, 26.27928580887294], [50.05587899547554, 26.277040030935463], [50.05804705345108, 26.275917141966726], [50.06021511142661, 26.277040030935463]]]}, "properties": {"congestion_score": 0.999, "congestion_level": "free_flow", "color": "rgb(43,200,43)", "road_pixel_count": 1678}}, {"type": "Feature", "geometry": {"type": "Polygon", "coordinates": [[[50.064551227377684, 26.277040030935463], [50.064551227377684, 26.27928580887294], [50.062383169402146, 26.28040869784168], [50.06021511142661, 26.27928580887294], [50.06021511142661, 26.277040030935463], [50.062383169402146, 26.275917141966726], [50.064551227377684, 26.277040030935463]]]}, "properties": {"congestion_score": 0.948, "congestion_level": "light_congestion", "color": "rgb(255,255,55)", "road_pixel_count": 1522}}, {"type": "Feature", "geometry": {"type": "Polygon", "coordinates": [[[50.068887343328754, 26.277040030935463], [50.068887343328754, 26.27928580887294], [50.06671928535322, 26.28040869784168], [50.064551227377684, 26.27928580887294], [50.064551227377684, 26.277040030935463], [50.06671928535322, 26.275917141966726], [50.068887343328754, 26.277040030935463]]]}, "properties": {"congestion_score": 1.0, "congestion_level": "free_flow", "color": "rgb(43,200,43)", "road_pixel_count": 1885}}, {"type": "Feature", "geometry": {"type": "Polygon", "coordinates": [[[50.07322345927983, 26.277040030935463], [50.07322345927983, 26.27928580887294], [50.07105540130429, 26.28040869784168], [50.068887343328754, 26.27928580887294], [50.068887343328754, 26.277040030935463], [50.07105540130429, 26.275917141966726], [50.07322345927983, 26.277040030935463]]]}, "properties": {"congestion_score": 1.0, "congestion_level": "free_flow", "color": "rgb(43,200,43)", "road_pixel_count": 2545}}, {"type": "Feature", "geometry": {"type": "Polygon", "coordinates": [[[50.12525685069271, 26.277040030935463], [50.12525685069271, 26.27928580887294], [50.12308879271717, 26.28040869784168], [50.12092073474163, 26.27928580887294], [50.12092073474163, 26.277040030935463], [50.12308879271717, 26.275917141966726], [50.12525685069271, 26.277040030935463]]]}, "properties": {"congestion_score": 1.0, "congestion_level": "free_flow", "color": "rgb(43,200,43)", "road_pixel_count": 911}}, {"type": "Feature", "geometry": {"type": "Polygon", "coordinates": [[[50.12959296664378, 26.277040030935463], [50.12959296664378, 26.27928580887294], [50.127424908668246, 26.28040869784168], [50.12525685069271, 26.27928580887294], [50.12525685069271, 26.277040030935463], [50.127424908668246, 26.275917141966726], [50.12959296664378, 26.277040030935463]]]}, "properties": {"congestion_score": 1.0, "congestion_level": "free_flow", "color": "rgb(43,200,43)", "road_pixel_count": 1201}}, {"type": "Feature", "geometry": {"type": "Polygon", "coordinates": [[[50.133929082594854, 26.277040030935463], [50.133929082594854, 26.27928580887294], [50.131761024619315, 26.28040869784168], [50.12959296664378, 26.27928580887294], [50.12959296664378, 26.277040030935463], [50.131761024619315, 26.275917141966726], [50.133929082594854, 26.277040030935463]]]}, "properties": {"congestion_score": 0.98, "congestion_level": "free_flow", "color": "rgb(43,200,43)", "road_pixel_count": 1243}}, {"type": "Feature", "geometry": {"type": "Polygon", "coordinates": [[[50.13826519854592, 26.277040030935463], [50.13826519854592, 26.27928580887294], [50.13609714057039, 26.28040869784168], [50.133929082594854, 26.27928580887294], [50.133929082594854, 26.277040030935463], [50.13609714057039, 26.275917141966726], [50.13826519854592, 26.277040030935463]]]}, "properties": {"congestion_score": 1.0, "congestion_level": "free_flow", "color": "rgb(43,200,43)", "road_pixel_count": 1160}}, {"type": "Feature", "geometry": {"type": "Polygon", "coordinates": [[[50.142601314497, 26.277040030935463], [50.142601314497, 26.27928580887294], [50.14043325652146, 26.28040869784168], [50.13826519854592, 26.27928580887294], [50.13826519854592, 26.277040030935463], [50.14043325652146, 26.275917141966726], [50.142601314497, 26.277040030935463]]]}, "properties": {"congestion_score": 0.969, "congestion_level": "free_flow", "color": "rgb(43,200,43)", "road_pixel_count": 951}}, {"type": "Feature", "geometry": {"type": "Polygon", "coordinates": [[[50.14693743044807, 26.277040030935463], [50.14693743044807, 26.27928580887294], [50.14476937247254, 26.28040869784168], [50.142601314497, 26.27928580887294], [50.142601314497, 26.277040030935463], [50.14476937247254, 26.275917141966726], [50.14693743044807, 26.277040030935463]]]}, "properties": {"congestion_score": 0.99, "congestion_level": "free_flow", "color": "rgb(43,200,43)", "road_pixel_count": 1517}}, {"type": "Feature", "geometry": {"type": "Polygon", "coordinates": [[[50.151273546399146, 26.277040030935463], [50.151273546399146, 26.27928580887294], [50.14910548842361, 26.28040869784168], [50.14693743044807, 26.27928580887294], [50.14693743044807, 26.277040030935463], [50.14910548842361, 26.275917141966726], [50.151273546399146, 26.277040030935463]]]}, "properties": {"congestion_score": 1.0, "congestion_level": "free_flow", "color": "rgb(43,200,43)", "road_pixel_count": 1482}}, {"type": "Feature", "geometry": {"type": "Polygon", "coordinates": [[[50.155609662350216, 26.277040030935463], [50.155609662350216, 26.27928580887294], [50.153441604374684, 26.28040869784168], [50.151273546399146, 26.27928580887294], [50.151273546399146, 26.277040030935463], [50.153441604374684, 26.275917141966726], [50.155609662350216, 26.277040030935463]]]}, "properties": {"congestion_score": 0.891, "congestion_level": "light_congestion", "color": "rgb(255,255,55)", "road_pixel_count": 1457}}, {"type": "Feature", "geometry": {"type": "Polygon", "coordinates": [[[50.181626358056654, 26.277040030935463], [50.181626358056654, 26.27928580887294], [50.17945830008112, 26.28040869784168], [50.177290242105585, 26.27928580887294], [50.177290242105585, 26.277040030935463], [50.17945830008112, 26.275917141966726], [50.181626358056654, 26.277040030935463]]]}, "properties": {"congestion_score": 1.0, "congestion_level": "free_flow", "color": "rgb(43,200,43)", "road_pixel_count": 36}}, {"type": "Feature", "geometry": {"type": "Polygon", "coordinates": [[[50.18596247400773, 26.277040030935463], [50.18596247400773, 26.27928580887294], [50.18379441603219, 26.28040869784168], [50.181626358056654, 26.27928580887294], [50.181626358056654, 26.277040030935463], [50.18379441603219, 26.275917141966726], [50.18596247400773, 26.277040030935463]]]}, "properties": {"congestion_score": 0.977, "congestion_level": "free_flow", "color": "rgb(43,200,43)", "road_pixel_count": 2491}}, {"type": "Feature", "geometry": {"type": "Polygon", "coordinates": [[[50.1902985899588, 26.277040030935463], [50.1902985899588, 26.27928580887294], [50.18813053198327, 26.28040869784168], [50.18596247400773, 26.27928580887294], [50.18596247400773, 26.277040030935463], [50.18813053198327, 26.275917141966726], [50.1902985899588, 26.277040030935463]]]}, "properties": {"congestion_score": 0.945, "congestion_level": "light_congestion", "color": "rgb(255,255,55)", "road_pixel_count": 1552}}, {"type": "Feature", "geometry": {"type": "Polygon", "coordinates": [[[50.19463470590988, 26.277040030935463], [50.19463470590988, 26.27928580887294], [50.19246664793434, 26.28040869784168], [50.1902985899588, 26.27928580887294], [50.1902985899588, 26.277040030935463], [50.19246664793434, 26.275917141966726], [50.19463470590988, 26.277040030935463]]]}, "properties": {"congestion_score": 0.892, "congestion_level": "light_congestion", "color": "rgb(255,255,55)", "road_pixel_count": 2056}}, {"type": "Feature", "geometry": {"type": "Polygon", "coordinates": [[[50.19897082186095, 26.277040030935463], [50.19897082186095, 26.27928580887294], [50.196802763885415, 26.28040869784168], [50.19463470590988, 26.27928580887294], [50.19463470590988, 26.277040030935463], [50.196802763885415, 26.275917141966726], [50.19897082186095, 26.277040030935463]]]}, "properties": {"congestion_score": 0.819, "congestion_level": "light_congestion", "color": "rgb(255,255,55)", "road_pixel_count": 1737}}, {"type": "Feature", "geometry": {"type": "Polygon", "coordinates": [[[50.20330693781202, 26.277040030935463], [50.20330693781202, 26.27928580887294], [50.201138879836485, 26.28040869784168], [50.19897082186095, 26.27928580887294], [50.19897082186095, 26.277040030935463], [50.201138879836485, 26.275917141966726], [50.20330693781202, 26.277040030935463]]]}, "properties": {"congestion_score": 0.965, "congestion_level": "free_flow", "color": "rgb(43,200,43)", "road_pixel_count": 1075}}, {"type": "Feature", "geometry": {"type": "Polygon", "coordinates": [[[50.20764305376309, 26.277040030935463], [50.20764305376309, 26.27928580887294], [50.20547499578756, 26.28040869784168], [50.20330693781202, 26.27928580887294], [50.20330693781202, 26.277040030935463], [50.20547499578756, 26.275917141966726], [50.20764305376309, 26.277040030935463]]]}, "properties": {"congestion_score": 0.934, "congestion_level": "light_congestion", "color": "rgb(255,255,55)", "road_pixel_count": 2011}}, {"type": "Feature", "geometry": {"type": "Polygon", "coordinates": [[[50.21197916971417, 26.277040030935463], [50.21197916971417, 26.27928580887294], [50.20981111173863, 26.28040869784168], [50.20764305376309, 26.27928580887294], [50.20764305376309, 26.277040030935463], [50.20981111173863, 26.275917141966726], [50.21197916971417, 26.277040030935463]]]}, "properties": {"congestion_score": 0.953, "congestion_level": "free_flow", "color": "rgb(43,200,43)", "road_pixel_count": 2750}}, {"type": "Feature", "geometry": {"type": "Polygon", "coordinates": [[[50.21631528566524, 26.277040030935463], [50.21631528566524, 26.27928580887294], [50.21414722768971, 26.28040869784168], [50.21197916971417, 26.27928580887294], [50.21197916971417, 26.277040030935463], [50.21414722768971, 26.275917141966726], [50.21631528566524, 26.277040030935463]]]}, "properties": {"congestion_score": 0.918, "congestion_level": "light_congestion", "color": "rgb(255,255,55)", "road_pixel_count": 2127}}, {"type": "Feature", "geometry": {"type": "Polygon", "coordinates": [[[50.220651401616315, 26.277040030935463], [50.220651401616315, 26.27928580887294], [50.21848334364078, 26.28040869784168], [50.21631528566524, 26.27928580887294], [50.21631528566524, 26.277040030935463], [50.21848334364078, 26.275917141966726], [50.220651401616315, 26.277040030935463]]]}, "properties": {"congestion_score": 0.977, "congestion_level": "free_flow", "color": "rgb(43,200,43)", "road_pixel_count": 2798}}, {"type": "Feature", "geometry": {"type": "Polygon", "coordinates": [[[50.05804705345108, 26.28040869784168], [50.05804705345108, 26.282654475779157], [50.05587899547554, 26.283777364747895], [50.0537109375, 26.282654475779157], [50.0537109375, 26.28040869784168], [50.05587899547554, 26.27928580887294], [50.05804705345108, 26.28040869784168]]]}, "properties": {"congestion_score": 1.0, "congestion_level": "free_flow", "color": "rgb(43,200,43)", "road_pixel_count": 1380}}, {"type": "Feature", "geometry": {"type": "Polygon", "coordinates": [[[50.062383169402146, 26.28040869784168], [50.062383169402146, 26.282654475779157], [50.06021511142661, 26.283777364747895], [50.05804705345108, 26.282654475779157], [50.05804705345108, 26.28040869784168], [50.06021511142661, 26.27928580887294], [50.062383169402146, 26.28040869784168]]]}, "properties": {"congestion_score": 0.999, "congestion_level": "free_flow", "color": "rgb(43,200,43)", "road_pixel_count": 1192}}, {"type": "Feature", "geometry": {"type": "Polygon", "coordinates": [[[50.066719285353216, 26.28040869784168], [50.066719285353216, 26.282654475779157], [50.064551227377684, 26.283777364747895], [50.062383169402146, 26.282654475779157], [50.062383169402146, 26.28040869784168], [50.064551227377684, 26.27928580887294], [50.066719285353216, 26.28040869784168]]]}, "properties": {"congestion_score": 0.969, "congestion_level": "free_flow", "color": "rgb(43,200,43)", "road_pixel_count": 2577}}, {"type": "Feature", "geometry": {"type": "Polygon", "coordinates": [[[50.07105540130429, 26.28040869784168], [50.07105540130429, 26.282654475779157], [50.068887343328754, 26.283777364747895], [50.06671928535322, 26.282654475779157], [50.06671928535322, 26.28040869784168], [50.068887343328754, 26.27928580887294], [50.07105540130429, 26.28040869784168]]]}, "properties": {"congestion_score": 0.996, "congestion_level": "free_flow", "color": "rgb(43,200,43)", "road_pixel_count": 1200}}, {"type": "Feature", "geometry": {"type": "Polygon", "coordinates": [[[50.07539151725537, 26.28040869784168], [50.07539151725537, 26.282654475779157], [50.07322345927983, 26.283777364747895], [50.07105540130429, 26.282654475779157], [50.07105540130429, 26.28040869784168], [50.07322345927983, 26.27928580887294], [50.07539151725537, 26.28040869784168]]]}, "properties": {"congestion_score": 1.0, "congestion_level": "free_flow", "color": "rgb(43,200,43)", "road_pixel_count": 548}}, {"type": "Feature", "geometry": {"type": "Polygon", "coordinates": [[[50.110080444863954, 26.28040869784168], [50.110080444863954, 26.282654475779157], [50.107912386888415, 26.283777364747895], [50.10574432891288, 26.282654475779157], [50.10574432891288, 26.28040869784168], [50.107912386888415, 26.27928580887294], [50.110080444863954, 26.28040869784168]]]}, "properties": {"congestion_score": 1.0, "congestion_level": "free_flow", "color": "rgb(43,200,43)", "road_pixel_count": 382}}, {"type": "Feature", "geometry": {"type": "Polygon", "coordinates": [[[50.11441656081502, 26.28040869784168], [50.11441656081502, 26.282654475779157], [50.112248502839485, 26.283777364747895], [50.110080444863954, 26.282654475779157], [50.110080444863954, 26.28040869784168], [50.112248502839485, 26.27928580887294], [50.11441656081502, 26.28040869784168]]]}, "properties": {"congestion_score": 1.0, "congestion_level": "free_flow", "color": "rgb(43,200,43)", "road_pixel_count": 510}}, {"type": "Feature", "geometry": {"type": "Polygon", "coordinates": [[[50.1187526767661, 26.28040869784168], [50.1187526767661, 26.282654475779157], [50.11658461879056, 26.283777364747895], [50.11441656081502, 26.282654475779157], [50.11441656081502, 26.28040869784168], [50.11658461879056, 26.27928580887294], [50.1187526767661, 26.28040869784168]]]}, "properties": {"congestion_score": 1.0, "congestion_level": "free_flow", "color": "rgb(43,200,43)", "road_pixel_count": 58}}, {"type": "Feature", "geometry": {"type": "Polygon", "coordinates": [[[50.12308879271717, 26.28040869784168], [50.12308879271717, 26.282654475779157], [50.12092073474163, 26.283777364747895], [50.1187526767661, 26.282654475779157], [50.1187526767661, 26.28040869784168], [50.12092073474163, 26.27928580887294], [50.12308879271717, 26.28040869784168]]]}, "properties": {"congestion_score": 0.988, "congestion_level": "free_flow", "color": "rgb(43,200,43)", "road_pixel_count": 1147}}, {"type": "Feature", "geometry": {"type": "Polygon", "coordinates": [[[50.127424908668246, 26.28040869784168], [50.127424908668246, 26.282654475779157], [50.12525685069271, 26.283777364747895], [50.12308879271717, 26.282654475779157], [50.12308879271717, 26.28040869784168], [50.12525685069271, 26.27928580887294], [50.127424908668246, 26.28040869784168]]]}, "properties": {"congestion_score": 0.99, "congestion_level": "free_flow", "color": "rgb(43,200,43)", "road_pixel_count": 834}}, {"type": "Feature", "geometry": {"type": "Polygon", "coordinates": [[[50.131761024619315, 26.28040869784168], [50.131761024619315, 26.282654475779157], [50.12959296664378, 26.283777364747895], [50.127424908668246, 26.282654475779157], [50.127424908668246, 26.28040869784168], [50.12959296664378, 26.27928580887294], [50.131761024619315, 26.28040869784168]]]}, "properties": {"congestion_score": 0.991, "congestion_level": "free_flow", "color": "rgb(43,200,43)", "road_pixel_count": 400}}, {"type": "Feature", "geometry": {"type": "Polygon", "coordinates": [[[50.13609714057039, 26.28040869784168], [50.13609714057039, 26.282654475779157], [50.133929082594854, 26.283777364747895], [50.131761024619315, 26.282654475779157], [50.131761024619315, 26.28040869784168], [50.133929082594854, 26.27928580887294], [50.13609714057039, 26.28040869784168]]]}, "properties": {"congestion_score": 0.984, "congestion_level": "free_flow", "color": "rgb(43,200,43)", "road_pixel_count": 1702}}, {"type": "Feature", "geometry": {"type": "Polygon", "coordinates": [[[50.14043325652146, 26.28040869784168], [50.14043325652146, 26.282654475779157], [50.13826519854592, 26.283777364747895], [50.13609714057039, 26.282654475779157], [50.13609714057039, 26.28040869784168], [50.13826519854592, 26.27928580887294], [50.14043325652146, 26.28040869784168]]]}, "properties": {"congestion_score": 1.0, "congestion_level": "free_flow", "color": "rgb(43,200,43)", "road_pixel_count": 1069}}, {"type": "Feature", "geometry": {"type": "Polygon", "coordinates": [[[50.14476937247254, 26.28040869784168], [50.14476937247254, 26.282654475779157], [50.142601314497, 26.283777364747895], [50.14043325652146, 26.282654475779157], [50.14043325652146, 26.28040869784168], [50.142601314497, 26.27928580887294], [50.14476937247254, 26.28040869784168]]]}, "properties": {"congestion_score": 0.998, "congestion_level": "free_flow", "color": "rgb(43,200,43)", "road_pixel_count": 1683}}, {"type": "Feature", "geometry": {"type": "Polygon", "coordinates": [[[50.14910548842361, 26.28040869784168], [50.14910548842361, 26.282654475779157], [50.14693743044807, 26.283777364747895], [50.14476937247254, 26.282654475779157], [50.14476937247254, 26.28040869784168], [50.14693743044807, 26.27928580887294], [50.14910548842361, 26.28040869784168]]]}, "properties": {"congestion_score": 1.0, "congestion_level": "free_flow", "color": "rgb(43,200,43)", "road_pixel_count": 178}}, {"type": "Feature", "geometry": {"type": "Polygon", "coordinates": [[[50.153441604374684, 26.28040869784168], [50.153441604374684, 26.282654475779157], [50.151273546399146, 26.283777364747895], [50.14910548842361, 26.282654475779157], [50.14910548842361, 26.28040869784168], [50.151273546399146, 26.27928580887294], [50.153441604374684, 26.28040869784168]]]}, "properties": {"congestion_score": 0.899, "congestion_level": "light_congestion", "color": "rgb(255,255,55)", "road_pixel_count": 2040}}, {"type": "Feature", "geometry": {"type": "Polygon", "coordinates": [[[50.157777720325754, 26.28040869784168], [50.157777720325754, 26.282654475779157], [50.155609662350216, 26.283777364747895], [50.153441604374684, 26.282654475779157], [50.153441604374684, 26.28040869784168], [50.155609662350216, 26.27928580887294], [50.157777720325754, 26.28040869784168]]]}, "properties": {"congestion_score": 0.95, "congestion_level": "free_flow", "color": "rgb(43,200,43)", "road_pixel_count": 755}}, {"type": "Feature", "geometry": {"type": "Polygon", "coordinates": [[[50.16211383627683, 26.28040869784168], [50.16211383627683, 26.282654475779157], [50.15994577830129, 26.283777364747895], [50.157777720325754, 26.282654475779157], [50.157777720325754, 26.28040869784168], [50.15994577830129, 26.27928580887294], [50.16211383627683, 26.28040869784168]]]}, "properties": {"congestion_score": 0.991, "congestion_level": "free_flow", "color": "rgb(43,200,43)", "road_pixel_count": 108}}, {"type": "Feature", "geometry": {"type": "Polygon", "coordinates": [[[50.18379441603219, 26.28040869784168], [50.18379441603219, 26.282654475779157], [50.181626358056654, 26.283777364747895], [50.17945830008112, 26.282654475779157], [50.17945830008112, 26.28040869784168], [50.181626358056654, 26.27928580887294], [50.18379441603219, 26.28040869784168]]]}, "properties": {"congestion_score": 0.985, "congestion_level": "free_flow", "color": "rgb(43,200,43)", "road_pixel_count": 2060}}, {"type": "Feature", "geometry": {"type": "Polygon", "coordinates": [[[50.18813053198327, 26.28040869784168], [50.18813053198327, 26.282654475779157], [50.18596247400773, 26.283777364747895], [50.18379441603219, 26.282654475779157], [50.18379441603219, 26.28040869784168], [50.18596247400773, 26.27928580887294], [50.18813053198327, 26.28040869784168]]]}, "properties": {"congestion_score": 1.0, "congestion_level": "free_flow", "color": "rgb(43,200,43)", "road_pixel_count": 1067}}, {"type": "Feature", "geometry": {"type": "Polygon", "coordinates": [[[50.19246664793434, 26.28040869784168], [50.19246664793434, 26.282654475779157], [50.1902985899588, 26.283777364747895], [50.18813053198327, 26.282654475779157], [50.18813053198327, 26.28040869784168], [50.1902985899588, 26.27928580887294], [50.19246664793434, 26.28040869784168]]]}, "properties": {"congestion_score": 0.908, "congestion_level": "light_congestion", "color": "rgb(255,255,55)", "road_pixel_count": 2270}}, {"type": "Feature", "geometry": {"type": "Polygon", "coordinates": [[[50.196802763885415, 26.28040869784168], [50.196802763885415, 26.282654475779157], [50.19463470590988, 26.283777364747895], [50.19246664793434, 26.282654475779157], [50.19246664793434, 26.28040869784168], [50.19463470590988, 26.27928580887294], [50.196802763885415, 26.28040869784168]]]}, "properties": {"congestion_score": 0.873, "congestion_level": "light_congestion", "color": "rgb(255,255,55)", "road_pixel_count": 1809}}, {"type": "Feature", "geometry": {"type": "Polygon", "coordinates": [[[50.201138879836485, 26.28040869784168], [50.201138879836485, 26.282654475779157], [50.19897082186095, 26.283777364747895], [50.196802763885415, 26.282654475779157], [50.196802763885415, 26.28040869784168], [50.19897082186095, 26.27928580887294], [50.201138879836485, 26.28040869784168]]]}, "properties": {"congestion_score": 0.93, "congestion_level": "light_congestion", "color": "rgb(255,255,55)", "road_pixel_count": 3137}}, {"type": "Feature", "geometry": {"type": "Polygon", "coordinates": [[[50.20547499578756, 26.28040869784168], [50.20547499578756, 26.282654475779157], [50.20330693781202, 26.283777364747895], [50.201138879836485, 26.282654475779157], [50.201138879836485, 26.28040869784168], [50.20330693781202, 26.27928580887294], [50.20547499578756, 26.28040869784168]]]}, "properties": {"congestion_score": 0.927, "congestion_level": "light_congestion", "color": "rgb(255,255,55)", "road_pixel_count": 3118}}, {"type": "Feature", "geometry": {"type": "Polygon", "coordinates": [[[50.20981111173863, 26.28040869784168], [50.20981111173863, 26.282654475779157], [50.20764305376309, 26.283777364747895], [50.20547499578756, 26.282654475779157], [50.20547499578756, 26.28040869784168], [50.20764305376309, 26.27928580887294], [50.20981111173863, 26.28040869784168]]]}, "properties": {"congestion_score": 0.873, "congestion_level": "light_congestion", "color": "rgb(255,255,55)", "road_pixel_count": 3034}}, {"type": "Feature", "geometry": {"type": "Polygon", "coordinates": [[[50.21414722768971, 26.28040869784168], [50.21414722768971, 26.282654475779157], [50.21197916971417, 26.283777364747895], [50.20981111173863, 26.282654475779157], [50.20981111173863, 26.28040869784168], [50.21197916971417, 26.27928580887294], [50.21414722768971, 26.28040869784168]]]}, "properties": {"congestion_score": 0.838, "congestion_level": "light_congestion", "color": "rgb(255,255,55)", "road_pixel_count": 2787}}, {"type": "Feature", "geometry": {"type": "Polygon", "coordinates": [[[50.21848334364078, 26.28040869784168], [50.21848334364078, 26.282654475779157], [50.21631528566524, 26.283777364747895], [50.21414722768971, 26.282654475779157], [50.21414722768971, 26.28040869784168], [50.21631528566524, 26.27928580887294], [50.21848334364078, 26.28040869784168]]]}, "properties": {"congestion_score": 0.866, "congestion_level": "light_congestion", "color": "rgb(255,255,55)", "road_pixel_count": 2940}}, {"type": "Feature", "geometry": {"type": "Polygon", "coordinates": [[[50.222819459591854, 26.28040869784168], [50.222819459591854, 26.282654475779157], [50.220651401616315, 26.283777364747895], [50.21848334364078, 26.282654475779157], [50.21848334364078, 26.28040869784168], [50.220651401616315, 26.27928580887294], [50.222819459591854, 26.28040869784168]]]}, "properties": {"congestion_score": 0.992, "congestion_level": "free_flow", "color": "rgb(43,200,43)", "road_pixel_count": 1480}}, {"type": "Feature", "geometry": {"type": "Polygon", "coordinates": [[[50.05587899547554, 26.283777364747895], [50.05587899547554, 26.286023142685373], [50.0537109375, 26.287146031654114], [50.05154287952446, 26.286023142685373], [50.05154287952446, 26.283777364747895], [50.0537109375, 26.282654475779157], [50.05587899547554, 26.283777364747895]]]}, "properties": {"congestion_score": 1.0, "congestion_level": "free_flow", "color": "rgb(43,200,43)", "road_pixel_count": 253}}, {"type": "Feature", "geometry": {"type": "Polygon", "coordinates": [[[50.06021511142661, 26.283777364747895], [50.06021511142661, 26.286023142685373], [50.05804705345108, 26.287146031654114], [50.05587899547554, 26.286023142685373], [50.05587899547554, 26.283777364747895], [50.05804705345108, 26.282654475779157], [50.06021511142661, 26.283777364747895]]]}, "properties": {"congestion_score": 1.0, "congestion_level": "free_flow", "color": "rgb(43,200,43)", "road_pixel_count": 2303}}, {"type": "Feature", "geometry": {"type": "Polygon", "coordinates": [[[50.064551227377684, 26.283777364747895], [50.064551227377684, 26.286023142685373], [50.062383169402146, 26.287146031654114], [50.06021511142661, 26.286023142685373], [50.06021511142661, 26.283777364747895], [50.062383169402146, 26.282654475779157], [50.064551227377684, 26.283777364747895]]]}, "properties": {"congestion_score": 1.0, "congestion_level": "free_flow", "color": "rgb(43,200,43)", "road_pixel_count": 253}}, {"type": "Feature", "geometry": {"type": "Polygon", "coordinates": [[[50.068887343328754, 26.283777364747895], [50.068887343328754, 26.286023142685373], [50.06671928535322, 26.287146031654114], [50.064551227377684, 26.286023142685373], [50.064551227377684, 26.283777364747895], [50.06671928535322, 26.282654475779157], [50.068887343328754, 26.283777364747895]]]}, "properties": {"congestion_score": 0.96, "congestion_level": "free_flow", "color": "rgb(43,200,43)", "road_pixel_count": 1258}}, {"type": "Feature", "geometry": {"type": "Polygon", "coordinates": [[[50.07322345927983, 26.283777364747895], [50.07322345927983, 26.286023142685373], [50.07105540130429, 26.287146031654114], [50.068887343328754, 26.286023142685373], [50.068887343328754, 26.283777364747895], [50.07105540130429, 26.282654475779157], [50.07322345927983, 26.283777364747895]]]}, "properties": {"congestion_score": 0.992, "congestion_level": "free_flow", "color": "rgb(43,200,43)", "road_pixel_count": 828}}, {"type": "Feature", "geometry": {"type": "Polygon", "coordinates": [[[50.107912386888415, 26.283777364747895], [50.107912386888415, 26.286023142685373], [50.10574432891288, 26.287146031654114], [50.10357627093734, 26.286023142685373], [50.10357627093734, 26.283777364747895], [50.10574432891288, 26.282654475779157], [50.107912386888415, 26.283777364747895]]]}, "properties": {"congestion_score": 1.0, "congestion_level": "free_flow", "color": "rgb(43,200,43)", "road_pixel_count": 1215}}, {"type": "Feature", "geometry": {"type": "Polygon", "coordinates": [[[50.112248502839485, 26.283777364747895], [50.112248502839485, 26.286023142685373], [50.110080444863954, 26.287146031654114], [50.107912386888415, 26.286023142685373], [50.107912386888415, 26.283777364747895], [50.110080444863954, 26.282654475779157], [50.112248502839485, 26.283777364747895]]]}, "properties": {"congestion_score": 1.0, "congestion_level": "free_flow", "color": "rgb(43,200,43)", "road_pixel_count": 630}}, {"type": "Feature", "geometry": {"type": "Polygon", "coordinates": [[[50.11658461879056, 26.283777364747895], [50.11658461879056, 26.286023142685373], [50.11441656081502, 26.287146031654114], [50.112248502839485, 26.286023142685373], [50.112248502839485, 26.283777364747895], [50.11441656081502, 26.282654475779157], [50.11658461879056, 26.283777364747895]]]}, "properties": {"congestion_score": 1.0, "congestion_level": "free_flow", "color": "rgb(43,200,43)", "road_pixel_count": 1600}}, {"type": "Feature", "geometry": {"type": "Polygon", "coordinates": [[[50.12092073474163, 26.283777364747895], [50.12092073474163, 26.286023142685373], [50.1187526767661, 26.287146031654114], [50.11658461879056, 26.286023142685373], [50.11658461879056, 26.283777364747895], [50.1187526767661, 26.282654475779157], [50.12092073474163, 26.283777364747895]]]}, "properties": {"congestion_score": 1.0, "congestion_level": "free_flow", "color": "rgb(43,200,43)", "road_pixel_count": 2067}}, {"type": "Feature", "geometry": {"type": "Polygon", "coordinates": [[[50.12525685069271, 26.283777364747895], [50.12525685069271, 26.286023142685373], [50.12308879271717, 26.287146031654114], [50.12092073474163, 26.286023142685373], [50.12092073474163, 26.283777364747895], [50.12308879271717, 26.282654475779157], [50.12525685069271, 26.283777364747895]]]}, "properties": {"congestion_score": 0.993, "congestion_level": "free_flow", "color": "rgb(43,200,43)", "road_pixel_count": 297}}, {"type": "Feature", "geometry": {"type": "Polygon", "coordinates": [[[50.12959296664378, 26.283777364747895], [50.12959296664378, 26.286023142685373], [50.127424908668246, 26.287146031654114], [50.12525685069271, 26.286023142685373], [50.12525685069271, 26.283777364747895], [50.127424908668246, 26.282654475779157], [50.12959296664378, 26.283777364747895]]]}, "properties": {"congestion_score": 0.986, "congestion_level": "free_flow", "color": "rgb(43,200,43)", "road_pixel_count": 1156}}, {"type": "Feature", "geometry": {"type": "Polygon", "coordinates": [[[50.133929082594854, 26.283777364747895], [50.133929082594854, 26.286023142685373], [50.131761024619315, 26.287146031654114], [50.12959296664378, 26.286023142685373], [50.12959296664378, 26.283777364747895], [50.131761024619315, 26.282654475779157], [50.133929082594854, 26.283777364747895]]]}, "properties": {"congestion_score": 0.893, "congestion_level": "light_congestion", "color": "rgb(255,255,55)", "road_pixel_count": 1415}}, {"type": "Feature", "geometry": {"type": "Polygon", "coordinates": [[[50.13826519854592, 26.283777364747895], [50.13826519854592, 26.286023142685373], [50.13609714057039, 26.287146031654114], [50.133929082594854, 26.286023142685373], [50.133929082594854, 26.283777364747895], [50.13609714057039, 26.282654475779157], [50.13826519854592, 26.283777364747895]]]}, "properties": {"congestion_score": 0.925, "congestion_level": "light_congestion", "color": "rgb(255,255,55)", "road_pixel_count": 1969}}, {"type": "Feature", "geometry": {"type": "Polygon", "coordinates": [[[50.142601314497, 26.283777364747895], [50.142601314497, 26.286023142685373], [50.14043325652146, 26.287146031654114], [50.13826519854592, 26.286023142685373], [50.13826519854592, 26.283777364747895], [50.14043325652146, 26.282654475779157], [50.142601314497, 26.283777364747895]]]}, "properties": {"congestion_score": 1.0, "congestion_level": "free_flow", "color": "rgb(43,200,43)", "road_pixel_count": 1203}}, {"type": "Feature", "geometry": {"type": "Polygon", "coordinates": [[[50.14693743044807, 26.283777364747895], [50.14693743044807, 26.286023142685373], [50.14476937247254, 26.287146031654114], [50.142601314497, 26.286023142685373], [50.142601314497, 26.283777364747895], [50.14476937247254, 26.282654475779157], [50.14693743044807, 26.283777364747895]]]}, "properties": {"congestion_score": 0.969, "congestion_level": "free_flow", "color": "rgb(43,200,43)", "road_pixel_count": 1468}}, {"type": "Feature", "geometry": {"type": "Polygon", "coordinates": [[[50.151273546399146, 26.283777364747895], [50.151273546399146, 26.286023142685373], [50.14910548842361, 26.287146031654114], [50.14693743044807, 26.286023142685373], [50.14693743044807, 26.283777364747895], [50.14910548842361, 26.282654475779157], [50.151273546399146, 26.283777364747895]]]}, "properties": {"congestion_score": 0.858, "congestion_level": "light_congestion", "color": "rgb(255,255,55)", "road_pixel_count": 1569}}, {"type": "Feature", "geometry": {"type": "Polygon", "coordinates": [[[50.155609662350216, 26.283777364747895], [50.155609662350216, 26.286023142685373], [50.153441604374684, 26.287146031654114], [50.151273546399146, 26.286023142685373], [50.151273546399146, 26.283777364747895], [50.153441604374684, 26.282654475779157], [50.155609662350216, 26.283777364747895]]]}, "properties": {"congestion_score": 0.844, "congestion_level": "light_congestion", "color": "rgb(255,255,55)", "road_pixel_count": 296}}, {"type": "Feature", "geometry": {"type": "Polygon", "coordinates": [[[50.15994577830129, 26.283777364747895], [50.15994577830129, 26.286023142685373], [50.157777720325754, 26.287146031654114], [50.155609662350216, 26.286023142685373], [50.155609662350216, 26.283777364747895], [50.157777720325754, 26.282654475779157], [50.15994577830129, 26.283777364747895]]]}, "properties": {"congestion_score": 0.958, "congestion_level": "free_flow", "color": "rgb(43,200,43)", "road_pixel_count": 1190}}, {"type": "Feature", "geometry": {"type": "Polygon", "coordinates": [[[50.177290242105585, 26.283777364747895], [50.177290242105585, 26.286023142685373], [50.175122184130046, 26.287146031654114], [50.17295412615451, 26.286023142685373], [50.17295412615451, 26.283777364747895], [50.175122184130046, 26.282654475779157], [50.177290242105585, 26.283777364747895]]]}, "properties": {"congestion_score": 1.0, "congestion_level": "free_flow", "color": "rgb(43,200,43)", "road_pixel_count": 68}}, {"type": "Feature", "geometry": {"type": "Polygon", "coordinates": [[[50.181626358056654, 26.283777364747895], [50.181626358056654, 26.286023142685373], [50.17945830008112, 26.287146031654114], [50.177290242105585, 26.286023142685373], [50.177290242105585, 26.283777364747895], [50.17945830008112, 26.282654475779157], [50.181626358056654, 26.283777364747895]]]}, "properties": {"congestion_score": 0.986, "congestion_level": "free_flow", "color": "rgb(43,200,43)", "road_pixel_count": 1749}}, {"type": "Feature", "geometry": {"type": "Polygon", "coordinates": [[[50.18596247400773, 26.283777364747895], [50.18596247400773, 26.286023142685373], [50.18379441603219, 26.287146031654114], [50.181626358056654, 26.286023142685373], [50.181626358056654, 26.283777364747895], [50.18379441603219, 26.282654475779157], [50.18596247400773, 26.283777364747895]]]}, "properties": {"congestion_score": 0.908, "congestion_level": "light_congestion", "color": "rgb(255,255,55)", "road_pixel_count": 2262}}, {"type": "Feature", "geometry": {"type": "Polygon", "coordinates": [[[50.1902985899588, 26.283777364747895], [50.1902985899588, 26.286023142685373], [50.18813053198327, 26.287146031654114], [50.18596247400773, 26.286023142685373], [50.18596247400773, 26.283777364747895], [50.18813053198327, 26.282654475779157], [50.1902985899588, 26.283777364747895]]]}, "properties": {"congestion_score": 0.922, "congestion_level": "light_congestion", "color": "rgb(255,255,55)", "road_pixel_count": 2991}}, {"type": "Feature", "geometry": {"type": "Polygon", "coordinates": [[[50.19463470590988, 26.283777364747895], [50.19463470590988, 26.286023142685373], [50.19246664793434, 26.287146031654114], [50.1902985899588, 26.286023142685373], [50.1902985899588, 26.283777364747895], [50.19246664793434, 26.282654475779157], [50.19463470590988, 26.283777364747895]]]}, "properties": {"congestion_score": 0.947, "congestion_level": "light_congestion", "color": "rgb(255,255,55)", "road_pixel_count": 3209}}, {"type": "Feature", "geometry": {"type": "Polygon", "coordinates": [[[50.19897082186095, 26.283777364747895], [50.19897082186095, 26.286023142685373], [50.196802763885415, 26.287146031654114], [50.19463470590988, 26.286023142685373], [50.19463470590988, 26.283777364747895], [50.196802763885415, 26.282654475779157], [50.19897082186095, 26.283777364747895]]]}, "properties": {"congestion_score": 0.96, "congestion_level": "free_flow", "color": "rgb(43,200,43)", "road_pixel_count": 2851}}, {"type": "Feature", "geometry": {"type": "Polygon", "coordinates": [[[50.20330693781202, 26.283777364747895], [50.20330693781202, 26.286023142685373], [50.201138879836485, 26.287146031654114], [50.19897082186095, 26.286023142685373], [50.19897082186095, 26.283777364747895], [50.201138879836485, 26.282654475779157], [50.20330693781202, 26.283777364747895]]]}, "properties": {"congestion_score": 0.965, "congestion_level": "free_flow", "color": "rgb(43,200,43)", "road_pixel_count": 1722}}, {"type": "Feature", "geometry": {"type": "Polygon", "coordinates": [[[50.20764305376309, 26.283777364747895], [50.20764305376309, 26.286023142685373], [50.20547499578756, 26.287146031654114], [50.20330693781202, 26.286023142685373], [50.20330693781202, 26.283777364747895], [50.20547499578756, 26.282654475779157], [50.20764305376309, 26.283777364747895]]]}, "properties": {"congestion_score": 1.0, "congestion_level": "free_flow", "color": "rgb(43,200,43)", "road_pixel_count": 2684}}, {"type": "Feature", "geometry": {"type": "Polygon", "coordinates": [[[50.21197916971417, 26.283777364747895], [50.21197916971417, 26.286023142685373], [50.20981111173863, 26.287146031654114], [50.20764305376309, 26.286023142685373], [50.20764305376309, 26.283777364747895], [50.20981111173863, 26.282654475779157], [50.21197916971417, 26.283777364747895]]]}, "properties": {"congestion_score": 0.957, "congestion_level": "free_flow", "color": "rgb(43,200,43)", "road_pixel_count": 2427}}, {"type": "Feature", "geometry": {"type": "Polygon", "coordinates": [[[50.21631528566524, 26.283777364747895], [50.21631528566524, 26.286023142685373], [50.21414722768971, 26.287146031654114], [50.21197916971417, 26.286023142685373], [50.21197916971417, 26.283777364747895], [50.21414722768971, 26.282654475779157], [50.21631528566524, 26.283777364747895]]]}, "properties": {"congestion_score": 0.955, "congestion_level": "free_flow", "color": "rgb(43,200,43)", "road_pixel_count": 2500}}, {"type": "Feature", "geometry": {"type": "Polygon", "coordinates": [[[50.220651401616315, 26.283777364747895], [50.220651401616315, 26.286023142685373], [50.21848334364078, 26.287146031654114], [50.21631528566524, 26.286023142685373], [50.21631528566524, 26.283777364747895], [50.21848334364078, 26.282654475779157], [50.220651401616315, 26.283777364747895]]]}, "properties": {"congestion_score": 0.981, "congestion_level": "free_flow", "color": "rgb(43,200,43)", "road_pixel_count": 3216}}, {"type": "Feature", "geometry": {"type": "Polygon", "coordinates": [[[50.224987517567385, 26.283777364747895], [50.224987517567385, 26.286023142685373], [50.222819459591854, 26.287146031654114], [50.220651401616315, 26.286023142685373], [50.220651401616315, 26.283777364747895], [50.222819459591854, 26.282654475779157], [50.224987517567385, 26.283777364747895]]]}, "properties": {"congestion_score": 1.0, "congestion_level": "free_flow", "color": "rgb(43,200,43)", "road_pixel_count": 189}}, {"type": "Feature", "geometry": {"type": "Polygon", "coordinates": [[[50.05804705345108, 26.287146031654114], [50.05804705345108, 26.28939180959159], [50.05587899547554, 26.29051469856033], [50.0537109375, 26.28939180959159], [50.0537109375, 26.287146031654114], [50.05587899547554, 26.286023142685373], [50.05804705345108, 26.287146031654114]]]}, "properties": {"congestion_score": 1.0, "congestion_level": "free_flow", "color": "rgb(43,200,43)", "road_pixel_count": 1434}}, {"type": "Feature", "geometry": {"type": "Polygon", "coordinates": [[[50.07105540130429, 26.287146031654114], [50.07105540130429, 26.28939180959159], [50.068887343328754, 26.29051469856033], [50.06671928535322, 26.28939180959159], [50.06671928535322, 26.287146031654114], [50.068887343328754, 26.286023142685373], [50.07105540130429, 26.287146031654114]]]}, "properties": {"congestion_score": 0.961, "congestion_level": "free_flow", "color": "rgb(43,200,43)", "road_pixel_count": 303}}, {"type": "Feature", "geometry": {"type": "Polygon", "coordinates": [[[50.07539151725537, 26.287146031654114], [50.07539151725537, 26.28939180959159], [50.07322345927983, 26.29051469856033], [50.07105540130429, 26.28939180959159], [50.07105540130429, 26.287146031654114], [50.07322345927983, 26.286023142685373], [50.07539151725537, 26.287146031654114]]]}, "properties": {"congestion_score": 0.984, "congestion_level": "free_flow", "color": "rgb(43,200,43)", "road_pixel_count": 1225}}, {"type": "Feature", "geometry": {"type": "Polygon", "coordinates": [[[50.10140821296181, 26.287146031654114], [50.10140821296181, 26.28939180959159], [50.09924015498627, 26.29051469856033], [50.09707209701073, 26.28939180959159], [50.09707209701073, 26.287146031654114], [50.09924015498627, 26.286023142685373], [50.10140821296181, 26.287146031654114]]]}, "properties": {"congestion_score": 0.981, "congestion_level": "free_flow", "color": "rgb(43,200,43)", "road_pixel_count": 53}}, {"type": "Feature", "geometry": {"type": "Polygon", "coordinates": [[[50.10574432891288, 26.287146031654114], [50.10574432891288, 26.28939180959159], [50.10357627093734, 26.29051469856033], [50.10140821296181, 26.28939180959159], [50.10140821296181, 26.287146031654114], [50.10357627093734, 26.286023142685373], [50.10574432891288, 26.287146031654114]]]}, "properties": {"congestion_score": 0.994, "congestion_level": "free_flow", "color": "rgb(43,200,43)", "road_pixel_count": 1844}}, {"type": "Feature", "geometry": {"type": "Polygon", "coordinates": [[[50.110080444863954, 26.287146031654114], [50.110080444863954, 26.28939180959159], [50.107912386888415, 26.29051469856033], [50.10574432891288, 26.28939180959159], [50.10574432891288, 26.287146031654114], [50.107912386888415, 26.286023142685373], [50.110080444863954, 26.287146031654114]]]}, "properties": {"congestion_score": 1.0, "congestion_level": "free_flow", "color": "rgb(43,200,43)", "road_pixel_count": 626}}, {"type": "Feature", "geometry": {"type": "Polygon", "coordinates": [[[50.1187526767661, 26.287146031654114], [50.1187526767661, 26.28939180959159], [50.11658461879056, 26.29051469856033], [50.11441656081502, 26.28939180959159], [50.11441656081502, 26.287146031654114], [50.11658461879056, 26.286023142685373], [50.1187526767661, 26.287146031654114]]]}, "properties": {"congestion_score": 0.983, "congestion_level": "free_flow", "color": "rgb(43,200,43)", "road_pixel_count": 442}}, {"type": "Feature", "geometry": {"type": "Polygon", "coordinates": [[[50.12308879271717, 26.287146031654114], [50.12308879271717, 26.28939180959159], [50.12092073474163, 26.29051469856033], [50.1187526767661, 26.28939180959159], [50.1187526767661, 26.287146031654114], [50.12092073474163, 26.286023142685373], [50.12308879271717, 26.287146031654114]]]}, "properties": {"congestion_score": 0.99, "congestion_level": "free_flow", "color": "rgb(43,200,43)", "road_pixel_count": 413}}, {"type": "Feature", "geometry": {"type": "Polygon", "coordinates": [[[50.127424908668246, 26.287146031654114], [50.127424908668246, 26.28939180959159], [50.12525685069271, 26.29051469856033], [50.12308879271717, 26.28939180959159], [50.12308879271717, 26.287146031654114], [50.12525685069271, 26.286023142685373], [50.127424908668246, 26.287146031654114]]]}, "properties": {"congestion_score": 1.0, "congestion_level": "free_flow", "color": "rgb(43,200,43)", "road_pixel_count": 802}}, {"type": "Feature", "geometry": {"type": "Polygon", "coordinates": [[[50.131761024619315, 26.287146031654114], [50.131761024619315, 26.28939180959159], [50.12959296664378, 26.29051469856033], [50.127424908668246, 26.28939180959159], [50.127424908668246, 26.287146031654114], [50.12959296664378, 26.286023142685373], [50.131761024619315, 26.287146031654114]]]}, "properties": {"congestion_score": 0.955, "congestion_level": "free_flow", "color": "rgb(43,200,43)", "road_pixel_count": 1304}}, {"type": "Feature", "geometry": {"type": "Polygon", "coordinates": [[[50.13609714057039, 26.287146031654114], [50.13609714057039, 26.28939180959159], [50.133929082594854, 26.29051469856033], [50.131761024619315, 26.28939180959159], [50.131761024619315, 26.287146031654114], [50.133929082594854, 26.286023142685373], [50.13609714057039, 26.287146031654114]]]}, "properties": {"congestion_score": 0.996, "congestion_level": "free_flow", "color": "rgb(43,200,43)", "road_pixel_count": 1206}}, {"type": "Feature", "geometry": {"type": "Polygon", "coordinates": [[[50.14043325652146, 26.287146031654114], [50.14043325652146, 26.28939180959159], [50.13826519854592, 26.29051469856033], [50.13609714057039, 26.28939180959159], [50.13609714057039, 26.287146031654114], [50.13826519854592, 26.286023142685373], [50.14043325652146, 26.287146031654114]]]}, "properties": {"congestion_score": 1.0, "congestion_level": "free_flow", "color": "rgb(43,200,43)", "road_pixel_count": 267}}, {"type": "Feature", "geometry": {"type": "Polygon", "coordinates": [[[50.14476937247254, 26.287146031654114], [50.14476937247254, 26.28939180959159], [50.142601314497, 26.29051469856033], [50.14043325652146, 26.28939180959159], [50.14043325652146, 26.287146031654114], [50.142601314497, 26.286023142685373], [50.14476937247254, 26.287146031654114]]]}, "properties": {"congestion_score": 0.997, "congestion_level": "free_flow", "color": "rgb(43,200,43)", "road_pixel_count": 1648}}, {"type": "Feature", "geometry": {"type": "Polygon", "coordinates": [[[50.14910548842361, 26.287146031654114], [50.14910548842361, 26.28939180959159], [50.14693743044807, 26.29051469856033], [50.14476937247254, 26.28939180959159], [50.14476937247254, 26.287146031654114], [50.14693743044807, 26.286023142685373], [50.14910548842361, 26.287146031654114]]]}, "properties": {"congestion_score": 0.969, "congestion_level": "free_flow", "color": "rgb(43,200,43)", "road_pixel_count": 1235}}, {"type": "Feature", "geometry": {"type": "Polygon", "coordinates": [[[50.153441604374684, 26.287146031654114], [50.153441604374684, 26.28939180959159], [50.151273546399146, 26.29051469856033], [50.14910548842361, 26.28939180959159], [50.14910548842361, 26.287146031654114], [50.151273546399146, 26.286023142685373], [50.153441604374684, 26.287146031654114]]]}, "properties": {"congestion_score": 0.959, "congestion_level": "free_flow", "color": "rgb(43,200,43)", "road_pixel_count": 625}}, {"type": "Feature", "geometry": {"type": "Polygon", "coordinates": [[[50.157777720325754, 26.287146031654114], [50.157777720325754, 26.28939180959159], [50.155609662350216, 26.29051469856033], [50.153441604374684, 26.28939180959159], [50.153441604374684, 26.287146031654114], [50.155609662350216, 26.286023142685373], [50.157777720325754, 26.287146031654114]]]}, "properties": {"congestion_score": 0.983, "congestion_level": "free_flow", "color": "rgb(43,200,43)", "road_pixel_count": 939}}, {"type": "Feature", "geometry": {"type": "Polygon", "coordinates": [[[50.16211383627683, 26.287146031654114], [50.16211383627683, 26.28939180959159], [50.15994577830129, 26.29051469856033], [50.157777720325754, 26.28939180959159], [50.157777720325754, 26.287146031654114], [50.15994577830129, 26.286023142685373], [50.16211383627683, 26.287146031654114]]]}, "properties": {"congestion_score": 1.0, "congestion_level": "free_flow", "color": "rgb(43,200,43)", "road_pixel_count": 442}}, {"type": "Feature", "geometry": {"type": "Polygon", "coordinates": [[[50.17078606817898, 26.287146031654114], [50.17078606817898, 26.28939180959159], [50.16861801020344, 26.29051469856033], [50.1664499522279, 26.28939180959159], [50.1664499522279, 26.287146031654114], [50.16861801020344, 26.286023142685373], [50.17078606817898, 26.287146031654114]]]}, "properties": {"congestion_score": 1.0, "congestion_level": "free_flow", "color": "rgb(43,200,43)", "road_pixel_count": 10}}, {"type": "Feature", "geometry": {"type": "Polygon", "coordinates": [[[50.175122184130046, 26.287146031654114], [50.175122184130046, 26.28939180959159], [50.17295412615451, 26.29051469856033], [50.17078606817898, 26.28939180959159], [50.17078606817898, 26.287146031654114], [50.17295412615451, 26.286023142685373], [50.175122184130046, 26.287146031654114]]]}, "properties": {"congestion_score": 1.0, "congestion_level": "free_flow", "color": "rgb(43,200,43)", "road_pixel_count": 539}}, {"type": "Feature", "geometry": {"type": "Polygon", "coordinates": [[[50.17945830008112, 26.287146031654114], [50.17945830008112, 26.28939180959159], [50.177290242105585, 26.29051469856033], [50.175122184130046, 26.28939180959159], [50.175122184130046, 26.287146031654114], [50.177290242105585, 26.286023142685373], [50.17945830008112, 26.287146031654114]]]}, "properties": {"congestion_score": 1.0, "congestion_level": "free_flow", "color": "rgb(43,200,43)", "road_pixel_count": 2190}}, {"type": "Feature", "geometry": {"type": "Polygon", "coordinates": [[[50.18379441603219, 26.287146031654114], [50.18379441603219, 26.28939180959159], [50.181626358056654, 26.29051469856033], [50.17945830008112, 26.28939180959159], [50.17945830008112, 26.287146031654114], [50.181626358056654, 26.286023142685373], [50.18379441603219, 26.287146031654114]]]}, "properties": {"congestion_score": 1.0, "congestion_level": "free_flow", "color": "rgb(43,200,43)", "road_pixel_count": 2848}}, {"type": "Feature", "geometry": {"type": "Polygon", "coordinates": [[[50.18813053198327, 26.287146031654114], [50.18813053198327, 26.28939180959159], [50.18596247400773, 26.29051469856033], [50.18379441603219, 26.28939180959159], [50.18379441603219, 26.287146031654114], [50.18596247400773, 26.286023142685373], [50.18813053198327, 26.287146031654114]]]}, "properties": {"congestion_score": 0.937, "congestion_level": "light_congestion", "color": "rgb(255,255,55)", "road_pixel_count": 3297}}, {"type": "Feature", "geometry": {"type": "Polygon", "coordinates": [[[50.19246664793434, 26.287146031654114], [50.19246664793434, 26.28939180959159], [50.1902985899588, 26.29051469856033], [50.18813053198327, 26.28939180959159], [50.18813053198327, 26.287146031654114], [50.1902985899588, 26.286023142685373], [50.19246664793434, 26.287146031654114]]]}, "properties": {"congestion_score": 0.83, "congestion_level": "light_congestion", "color": "rgb(255,255,55)", "road_pixel_count": 2753}}, {"type": "Feature", "geometry": {"type": "Polygon", "coordinates": [[[50.196802763885415, 26.287146031654114], [50.196802763885415, 26.28939180959159], [50.19463470590988, 26.29051469856033], [50.19246664793434, 26.28939180959159], [50.19246664793434, 26.287146031654114], [50.19463470590988, 26.286023142685373], [50.196802763885415, 26.287146031654114]]]}, "properties": {"congestion_score": 0.922, "congestion_level": "light_congestion", "color": "rgb(255,255,55)", "road_pixel_count": 2604}}, {"type": "Feature", "geometry": {"type": "Polygon", "coordinates": [[[50.201138879836485, 26.287146031654114], [50.201138879836485, 26.28939180959159], [50.19897082186095, 26.29051469856033], [50.196802763885415, 26.28939180959159], [50.196802763885415, 26.287146031654114], [50.19897082186095, 26.286023142685373], [50.201138879836485, 26.287146031654114]]]}, "properties": {"congestion_score": 0.965, "congestion_level": "free_flow", "color": "rgb(43,200,43)", "road_pixel_count": 2210}}, {"type": "Feature", "geometry": {"type": "Polygon", "coordinates": [[[50.20547499578756, 26.287146031654114], [50.20547499578756, 26.28939180959159], [50.20330693781202, 26.29051469856033], [50.201138879836485, 26.28939180959159], [50.201138879836485, 26.287146031654114], [50.20330693781202, 26.286023142685373], [50.20547499578756, 26.287146031654114]]]}, "properties": {"congestion_score": 0.996, "congestion_level": "free_flow", "color": "rgb(43,200,43)", "road_pixel_count": 2005}}, {"type": "Feature", "geometry": {"type": "Polygon", "coordinates": [[[50.20981111173863, 26.287146031654114], [50.20981111173863, 26.28939180959159], [50.20764305376309, 26.29051469856033], [50.20547499578756, 26.28939180959159], [50.20547499578756, 26.287146031654114], [50.20764305376309, 26.286023142685373], [50.20981111173863, 26.287146031654114]]]}, "properties": {"congestion_score": 0.992, "congestion_level": "free_flow", "color": "rgb(43,200,43)", "road_pixel_count": 2690}}, {"type": "Feature", "geometry": {"type": "Polygon", "coordinates": [[[50.21414722768971, 26.287146031654114], [50.21414722768971, 26.28939180959159], [50.21197916971417, 26.29051469856033], [50.20981111173863, 26.28939180959159], [50.20981111173863, 26.287146031654114], [50.21197916971417, 26.286023142685373], [50.21414722768971, 26.287146031654114]]]}, "properties": {"congestion_score": 0.976, "congestion_level": "free_flow", "color": "rgb(43,200,43)", "road_pixel_count": 2711}}, {"type": "Feature", "geometry": {"type": "Polygon", "coordinates": [[[50.21848334364078, 26.287146031654114], [50.21848334364078, 26.28939180959159], [50.21631528566524, 26.29051469856033], [50.21414722768971, 26.28939180959159], [50.21414722768971, 26.287146031654114], [50.21631528566524, 26.286023142685373], [50.21848334364078, 26.287146031654114]]]}, "properties": {"congestion_score": 0.971, "congestion_level": "free_flow", "color": "rgb(43,200,43)", "road_pixel_count": 2714}}, {"type": "Feature", "geometry": {"type": "Polygon", "coordinates": [[[50.222819459591854, 26.287146031654114], [50.222819459591854, 26.28939180959159], [50.220651401616315, 26.29051469856033], [50.21848334364078, 26.28939180959159], [50.21848334364078, 26.287146031654114], [50.220651401616315, 26.286023142685373], [50.222819459591854, 26.287146031654114]]]}, "properties": {"congestion_score": 0.994, "congestion_level": "free_flow", "color": "rgb(43,200,43)", "road_pixel_count": 1812}}, {"type": "Feature", "geometry": {"type": "Polygon", "coordinates": [[[50.05587899547554, 26.29051469856033], [50.05587899547554, 26.292760476497808], [50.0537109375, 26.293883365466545], [50.05154287952446, 26.292760476497808], [50.05154287952446, 26.29051469856033], [50.0537109375, 26.28939180959159], [50.05587899547554, 26.29051469856033]]]}, "properties": {"congestion_score": 1.0, "congestion_level": "free_flow", "color": "rgb(43,200,43)", "road_pixel_count": 36}}, {"type": "Feature", "geometry": {"type": "Polygon", "coordinates": [[[50.0775595752309, 26.29051469856033], [50.0775595752309, 26.292760476497808], [50.07539151725537, 26.293883365466545], [50.07322345927983, 26.292760476497808], [50.07322345927983, 26.29051469856033], [50.07539151725537, 26.28939180959159], [50.0775595752309, 26.29051469856033]]]}, "properties": {"congestion_score": 0.978, "congestion_level": "free_flow", "color": "rgb(43,200,43)", "road_pixel_count": 1225}}, {"type": "Feature", "geometry": {"type": "Polygon", "coordinates": [[[50.08189569118198, 26.29051469856033], [50.08189569118198, 26.292760476497808], [50.07972763320644, 26.293883365466545], [50.0775595752309, 26.292760476497808], [50.0775595752309, 26.29051469856033], [50.07972763320644, 26.28939180959159], [50.08189569118198, 26.29051469856033]]]}, "properties": {"congestion_score": 0.96, "congestion_level": "free_flow", "color": "rgb(43,200,43)", "road_pixel_count": 344}}, {"type": "Feature", "geometry": {"type": "Polygon", "coordinates": [[[50.09490403903519, 26.29051469856033], [50.09490403903519, 26.292760476497808], [50.09273598105966, 26.293883365466545], [50.09056792308412, 26.292760476497808], [50.09056792308412, 26.29051469856033], [50.09273598105966, 26.28939180959159], [50.09490403903519, 26.29051469856033]]]}, "properties": {"congestion_score": 1.0, "congestion_level": "free_flow", "color": "rgb(43,200,43)", "road_pixel_count": 34}}, {"type": "Feature", "geometry": {"type": "Polygon", "coordinates": [[[50.09924015498627, 26.29051469856033], [50.09924015498627, 26.292760476497808], [50.09707209701073, 26.293883365466545], [50.09490403903519, 26.292760476497808], [50.09490403903519, 26.29051469856033], [50.09707209701073, 26.28939180959159], [50.09924015498627, 26.29051469856033]]]}, "properties": {"congestion_score": 1.0, "congestion_level": "free_flow", "color": "rgb(43,200,43)", "road_pixel_count": 40}}, {"type": "Feature", "geometry": {"type": "Polygon", "coordinates": [[[50.10357627093734, 26.29051469856033], [50.10357627093734, 26.292760476497808], [50.10140821296181, 26.293883365466545], [50.09924015498627, 26.292760476497808], [50.09924015498627, 26.29051469856033], [50.10140821296181, 26.28939180959159], [50.10357627093734, 26.29051469856033]]]}, "properties": {"congestion_score": 1.0, "congestion_level": "free_flow", "color": "rgb(43,200,43)", "road_pixel_count": 1304}}, {"type": "Feature", "geometry": {"type": "Polygon", "coordinates": [[[50.107912386888415, 26.29051469856033], [50.107912386888415, 26.292760476497808], [50.10574432891288, 26.293883365466545], [50.10357627093734, 26.292760476497808], [50.10357627093734, 26.29051469856033], [50.10574432891288, 26.28939180959159], [50.107912386888415, 26.29051469856033]]]}, "properties": {"congestion_score": 1.0, "congestion_level": "free_flow", "color": "rgb(43,200,43)", "road_pixel_count": 794}}, {"type": "Feature", "geometry": {"type": "Polygon", "coordinates": [[[50.112248502839485, 26.29051469856033], [50.112248502839485, 26.292760476497808], [50.110080444863954, 26.293883365466545], [50.107912386888415, 26.292760476497808], [50.107912386888415, 26.29051469856033], [50.110080444863954, 26.28939180959159], [50.112248502839485, 26.29051469856033]]]}, "properties": {"congestion_score": 1.0, "congestion_level": "free_flow", "color": "rgb(43,200,43)", "road_pixel_count": 366}}, {"type": "Feature", "geometry": {"type": "Polygon", "coordinates": [[[50.11658461879056, 26.29051469856033], [50.11658461879056, 26.292760476497808], [50.11441656081502, 26.293883365466545], [50.112248502839485, 26.292760476497808], [50.112248502839485, 26.29051469856033], [50.11441656081502, 26.28939180959159], [50.11658461879056, 26.29051469856033]]]}, "properties": {"congestion_score": 0.894, "congestion_level": "light_congestion", "color": "rgb(255,255,55)", "road_pixel_count": 1344}}, {"type": "Feature", "geometry": {"type": "Polygon", "coordinates": [[[50.12092073474163, 26.29051469856033], [50.12092073474163, 26.292760476497808], [50.1187526767661, 26.293883365466545], [50.11658461879056, 26.292760476497808], [50.11658461879056, 26.29051469856033], [50.1187526767661, 26.28939180959159], [50.12092073474163, 26.29051469856033]]]}, "properties": {"congestion_score": 0.928, "congestion_level": "light_congestion", "color": "rgb(255,255,55)", "road_pixel_count": 1621}}, {"type": "Feature", "geometry": {"type": "Polygon", "coordinates": [[[50.12525685069271, 26.29051469856033], [50.12525685069271, 26.292760476497808], [50.12308879271717, 26.293883365466545], [50.12092073474163, 26.292760476497808], [50.12092073474163, 26.29051469856033], [50.12308879271717, 26.28939180959159], [50.12525685069271, 26.29051469856033]]]}, "properties": {"congestion_score": 0.899, "congestion_level": "light_congestion", "color": "rgb(255,255,55)", "road_pixel_count": 1352}}, {"type": "Feature", "geometry": {"type": "Polygon", "coordinates": [[[50.12959296664378, 26.29051469856033], [50.12959296664378, 26.292760476497808], [50.127424908668246, 26.293883365466545], [50.12525685069271, 26.292760476497808], [50.12525685069271, 26.29051469856033], [50.127424908668246, 26.28939180959159], [50.12959296664378, 26.29051469856033]]]}, "properties": {"congestion_score": 0.84, "congestion_level": "light_congestion", "color": "rgb(255,255,55)", "road_pixel_count": 668}}, {"type": "Feature", "geometry": {"type": "Polygon", "coordinates": [[[50.133929082594854, 26.29051469856033], [50.133929082594854, 26.292760476497808], [50.131761024619315, 26.293883365466545], [50.12959296664378, 26.292760476497808], [50.12959296664378, 26.29051469856033], [50.131761024619315, 26.28939180959159], [50.133929082594854, 26.29051469856033]]]}, "properties": {"congestion_score": 1.0, "congestion_level": "free_flow", "color": "rgb(43,200,43)", "road_pixel_count": 1682}}, {"type": "Feature", "geometry": {"type": "Polygon", "coordinates": [[[50.13826519854592, 26.29051469856033], [50.13826519854592, 26.292760476497808], [50.13609714057039, 26.293883365466545], [50.133929082594854, 26.292760476497808], [50.133929082594854, 26.29051469856033], [50.13609714057039, 26.28939180959159], [50.13826519854592, 26.29051469856033]]]}, "properties": {"congestion_score": 1.0, "congestion_level": "free_flow", "color": "rgb(43,200,43)", "road_pixel_count": 1378}}, {"type": "Feature", "geometry": {"type": "Polygon", "coordinates": [[[50.142601314497, 26.29051469856033], [50.142601314497, 26.292760476497808], [50.14043325652146, 26.293883365466545], [50.13826519854592, 26.292760476497808], [50.13826519854592, 26.29051469856033], [50.14043325652146, 26.28939180959159], [50.142601314497, 26.29051469856033]]]}, "properties": {"congestion_score": 1.0, "congestion_level": "free_flow", "color": "rgb(43,200,43)", "road_pixel_count": 1172}}, {"type": "Feature", "geometry": {"type": "Polygon", "coordinates": [[[50.14693743044807, 26.29051469856033], [50.14693743044807, 26.292760476497808], [50.14476937247254, 26.293883365466545], [50.142601314497, 26.292760476497808], [50.142601314497, 26.29051469856033], [50.14476937247254, 26.28939180959159], [50.14693743044807, 26.29051469856033]]]}, "properties": {"congestion_score": 1.0, "congestion_level": "free_flow", "color": "rgb(43,200,43)", "road_pixel_count": 126}}, {"type": "Feature", "geometry": {"type": "Polygon", "coordinates": [[[50.151273546399146, 26.29051469856033], [50.151273546399146, 26.292760476497808], [50.14910548842361, 26.293883365466545], [50.14693743044807, 26.292760476497808], [50.14693743044807, 26.29051469856033], [50.14910548842361, 26.28939180959159], [50.151273546399146, 26.29051469856033]]]}, "properties": {"congestion_score": 0.859, "congestion_level": "light_congestion", "color": "rgb(255,255,55)", "road_pixel_count": 328}}, {"type": "Feature", "geometry": {"type": "Polygon", "coordinates": [[[50.155609662350216, 26.29051469856033], [50.155609662350216, 26.292760476497808], [50.153441604374684, 26.293883365466545], [50.151273546399146, 26.292760476497808], [50.151273546399146, 26.29051469856033], [50.153441604374684, 26.28939180959159], [50.155609662350216, 26.29051469856033]]]}, "properties": {"congestion_score": 0.924, "congestion_level": "light_congestion", "color": "rgb(255,255,55)", "road_pixel_count": 1661}}, {"type": "Feature", "geometry": {"type": "Polygon", "coordinates": [[[50.15994577830129, 26.29051469856033], [50.15994577830129, 26.292760476497808], [50.157777720325754, 26.293883365466545], [50.155609662350216, 26.292760476497808], [50.155609662350216, 26.29051469856033], [50.157777720325754, 26.28939180959159], [50.15994577830129, 26.29051469856033]]]}, "properties": {"congestion_score": 1.0, "congestion_level": "free_flow", "color": "rgb(43,200,43)", "road_pixel_count": 2070}}, {"type": "Feature", "geometry": {"type": "Polygon", "coordinates": [[[50.16428189425236, 26.29051469856033], [50.16428189425236, 26.292760476497808], [50.16211383627683, 26.293883365466545], [50.15994577830129, 26.292760476497808], [50.15994577830129, 26.29051469856033], [50.16211383627683, 26.28939180959159], [50.16428189425236, 26.29051469856033]]]}, "properties": {"congestion_score": 1.0, "congestion_level": "free_flow", "color": "rgb(43,200,43)", "road_pixel_count": 531}}, {"type": "Feature", "geometry": {"type": "Polygon", "coordinates": [[[50.17295412615451, 26.29051469856033], [50.17295412615451, 26.292760476497808], [50.17078606817898, 26.293883365466545], [50.16861801020344, 26.292760476497808], [50.16861801020344, 26.29051469856033], [50.17078606817898, 26.28939180959159], [50.17295412615451, 26.29051469856033]]]}, "properties": {"congestion_score": 1.0, "congestion_level": "free_flow", "color": "rgb(43,200,43)", "road_pixel_count": 1224}}, {"type": "Feature", "geometry": {"type": "Polygon", "coordinates": [[[50.177290242105585, 26.29051469856033], [50.177290242105585, 26.292760476497808], [50.175122184130046, 26.293883365466545], [50.17295412615451, 26.292760476497808], [50.17295412615451, 26.29051469856033], [50.175122184130046, 26.28939180959159], [50.177290242105585, 26.29051469856033]]]}, "properties": {"congestion_score": 0.985, "congestion_level": "free_flow", "color": "rgb(43,200,43)", "road_pixel_count": 2445}}, {"type": "Feature", "geometry": {"type": "Polygon", "coordinates": [[[50.181626358056654, 26.29051469856033], [50.181626358056654, 26.292760476497808], [50.17945830008112, 26.293883365466545], [50.177290242105585, 26.292760476497808], [50.177290242105585, 26.29051469856033], [50.17945830008112, 26.28939180959159], [50.181626358056654, 26.29051469856033]]]}, "properties": {"congestion_score": 0.942, "congestion_level": "light_congestion", "color": "rgb(255,255,55)", "road_pixel_count": 1989}}, {"type": "Feature", "geometry": {"type": "Polygon", "coordinates": [[[50.18596247400773, 26.29051469856033], [50.18596247400773, 26.292760476497808], [50.18379441603219, 26.293883365466545], [50.181626358056654, 26.292760476497808], [50.181626358056654, 26.29051469856033], [50.18379441603219, 26.28939180959159], [50.18596247400773, 26.29051469856033]]]}, "properties": {"congestion_score": 0.951, "congestion_level": "free_flow", "color": "rgb(43,200,43)", "road_pixel_count": 1889}}, {"type": "Feature", "geometry": {"type": "Polygon", "coordinates": [[[50.1902985899588, 26.29051469856033], [50.1902985899588, 26.292760476497808], [50.18813053198327, 26.293883365466545], [50.18596247400773, 26.292760476497808], [50.18596247400773, 26.29051469856033], [50.18813053198327, 26.28939180959159], [50.1902985899588, 26.29051469856033]]]}, "properties": {"congestion_score": 0.773, "congestion_level": "light_congestion", "color": "rgb(255,255,55)", "road_pixel_count": 2450}}, {"type": "Feature", "geometry": {"type": "Polygon", "coordinates": [[[50.19463470590988, 26.29051469856033], [50.19463470590988, 26.292760476497808], [50.19246664793434, 26.293883365466545], [50.1902985899588, 26.292760476497808], [50.1902985899588, 26.29051469856033], [50.19246664793434, 26.28939180959159], [50.19463470590988, 26.29051469856033]]]}, "properties": {"congestion_score": 0.85, "congestion_level": "light_congestion", "color": "rgb(255,255,55)", "road_pixel_count": 2084}}, {"type": "Feature", "geometry": {"type": "Polygon", "coordinates": [[[50.19897082186095, 26.29051469856033], [50.19897082186095, 26.292760476497808], [50.196802763885415, 26.293883365466545], [50.19463470590988, 26.292760476497808], [50.19463470590988, 26.29051469856033], [50.196802763885415, 26.28939180959159], [50.19897082186095, 26.29051469856033]]]}, "properties": {"congestion_score": 0.94, "congestion_level": "light_congestion", "color": "rgb(255,255,55)", "road_pixel_count": 2571}}, {"type": "Feature", "geometry": {"type": "Polygon", "coordinates": [[[50.20330693781202, 26.29051469856033], [50.20330693781202, 26.292760476497808], [50.201138879836485, 26.293883365466545], [50.19897082186095, 26.292760476497808], [50.19897082186095, 26.29051469856033], [50.201138879836485, 26.28939180959159], [50.20330693781202, 26.29051469856033]]]}, "properties": {"congestion_score": 0.876, "congestion_level": "light_congestion", "color": "rgb(255,255,55)", "road_pixel_count": 1756}}, {"type": "Feature", "geometry": {"type": "Polygon", "coordinates": [[[50.20764305376309, 26.29051469856033], [50.20764305376309, 26.292760476497808], [50.20547499578756, 26.293883365466545], [50.20330693781202, 26.292760476497808], [50.20330693781202, 26.29051469856033], [50.20547499578756, 26.28939180959159], [50.20764305376309, 26.29051469856033]]]}, "properties": {"congestion_score": 0.948, "congestion_level": "light_congestion", "color": "rgb(255,255,55)", "road_pixel_count": 2343}}, {"type": "Feature", "geometry": {"type": "Polygon", "coordinates": [[[50.21197916971417, 26.29051469856033], [50.21197916971417, 26.292760476497808], [50.20981111173863, 26.293883365466545], [50.20764305376309, 26.292760476497808], [50.20764305376309, 26.29051469856033], [50.20981111173863, 26.28939180959159], [50.21197916971417, 26.29051469856033]]]}, "properties": {"congestion_score": 0.988, "congestion_level": "free_flow", "color": "rgb(43,200,43)", "road_pixel_count": 2268}}, {"type": "Feature", "geometry": {"type": "Polygon", "coordinates": [[[50.21631528566524, 26.29051469856033], [50.21631528566524, 26.292760476497808], [50.21414722768971, 26.293883365466545], [50.21197916971417, 26.292760476497808], [50.21197916971417, 26.29051469856033], [50.21414722768971, 26.28939180959159], [50.21631528566524, 26.29051469856033]]]}, "properties": {"congestion_score": 0.994, "congestion_level": "free_flow", "color": "rgb(43,200,43)", "road_pixel_count": 2465}}, {"type": "Feature", "geometry": {"type": "Polygon", "coordinates": [[[50.220651401616315, 26.29051469856033], [50.220651401616315, 26.292760476497808], [50.21848334364078, 26.293883365466545], [50.21631528566524, 26.292760476497808], [50.21631528566524, 26.29051469856033], [50.21848334364078, 26.28939180959159], [50.220651401616315, 26.29051469856033]]]}, "properties": {"congestion_score": 0.993, "congestion_level": "free_flow", "color": "rgb(43,200,43)", "road_pixel_count": 3119}}, {"type": "Feature", "geometry": {"type": "Polygon", "coordinates": [[[50.224987517567385, 26.29051469856033], [50.224987517567385, 26.292760476497808], [50.222819459591854, 26.293883365466545], [50.220651401616315, 26.292760476497808], [50.220651401616315, 26.29051469856033], [50.222819459591854, 26.28939180959159], [50.224987517567385, 26.29051469856033]]]}, "properties": {"congestion_score": 1.0, "congestion_level": "free_flow", "color": "rgb(43,200,43)", "road_pixel_count": 538}}, {"type": "Feature", "geometry": {"type": "Polygon", "coordinates": [[[50.07972763320644, 26.293883365466545], [50.07972763320644, 26.296129143404023], [50.0775595752309, 26.29725203237276], [50.07539151725537, 26.296129143404023], [50.07539151725537, 26.293883365466545], [50.0775595752309, 26.292760476497808], [50.07972763320644, 26.293883365466545]]]}, "properties": {"congestion_score": 0.97, "congestion_level": "free_flow", "color": "rgb(43,200,43)", "road_pixel_count": 625}}, {"type": "Feature", "geometry": {"type": "Polygon", "coordinates": [[[50.084063749157515, 26.293883365466545], [50.084063749157515, 26.296129143404023], [50.08189569118198, 26.29725203237276], [50.07972763320644, 26.296129143404023], [50.07972763320644, 26.293883365466545], [50.08189569118198, 26.292760476497808], [50.084063749157515, 26.293883365466545]]]}, "properties": {"congestion_score": 0.853, "congestion_level": "light_congestion", "color": "rgb(255,255,55)", "road_pixel_count": 1125}}, {"type": "Feature", "geometry": {"type": "Polygon", "coordinates": [[[50.088399865108585, 26.293883365466545], [50.088399865108585, 26.296129143404023], [50.086231807133046, 26.29725203237276], [50.084063749157515, 26.296129143404023], [50.084063749157515, 26.293883365466545], [50.086231807133046, 26.292760476497808], [50.088399865108585, 26.293883365466545]]]}, "properties": {"congestion_score": 1.0, "congestion_level": "free_flow", "color": "rgb(43,200,43)", "road_pixel_count": 376}}, {"type": "Feature", "geometry": {"type": "Polygon", "coordinates": [[[50.09273598105966, 26.293883365466545], [50.09273598105966, 26.296129143404023], [50.09056792308412, 26.29725203237276], [50.088399865108585, 26.296129143404023], [50.088399865108585, 26.293883365466545], [50.09056792308412, 26.292760476497808], [50.09273598105966, 26.293883365466545]]]}, "properties": {"congestion_score": 1.0, "congestion_level": "free_flow", "color": "rgb(43,200,43)", "road_pixel_count": 528}}, {"type": "Feature", "geometry": {"type": "Polygon", "coordinates": [[[50.09707209701073, 26.293883365466545], [50.09707209701073, 26.296129143404023], [50.09490403903519, 26.29725203237276], [50.09273598105966, 26.296129143404023], [50.09273598105966, 26.293883365466545], [50.09490403903519, 26.292760476497808], [50.09707209701073, 26.293883365466545]]]}, "properties": {"congestion_score": 1.0, "congestion_level": "free_flow", "color": "rgb(43,200,43)", "road_pixel_count": 753}}, {"type": "Feature", "geometry": {"type": "Polygon", "coordinates": [[[50.10140821296181, 26.293883365466545], [50.10140821296181, 26.296129143404023], [50.09924015498627, 26.29725203237276], [50.09707209701073, 26.296129143404023], [50.09707209701073, 26.293883365466545], [50.09924015498627, 26.292760476497808], [50.10140821296181, 26.293883365466545]]]}, "properties": {"congestion_score": 0.965, "congestion_level": "free_flow", "color": "rgb(43,200,43)", "road_pixel_count": 1404}}, {"type": "Feature", "geometry": {"type": "Polygon", "coordinates": [[[50.10574432891288, 26.293883365466545], [50.10574432891288, 26.296129143404023], [50.10357627093734, 26.29725203237276], [50.10140821296181, 26.296129143404023], [50.10140821296181, 26.293883365466545], [50.10357627093734, 26.292760476497808], [50.10574432891288, 26.293883365466545]]]}, "properties": {"congestion_score": 0.985, "congestion_level": "free_flow", "color": "rgb(43,200,43)", "road_pixel_count": 684}}, {"type": "Feature", "geometry": {"type": "Polygon", "coordinates": [[[50.110080444863954, 26.293883365466545], [50.110080444863954, 26.296129143404023], [50.107912386888415, 26.29725203237276], [50.10574432891288, 26.296129143404023], [50.10574432891288, 26.293883365466545], [50.107912386888415, 26.292760476497808], [50.110080444863954, 26.293883365466545]]]}, "properties": {"congestion_score": 0.939, "congestion_level": "light_congestion", "color": "rgb(255,255,55)", "road_pixel_count": 1592}}, {"type": "Feature", "geometry": {"type": "Polygon", "coordinates": [[[50.11441656081502, 26.293883365466545], [50.11441656081502, 26.296129143404023], [50.112248502839485, 26.29725203237276], [50.110080444863954, 26.296129143404023], [50.110080444863954, 26.293883365466545], [50.112248502839485, 26.292760476497808], [50.11441656081502, 26.293883365466545]]]}, "properties": {"congestion_score": 0.899, "congestion_level": "light_congestion", "color": "rgb(255,255,55)", "road_pixel_count": 1083}}, {"type": "Feature", "geometry": {"type": "Polygon", "coordinates": [[[50.127424908668246, 26.293883365466545], [50.127424908668246, 26.296129143404023], [50.12525685069271, 26.29725203237276], [50.12308879271717, 26.296129143404023], [50.12308879271717, 26.293883365466545], [50.12525685069271, 26.292760476497808], [50.127424908668246, 26.293883365466545]]]}, "properties": {"congestion_score": 1.0, "congestion_level": "free_flow", "color": "rgb(43,200,43)", "road_pixel_count": 372}}, {"type": "Feature", "geometry": {"type": "Polygon", "coordinates": [[[50.131761024619315, 26.293883365466545], [50.131761024619315, 26.296129143404023], [50.12959296664378, 26.29725203237276], [50.127424908668246, 26.296129143404023], [50.127424908668246, 26.293883365466545], [50.12959296664378, 26.292760476497808], [50.131761024619315, 26.293883365466545]]]}, "properties": {"congestion_score": 0.92, "congestion_level": "light_congestion", "color": "rgb(255,255,55)", "road_pixel_count": 1963}}, {"type": "Feature", "geometry": {"type": "Polygon", "coordinates": [[[50.13609714057039, 26.293883365466545], [50.13609714057039, 26.296129143404023], [50.133929082594854, 26.29725203237276], [50.131761024619315, 26.296129143404023], [50.131761024619315, 26.293883365466545], [50.133929082594854, 26.292760476497808], [50.13609714057039, 26.293883365466545]]]}, "properties": {"congestion_score": 0.882, "congestion_level": "light_congestion", "color": "rgb(255,255,55)", "road_pixel_count": 901}}, {"type": "Feature", "geometry": {"type": "Polygon", "coordinates": [[[50.14043325652146, 26.293883365466545], [50.14043325652146, 26.296129143404023], [50.13826519854592, 26.29725203237276], [50.13609714057039, 26.296129143404023], [50.13609714057039, 26.293883365466545], [50.13826519854592, 26.292760476497808], [50.14043325652146, 26.293883365466545]]]}, "properties": {"congestion_score": 1.0, "congestion_level": "free_flow", "color": "rgb(43,200,43)", "road_pixel_count": 1042}}, {"type": "Feature", "geometry": {"type": "Polygon", "coordinates": [[[50.153441604374684, 26.293883365466545], [50.153441604374684, 26.296129143404023], [50.151273546399146, 26.29725203237276], [50.14910548842361, 26.296129143404023], [50.14910548842361, 26.293883365466545], [50.151273546399146, 26.292760476497808], [50.153441604374684, 26.293883365466545]]]}, "properties": {"congestion_score": 0.932, "congestion_level": "light_congestion", "color": "rgb(255,255,55)", "road_pixel_count": 38}}, {"type": "Feature", "geometry": {"type": "Polygon", "coordinates": [[[50.157777720325754, 26.293883365466545], [50.157777720325754, 26.296129143404023], [50.155609662350216, 26.29725203237276], [50.153441604374684, 26.296129143404023], [50.153441604374684, 26.293883365466545], [50.155609662350216, 26.292760476497808], [50.157777720325754, 26.293883365466545]]]}, "properties": {"congestion_score": 1.0, "congestion_level": "free_flow", "color": "rgb(43,200,43)", "road_pixel_count": 30}}, {"type": "Feature", "geometry": {"type": "Polygon", "coordinates": [[[50.16211383627683, 26.293883365466545], [50.16211383627683, 26.296129143404023], [50.15994577830129, 26.29725203237276], [50.157777720325754, 26.296129143404023], [50.157777720325754, 26.293883365466545], [50.15994577830129, 26.292760476497808], [50.16211383627683, 26.293883365466545]]]}, "properties": {"congestion_score": 1.0, "congestion_level": "free_flow", "color": "rgb(43,200,43)", "road_pixel_count": 1441}}, {"type": "Feature", "geometry": {"type": "Polygon", "coordinates": [[[50.1664499522279, 26.293883365466545], [50.1664499522279, 26.296129143404023], [50.16428189425236, 26.29725203237276], [50.16211383627683, 26.296129143404023], [50.16211383627683, 26.293883365466545], [50.16428189425236, 26.292760476497808], [50.1664499522279, 26.293883365466545]]]}, "properties": {"congestion_score": 1.0, "congestion_level": "free_flow", "color": "rgb(43,200,43)", "road_pixel_count": 1877}}, {"type": "Feature", "geometry": {"type": "Polygon", "coordinates": [[[50.17078606817898, 26.293883365466545], [50.17078606817898, 26.296129143404023], [50.16861801020344, 26.29725203237276], [50.1664499522279, 26.296129143404023], [50.1664499522279, 26.293883365466545], [50.16861801020344, 26.292760476497808], [50.17078606817898, 26.293883365466545]]]}, "properties": {"congestion_score": 1.0, "congestion_level": "free_flow", "color": "rgb(43,200,43)", "road_pixel_count": 2539}}, {"type": "Feature", "geometry": {"type": "Polygon", "coordinates": [[[50.175122184130046, 26.293883365466545], [50.175122184130046, 26.296129143404023], [50.17295412615451, 26.29725203237276], [50.17078606817898, 26.296129143404023], [50.17078606817898, 26.293883365466545], [50.17295412615451, 26.292760476497808], [50.175122184130046, 26.293883365466545]]]}, "properties": {"congestion_score": 0.998, "congestion_level": "free_flow", "color": "rgb(43,200,43)", "road_pixel_count": 2606}}, {"type": "Feature", "geometry": {"type": "Polygon", "coordinates": [[[50.17945830008112, 26.293883365466545], [50.17945830008112, 26.296129143404023], [50.177290242105585, 26.29725203237276], [50.175122184130046, 26.296129143404023], [50.175122184130046, 26.293883365466545], [50.177290242105585, 26.292760476497808], [50.17945830008112, 26.293883365466545]]]}, "properties": {"congestion_score": 0.96, "congestion_level": "free_flow", "color": "rgb(43,200,43)", "road_pixel_count": 2312}}, {"type": "Feature", "geometry": {"type": "Polygon", "coordinates": [[[50.18379441603219, 26.293883365466545], [50.18379441603219, 26.296129143404023], [50.181626358056654, 26.29725203237276], [50.17945830008112, 26.296129143404023], [50.17945830008112, 26.293883365466545], [50.181626358056654, 26.292760476497808], [50.18379441603219, 26.293883365466545]]]}, "properties": {"congestion_score": 0.998, "congestion_level": "free_flow", "color": "rgb(43,200,43)", "road_pixel_count": 2063}}, {"type": "Feature", "geometry": {"type": "Polygon", "coordinates": [[[50.18813053198327, 26.293883365466545], [50.18813053198327, 26.296129143404023], [50.18596247400773, 26.29725203237276], [50.18379441603219, 26.296129143404023], [50.18379441603219, 26.293883365466545], [50.18596247400773, 26.292760476497808], [50.18813053198327, 26.293883365466545]]]}, "properties": {"congestion_score": 0.852, "congestion_level": "light_congestion", "color": "rgb(255,255,55)", "road_pixel_count": 1856}}, {"type": "Feature", "geometry": {"type": "Polygon", "coordinates": [[[50.19246664793434, 26.293883365466545], [50.19246664793434, 26.296129143404023], [50.1902985899588, 26.29725203237276], [50.18813053198327, 26.296129143404023], [50.18813053198327, 26.293883365466545], [50.1902985899588, 26.292760476497808], [50.19246664793434, 26.293883365466545]]]}, "properties": {"congestion_score": 0.993, "congestion_level": "free_flow", "color": "rgb(43,200,43)", "road_pixel_count": 1965}}, {"type": "Feature", "geometry": {"type": "Polygon", "coordinates": [[[50.196802763885415, 26.293883365466545], [50.196802763885415, 26.296129143404023], [50.19463470590988, 26.29725203237276], [50.19246664793434, 26.296129143404023], [50.19246664793434, 26.293883365466545], [50.19463470590988, 26.292760476497808], [50.196802763885415, 26.293883365466545]]]}, "properties": {"congestion_score": 0.997, "congestion_level": "free_flow", "color": "rgb(43,200,43)", "road_pixel_count": 2422}}, {"type": "Feature", "geometry": {"type": "Polygon", "coordinates": [[[50.201138879836485, 26.293883365466545], [50.201138879836485, 26.296129143404023], [50.19897082186095, 26.29725203237276], [50.196802763885415, 26.296129143404023], [50.196802763885415, 26.293883365466545], [50.19897082186095, 26.292760476497808], [50.201138879836485, 26.293883365466545]]]}, "properties": {"congestion_score": 0.949, "congestion_level": "light_congestion", "color": "rgb(255,255,55)", "road_pixel_count": 2357}}, {"type": "Feature", "geometry": {"type": "Polygon", "coordinates": [[[50.20547499578756, 26.293883365466545], [50.20547499578756, 26.296129143404023], [50.20330693781202, 26.29725203237276], [50.201138879836485, 26.296129143404023], [50.201138879836485, 26.293883365466545], [50.20330693781202, 26.292760476497808], [50.20547499578756, 26.293883365466545]]]}, "properties": {"congestion_score": 0.854, "congestion_level": "light_congestion", "color": "rgb(255,255,55)", "road_pixel_count": 1995}}, {"type": "Feature", "geometry": {"type": "Polygon", "coordinates": [[[50.20981111173863, 26.293883365466545], [50.20981111173863, 26.296129143404023], [50.20764305376309, 26.29725203237276], [50.20547499578756, 26.296129143404023], [50.20547499578756, 26.293883365466545], [50.20764305376309, 26.292760476497808], [50.20981111173863, 26.293883365466545]]]}, "properties": {"congestion_score": 0.842, "congestion_level": "light_congestion", "color": "rgb(255,255,55)", "road_pixel_count": 2382}}, {"type": "Feature", "geometry": {"type": "Polygon", "coordinates": [[[50.21414722768971, 26.293883365466545], [50.21414722768971, 26.296129143404023], [50.21197916971417, 26.29725203237276], [50.20981111173863, 26.296129143404023], [50.20981111173863, 26.293883365466545], [50.21197916971417, 26.292760476497808], [50.21414722768971, 26.293883365466545]]]}, "properties": {"congestion_score": 0.989, "congestion_level": "free_flow", "color": "rgb(43,200,43)", "road_pixel_count": 2248}}, {"type": "Feature", "geometry": {"type": "Polygon", "coordinates": [[[50.21848334364078, 26.293883365466545], [50.21848334364078, 26.296129143404023], [50.21631528566524, 26.29725203237276], [50.21414722768971, 26.296129143404023], [50.21414722768971, 26.293883365466545], [50.21631528566524, 26.292760476497808], [50.21848334364078, 26.293883365466545]]]}, "properties": {"congestion_score": 0.96, "congestion_level": "free_flow", "color": "rgb(43,200,43)", "road_pixel_count": 2801}}, {"type": "Feature", "geometry": {"type": "Polygon", "coordinates": [[[50.222819459591854, 26.293883365466545], [50.222819459591854, 26.296129143404023], [50.220651401616315, 26.29725203237276], [50.21848334364078, 26.296129143404023], [50.21848334364078, 26.293883365466545], [50.220651401616315, 26.292760476497808], [50.222819459591854, 26.293883365466545]]]}, "properties": {"congestion_score": 0.996, "congestion_level": "free_flow", "color": "rgb(43,200,43)", "road_pixel_count": 2937}}, {"type": "Feature", "geometry": {"type": "Polygon", "coordinates": [[[50.086231807133046, 26.29725203237276], [50.086231807133046, 26.29949781031024], [50.084063749157515, 26.300620699278976], [50.08189569118198, 26.29949781031024], [50.08189569118198, 26.29725203237276], [50.084063749157515, 26.296129143404023], [50.086231807133046, 26.29725203237276]]]}, "properties": {"congestion_score": 0.731, "congestion_level": "light_congestion", "color": "rgb(255,255,55)", "road_pixel_count": 1468}}, {"type": "Feature", "geometry": {"type": "Polygon", "coordinates": [[[50.09056792308412, 26.29725203237276], [50.09056792308412, 26.29949781031024], [50.088399865108585, 26.300620699278976], [50.086231807133046, 26.29949781031024], [50.086231807133046, 26.29725203237276], [50.088399865108585, 26.296129143404023], [50.09056792308412, 26.29725203237276]]]}, "properties": {"congestion_score": 0.775, "congestion_level": "light_congestion", "color": "rgb(255,255,55)", "road_pixel_count": 65}}, {"type": "Feature", "geometry": {"type": "Polygon", "coordinates": [[[50.09490403903519, 26.29725203237276], [50.09490403903519, 26.29949781031024], [50.09273598105966, 26.300620699278976], [50.09056792308412, 26.29949781031024], [50.09056792308412, 26.29725203237276], [50.09273598105966, 26.296129143404023], [50.09490403903519, 26.29725203237276]]]}, "properties": {"congestion_score": 1.0, "congestion_level": "free_flow", "color": "rgb(43,200,43)", "road_pixel_count": 440}}, {"type": "Feature", "geometry": {"type": "Polygon", "coordinates": [[[50.09924015498627, 26.29725203237276], [50.09924015498627, 26.29949781031024], [50.09707209701073, 26.300620699278976], [50.09490403903519, 26.29949781031024], [50.09490403903519, 26.29725203237276], [50.09707209701073, 26.296129143404023], [50.09924015498627, 26.29725203237276]]]}, "properties": {"congestion_score": 1.0, "congestion_level": "free_flow", "color": "rgb(43,200,43)", "road_pixel_count": 448}}, {"type": "Feature", "geometry": {"type": "Polygon", "coordinates": [[[50.10357627093734, 26.29725203237276], [50.10357627093734, 26.29949781031024], [50.10140821296181, 26.300620699278976], [50.09924015498627, 26.29949781031024], [50.09924015498627, 26.29725203237276], [50.10140821296181, 26.296129143404023], [50.10357627093734, 26.29725203237276]]]}, "properties": {"congestion_score": 0.882, "congestion_level": "light_congestion", "color": "rgb(255,255,55)", "road_pixel_count": 600}}, {"type": "Feature", "geometry": {"type": "Polygon", "coordinates": [[[50.107912386888415, 26.29725203237276], [50.107912386888415, 26.29949781031024], [50.10574432891288, 26.300620699278976], [50.10357627093734, 26.29949781031024], [50.10357627093734, 26.29725203237276], [50.10574432891288, 26.296129143404023], [50.107912386888415, 26.29725203237276]]]}, "properties": {"congestion_score": 1.0, "congestion_level": "free_flow", "color": "rgb(43,200,43)", "road_pixel_count": 343}}, {"type": "Feature", "geometry": {"type": "Polygon", "coordinates": [[[50.112248502839485, 26.29725203237276], [50.112248502839485, 26.29949781031024], [50.110080444863954, 26.300620699278976], [50.107912386888415, 26.29949781031024], [50.107912386888415, 26.29725203237276], [50.110080444863954, 26.296129143404023], [50.112248502839485, 26.29725203237276]]]}, "properties": {"congestion_score": 0.986, "congestion_level": "free_flow", "color": "rgb(43,200,43)", "road_pixel_count": 688}}, {"type": "Feature", "geometry": {"type": "Polygon", "coordinates": [[[50.12959296664378, 26.29725203237276], [50.12959296664378, 26.29949781031024], [50.127424908668246, 26.300620699278976], [50.12525685069271, 26.29949781031024], [50.12525685069271, 26.29725203237276], [50.127424908668246, 26.296129143404023], [50.12959296664378, 26.29725203237276]]]}, "properties": {"congestion_score": 0.907, "congestion_level": "light_congestion", "color": "rgb(255,255,55)", "road_pixel_count": 1036}}, {"type": "Feature", "geometry": {"type": "Polygon", "coordinates": [[[50.133929082594854, 26.29725203237276], [50.133929082594854, 26.29949781031024], [50.131761024619315, 26.300620699278976], [50.12959296664378, 26.29949781031024], [50.12959296664378, 26.29725203237276], [50.131761024619315, 26.296129143404023], [50.133929082594854, 26.29725203237276]]]}, "properties": {"congestion_score": 0.937, "congestion_level": "light_congestion", "color": "rgb(255,255,55)", "road_pixel_count": 1105}}, {"type": "Feature", "geometry": {"type": "Polygon", "coordinates": [[[50.13826519854592, 26.29725203237276], [50.13826519854592, 26.29949781031024], [50.13609714057039, 26.300620699278976], [50.133929082594854, 26.29949781031024], [50.133929082594854, 26.29725203237276], [50.13609714057039, 26.296129143404023], [50.13826519854592, 26.29725203237276]]]}, "properties": {"congestion_score": 0.989, "congestion_level": "free_flow", "color": "rgb(43,200,43)", "road_pixel_count": 896}}, {"type": "Feature", "geometry": {"type": "Polygon", "coordinates": [[[50.151273546399146, 26.29725203237276], [50.151273546399146, 26.29949781031024], [50.14910548842361, 26.300620699278976], [50.14693743044807, 26.29949781031024], [50.14693743044807, 26.29725203237276], [50.14910548842361, 26.296129143404023], [50.151273546399146, 26.29725203237276]]]}, "properties": {"congestion_score": 1.0, "congestion_level": "free_flow", "color": "rgb(43,200,43)", "road_pixel_count": 900}}, {"type": "Feature", "geometry": {"type": "Polygon", "coordinates": [[[50.155609662350216, 26.29725203237276], [50.155609662350216, 26.29949781031024], [50.153441604374684, 26.300620699278976], [50.151273546399146, 26.29949781031024], [50.151273546399146, 26.29725203237276], [50.153441604374684, 26.296129143404023], [50.155609662350216, 26.29725203237276]]]}, "properties": {"congestion_score": 0.974, "congestion_level": "free_flow", "color": "rgb(43,200,43)", "road_pixel_count": 1380}}, {"type": "Feature", "geometry": {"type": "Polygon", "coordinates": [[[50.15994577830129, 26.29725203237276], [50.15994577830129, 26.29949781031024], [50.157777720325754, 26.300620699278976], [50.155609662350216, 26.29949781031024], [50.155609662350216, 26.29725203237276], [50.157777720325754, 26.296129143404023], [50.15994577830129, 26.29725203237276]]]}, "properties": {"congestion_score": 0.995, "congestion_level": "free_flow", "color": "rgb(43,200,43)", "road_pixel_count": 872}}, {"type": "Feature", "geometry": {"type": "Polygon", "coordinates": [[[50.16428189425236, 26.29725203237276], [50.16428189425236, 26.29949781031024], [50.16211383627683, 26.300620699278976], [50.15994577830129, 26.29949781031024], [50.15994577830129, 26.29725203237276], [50.16211383627683, 26.296129143404023], [50.16428189425236, 26.29725203237276]]]}, "properties": {"congestion_score": 0.998, "congestion_level": "free_flow", "color": "rgb(43,200,43)", "road_pixel_count": 2352}}, {"type": "Feature", "geometry": {"type": "Polygon", "coordinates": [[[50.16861801020344, 26.29725203237276], [50.16861801020344, 26.29949781031024], [50.1664499522279, 26.300620699278976], [50.16428189425236, 26.29949781031024], [50.16428189425236, 26.29725203237276], [50.1664499522279, 26.296129143404023], [50.16861801020344, 26.29725203237276]]]}, "properties": {"congestion_score": 1.0, "congestion_level": "free_flow", "color": "rgb(43,200,43)", "road_pixel_count": 3343}}, {"type": "Feature", "geometry": {"type": "Polygon", "coordinates": [[[50.17295412615451, 26.29725203237276], [50.17295412615451, 26.29949781031024], [50.17078606817898, 26.300620699278976], [50.16861801020344, 26.29949781031024], [50.16861801020344, 26.29725203237276], [50.17078606817898, 26.296129143404023], [50.17295412615451, 26.29725203237276]]]}, "properties": {"congestion_score": 0.995, "congestion_level": "free_flow", "color": "rgb(43,200,43)", "road_pixel_count": 1902}}, {"type": "Feature", "geometry": {"type": "Polygon", "coordinates": [[[50.177290242105585, 26.29725203237276], [50.177290242105585, 26.29949781031024], [50.175122184130046, 26.300620699278976], [50.17295412615451, 26.29949781031024], [50.17295412615451, 26.29725203237276], [50.175122184130046, 26.296129143404023], [50.177290242105585, 26.29725203237276]]]}, "properties": {"congestion_score": 0.976, "congestion_level": "free_flow", "color": "rgb(43,200,43)", "road_pixel_count": 2252}}, {"type": "Feature", "geometry": {"type": "Polygon", "coordinates": [[[50.181626358056654, 26.29725203237276], [50.181626358056654, 26.29949781031024], [50.17945830008112, 26.300620699278976], [50.177290242105585, 26.29949781031024], [50.177290242105585, 26.29725203237276], [50.17945830008112, 26.296129143404023], [50.181626358056654, 26.29725203237276]]]}, "properties": {"congestion_score": 0.999, "congestion_level": "free_flow", "color": "rgb(43,200,43)", "road_pixel_count": 2478}}, {"type": "Feature", "geometry": {"type": "Polygon", "coordinates": [[[50.18596247400773, 26.29725203237276], [50.18596247400773, 26.29949781031024], [50.18379441603219, 26.300620699278976], [50.181626358056654, 26.29949781031024], [50.181626358056654, 26.29725203237276], [50.18379441603219, 26.296129143404023], [50.18596247400773, 26.29725203237276]]]}, "properties": {"congestion_score": 0.871, "congestion_level": "light_congestion", "color": "rgb(255,255,55)", "road_pixel_count": 2541}}, {"type": "Feature", "geometry": {"type": "Polygon", "coordinates": [[[50.1902985899588, 26.29725203237276], [50.1902985899588, 26.29949781031024], [50.18813053198327, 26.300620699278976], [50.18596247400773, 26.29949781031024], [50.18596247400773, 26.29725203237276], [50.18813053198327, 26.296129143404023], [50.1902985899588, 26.29725203237276]]]}, "properties": {"congestion_score": 0.945, "congestion_level": "light_congestion", "color": "rgb(255,255,55)", "road_pixel_count": 2481}}, {"type": "Feature", "geometry": {"type": "Polygon", "coordinates": [[[50.19463470590988, 26.29725203237276], [50.19463470590988, 26.29949781031024], [50.19246664793434, 26.300620699278976], [50.1902985899588, 26.29949781031024], [50.1902985899588, 26.29725203237276], [50.19246664793434, 26.296129143404023], [50.19463470590988, 26.29725203237276]]]}, "properties": {"congestion_score": 0.979, "congestion_level": "free_flow", "color": "rgb(43,200,43)", "road_pixel_count": 2242}}, {"type": "Feature", "geometry": {"type": "Polygon", "coordinates": [[[50.19897082186095, 26.29725203237276], [50.19897082186095, 26.29949781031024], [50.196802763885415, 26.300620699278976], [50.19463470590988, 26.29949781031024], [50.19463470590988, 26.29725203237276], [50.196802763885415, 26.296129143404023], [50.19897082186095, 26.29725203237276]]]}, "properties": {"congestion_score": 0.991, "congestion_level": "free_flow", "color": "rgb(43,200,43)", "road_pixel_count": 1669}}, {"type": "Feature", "geometry": {"type": "Polygon", "coordinates": [[[50.20330693781202, 26.29725203237276], [50.20330693781202, 26.29949781031024], [50.201138879836485, 26.300620699278976], [50.19897082186095, 26.29949781031024], [50.19897082186095, 26.29725203237276], [50.201138879836485, 26.296129143404023], [50.20330693781202, 26.29725203237276]]]}, "properties": {"congestion_score": 0.946, "congestion_level": "light_congestion", "color": "rgb(255,255,55)", "road_pixel_count": 2293}}, {"type": "Feature", "geometry": {"type": "Polygon", "coordinates": [[[50.20764305376309, 26.29725203237276], [50.20764305376309, 26.29949781031024], [50.20547499578756, 26.300620699278976], [50.20330693781202, 26.29949781031024], [50.20330693781202, 26.29725203237276], [50.20547499578756, 26.296129143404023], [50.20764305376309, 26.29725203237276]]]}, "properties": {"congestion_score": 0.856, "congestion_level": "light_congestion", "color": "rgb(255,255,55)", "road_pixel_count": 2076}}, {"type": "Feature", "geometry": {"type": "Polygon", "coordinates": [[[50.21197916971417, 26.29725203237276], [50.21197916971417, 26.29949781031024], [50.20981111173863, 26.300620699278976], [50.20764305376309, 26.29949781031024], [50.20764305376309, 26.29725203237276], [50.20981111173863, 26.296129143404023], [50.21197916971417, 26.29725203237276]]]}, "properties": {"congestion_score": 0.893, "congestion_level": "light_congestion", "color": "rgb(255,255,55)", "road_pixel_count": 3203}}, {"type": "Feature", "geometry": {"type": "Polygon", "coordinates": [[[50.21631528566524, 26.29725203237276], [50.21631528566524, 26.29949781031024], [50.21414722768971, 26.300620699278976], [50.21197916971417, 26.29949781031024], [50.21197916971417, 26.29725203237276], [50.21414722768971, 26.296129143404023], [50.21631528566524, 26.29725203237276]]]}, "properties": {"congestion_score": 0.932, "congestion_level": "light_congestion", "color": "rgb(255,255,55)", "road_pixel_count": 2547}}, {"type": "Feature", "geometry": {"type": "Polygon", "coordinates": [[[50.220651401616315, 26.29725203237276], [50.220651401616315, 26.29949781031024], [50.21848334364078, 26.300620699278976], [50.21631528566524, 26.29949781031024], [50.21631528566524, 26.29725203237276], [50.21848334364078, 26.296129143404023], [50.220651401616315, 26.29725203237276]]]}, "properties": {"congestion_score": 0.993, "congestion_level": "free_flow", "color": "rgb(43,200,43)", "road_pixel_count": 3002}}, {"type": "Feature", "geometry": {"type": "Polygon", "coordinates": [[[50.224987517567385, 26.29725203237276], [50.224987517567385, 26.29949781031024], [50.222819459591854, 26.300620699278976], [50.220651401616315, 26.29949781031024], [50.220651401616315, 26.29725203237276], [50.222819459591854, 26.296129143404023], [50.224987517567385, 26.29725203237276]]]}, "properties": {"congestion_score": 0.998, "congestion_level": "free_flow", "color": "rgb(43,200,43)", "road_pixel_count": 1955}}, {"type": "Feature", "geometry": {"type": "Polygon", "coordinates": [[[50.22932363351846, 26.29725203237276], [50.22932363351846, 26.29949781031024], [50.22715557554292, 26.300620699278976], [50.224987517567385, 26.29949781031024], [50.224987517567385, 26.29725203237276], [50.22715557554292, 26.296129143404023], [50.22932363351846, 26.29725203237276]]]}, "properties": {"congestion_score": 1.0, "congestion_level": "free_flow", "color": "rgb(43,200,43)", "road_pixel_count": 380}}, {"type": "Feature", "geometry": {"type": "Polygon", "coordinates": [[[50.088399865108585, 26.300620699278976], [50.088399865108585, 26.302866477216455], [50.086231807133046, 26.303989366185196], [50.084063749157515, 26.302866477216455], [50.084063749157515, 26.300620699278976], [50.086231807133046, 26.29949781031024], [50.088399865108585, 26.300620699278976]]]}, "properties": {"congestion_score": 0.818, "congestion_level": "light_congestion", "color": "rgb(255,255,55)", "road_pixel_count": 1039}}, {"type": "Feature", "geometry": {"type": "Polygon", "coordinates": [[[50.09273598105966, 26.300620699278976], [50.09273598105966, 26.302866477216455], [50.09056792308412, 26.303989366185196], [50.088399865108585, 26.302866477216455], [50.088399865108585, 26.300620699278976], [50.09056792308412, 26.29949781031024], [50.09273598105966, 26.300620699278976]]]}, "properties": {"congestion_score": 0.775, "congestion_level": "light_congestion", "color": "rgb(255,255,55)", "road_pixel_count": 338}}, {"type": "Feature", "geometry": {"type": "Polygon", "coordinates": [[[50.09707209701073, 26.300620699278976], [50.09707209701073, 26.302866477216455], [50.09490403903519, 26.303989366185196], [50.09273598105966, 26.302866477216455], [50.09273598105966, 26.300620699278976], [50.09490403903519, 26.29949781031024], [50.09707209701073, 26.300620699278976]]]}, "properties": {"congestion_score": 1.0, "congestion_level": "free_flow", "color": "rgb(43,200,43)", "road_pixel_count": 1201}}, {"type": "Feature", "geometry": {"type": "Polygon", "coordinates": [[[50.10140821296181, 26.300620699278976], [50.10140821296181, 26.302866477216455], [50.09924015498627, 26.303989366185196], [50.09707209701073, 26.302866477216455], [50.09707209701073, 26.300620699278976], [50.09924015498627, 26.29949781031024], [50.10140821296181, 26.300620699278976]]]}, "properties": {"congestion_score": 1.0, "congestion_level": "free_flow", "color": "rgb(43,200,43)", "road_pixel_count": 294}}, {"type": "Feature", "geometry": {"type": "Polygon", "coordinates": [[[50.10574432891288, 26.300620699278976], [50.10574432891288, 26.302866477216455], [50.10357627093734, 26.303989366185196], [50.10140821296181, 26.302866477216455], [50.10140821296181, 26.300620699278976], [50.10357627093734, 26.29949781031024], [50.10574432891288, 26.300620699278976]]]}, "properties": {"congestion_score": 0.921, "congestion_level": "light_congestion", "color": "rgb(255,255,55)", "road_pixel_count": 832}}, {"type": "Feature", "geometry": {"type": "Polygon", "coordinates": [[[50.110080444863954, 26.300620699278976], [50.110080444863954, 26.302866477216455], [50.107912386888415, 26.303989366185196], [50.10574432891288, 26.302866477216455], [50.10574432891288, 26.300620699278976], [50.107912386888415, 26.29949781031024], [50.110080444863954, 26.300620699278976]]]}, "properties": {"congestion_score": 0.997, "congestion_level": "free_flow", "color": "rgb(43,200,43)", "road_pixel_count": 1628}}, {"type": "Feature", "geometry": {"type": "Polygon", "coordinates": [[[50.11441656081502, 26.300620699278976], [50.11441656081502, 26.302866477216455], [50.112248502839485, 26.303989366185196], [50.110080444863954, 26.302866477216455], [50.110080444863954, 26.300620699278976], [50.112248502839485, 26.29949781031024], [50.11441656081502, 26.300620699278976]]]}, "properties": {"congestion_score": 0.986, "congestion_level": "free_flow", "color": "rgb(43,200,43)", "road_pixel_count": 1436}}, {"type": "Feature", "geometry": {"type": "Polygon", "coordinates": [[[50.1187526767661, 26.300620699278976], [50.1187526767661, 26.302866477216455], [50.11658461879056, 26.303989366185196], [50.11441656081502, 26.302866477216455], [50.11441656081502, 26.300620699278976], [50.11658461879056, 26.29949781031024], [50.1187526767661, 26.300620699278976]]]}, "properties": {"congestion_score": 0.981, "congestion_level": "free_flow", "color": "rgb(43,200,43)", "road_pixel_count": 1237}}, {"type": "Feature", "geometry": {"type": "Polygon", "coordinates": [[[50.12308879271717, 26.300620699278976], [50.12308879271717, 26.302866477216455], [50.12092073474163, 26.303989366185196], [50.1187526767661, 26.302866477216455], [50.1187526767661, 26.300620699278976], [50.12092073474163, 26.29949781031024], [50.12308879271717, 26.300620699278976]]]}, "properties": {"congestion_score": 0.972, "congestion_level": "free_flow", "color": "rgb(43,200,43)", "road_pixel_count": 895}}, {"type": "Feature", "geometry": {"type": "Polygon", "coordinates": [[[50.127424908668246, 26.300620699278976], [50.127424908668246, 26.302866477216455], [50.12525685069271, 26.303989366185196], [50.12308879271717, 26.302866477216455], [50.12308879271717, 26.300620699278976], [50.12525685069271, 26.29949781031024], [50.127424908668246, 26.300620699278976]]]}, "properties": {"congestion_score": 0.921, "congestion_level": "light_congestion", "color": "rgb(255,255,55)", "road_pixel_count": 1169}}, {"type": "Feature", "geometry": {"type": "Polygon", "coordinates": [[[50.131761024619315, 26.300620699278976], [50.131761024619315, 26.302866477216455], [50.12959296664378, 26.303989366185196], [50.127424908668246, 26.302866477216455], [50.127424908668246, 26.300620699278976], [50.12959296664378, 26.29949781031024], [50.131761024619315, 26.300620699278976]]]}, "properties": {"congestion_score": 0.998, "congestion_level": "free_flow", "color": "rgb(43,200,43)", "road_pixel_count": 1286}}, {"type": "Feature", "geometry": {"type": "Polygon", "coordinates": [[[50.13609714057039, 26.300620699278976], [50.13609714057039, 26.302866477216455], [50.133929082594854, 26.303989366185196], [50.131761024619315, 26.302866477216455], [50.131761024619315, 26.300620699278976], [50.133929082594854, 26.29949781031024], [50.13609714057039, 26.300620699278976]]]}, "properties": {"congestion_score": 0.931, "congestion_level": "light_congestion", "color": "rgb(255,255,55)", "road_pixel_count": 2106}}, {"type": "Feature", "geometry": {"type": "Polygon", "coordinates": [[[50.14043325652146, 26.300620699278976], [50.14043325652146, 26.302866477216455], [50.13826519854592, 26.303989366185196], [50.13609714057039, 26.302866477216455], [50.13609714057039, 26.300620699278976], [50.13826519854592, 26.29949781031024], [50.14043325652146, 26.300620699278976]]]}, "properties": {"congestion_score": 1.0, "congestion_level": "free_flow", "color": "rgb(43,200,43)", "road_pixel_count": 157}}, {"type": "Feature", "geometry": {"type": "Polygon", "coordinates": [[[50.14476937247254, 26.300620699278976], [50.14476937247254, 26.302866477216455], [50.142601314497, 26.303989366185196], [50.14043325652146, 26.302866477216455], [50.14043325652146, 26.300620699278976], [50.142601314497, 26.29949781031024], [50.14476937247254, 26.300620699278976]]]}, "properties": {"congestion_score": 1.0, "congestion_level": "free_flow", "color": "rgb(43,200,43)", "road_pixel_count": 38}}, {"type": "Feature", "geometry": {"type": "Polygon", "coordinates": [[[50.14910548842361, 26.300620699278976], [50.14910548842361, 26.302866477216455], [50.14693743044807, 26.303989366185196], [50.14476937247254, 26.302866477216455], [50.14476937247254, 26.300620699278976], [50.14693743044807, 26.29949781031024], [50.14910548842361, 26.300620699278976]]]}, "properties": {"congestion_score": 0.996, "congestion_level": "free_flow", "color": "rgb(43,200,43)", "road_pixel_count": 989}}, {"type": "Feature", "geometry": {"type": "Polygon", "coordinates": [[[50.153441604374684, 26.300620699278976], [50.153441604374684, 26.302866477216455], [50.151273546399146, 26.303989366185196], [50.14910548842361, 26.302866477216455], [50.14910548842361, 26.300620699278976], [50.151273546399146, 26.29949781031024], [50.153441604374684, 26.300620699278976]]]}, "properties": {"congestion_score": 1.0, "congestion_level": "free_flow", "color": "rgb(43,200,43)", "road_pixel_count": 1582}}, {"type": "Feature", "geometry": {"type": "Polygon", "coordinates": [[[50.157777720325754, 26.300620699278976], [50.157777720325754, 26.302866477216455], [50.155609662350216, 26.303989366185196], [50.153441604374684, 26.302866477216455], [50.153441604374684, 26.300620699278976], [50.155609662350216, 26.29949781031024], [50.157777720325754, 26.300620699278976]]]}, "properties": {"congestion_score": 1.0, "congestion_level": "free_flow", "color": "rgb(43,200,43)", "road_pixel_count": 890}}, {"type": "Feature", "geometry": {"type": "Polygon", "coordinates": [[[50.16211383627683, 26.300620699278976], [50.16211383627683, 26.302866477216455], [50.15994577830129, 26.303989366185196], [50.157777720325754, 26.302866477216455], [50.157777720325754, 26.300620699278976], [50.15994577830129, 26.29949781031024], [50.16211383627683, 26.300620699278976]]]}, "properties": {"congestion_score": 0.976, "congestion_level": "free_flow", "color": "rgb(43,200,43)", "road_pixel_count": 2200}}, {"type": "Feature", "geometry": {"type": "Polygon", "coordinates": [[[50.1664499522279, 26.300620699278976], [50.1664499522279, 26.302866477216455], [50.16428189425236, 26.303989366185196], [50.16211383627683, 26.302866477216455], [50.16211383627683, 26.300620699278976], [50.16428189425236, 26.29949781031024], [50.1664499522279, 26.300620699278976]]]}, "properties": {"congestion_score": 1.0, "congestion_level": "free_flow", "color": "rgb(43,200,43)", "road_pixel_count": 1498}}, {"type": "Feature", "geometry": {"type": "Polygon", "coordinates": [[[50.17078606817898, 26.300620699278976], [50.17078606817898, 26.302866477216455], [50.16861801020344, 26.303989366185196], [50.1664499522279, 26.302866477216455], [50.1664499522279, 26.300620699278976], [50.16861801020344, 26.29949781031024], [50.17078606817898, 26.300620699278976]]]}, "properties": {"congestion_score": 1.0, "congestion_level": "free_flow", "color": "rgb(43,200,43)", "road_pixel_count": 1885}}, {"type": "Feature", "geometry": {"type": "Polygon", "coordinates": [[[50.175122184130046, 26.300620699278976], [50.175122184130046, 26.302866477216455], [50.17295412615451, 26.303989366185196], [50.17078606817898, 26.302866477216455], [50.17078606817898, 26.300620699278976], [50.17295412615451, 26.29949781031024], [50.175122184130046, 26.300620699278976]]]}, "properties": {"congestion_score": 0.998, "congestion_level": "free_flow", "color": "rgb(43,200,43)", "road_pixel_count": 2223}}, {"type": "Feature", "geometry": {"type": "Polygon", "coordinates": [[[50.17945830008112, 26.300620699278976], [50.17945830008112, 26.302866477216455], [50.177290242105585, 26.303989366185196], [50.175122184130046, 26.302866477216455], [50.175122184130046, 26.300620699278976], [50.177290242105585, 26.29949781031024], [50.17945830008112, 26.300620699278976]]]}, "properties": {"congestion_score": 0.954, "congestion_level": "free_flow", "color": "rgb(43,200,43)", "road_pixel_count": 2407}}, {"type": "Feature", "geometry": {"type": "Polygon", "coordinates": [[[50.18379441603219, 26.300620699278976], [50.18379441603219, 26.302866477216455], [50.181626358056654, 26.303989366185196], [50.17945830008112, 26.302866477216455], [50.17945830008112, 26.300620699278976], [50.181626358056654, 26.29949781031024], [50.18379441603219, 26.300620699278976]]]}, "properties": {"congestion_score": 0.943, "congestion_level": "light_congestion", "color": "rgb(255,255,55)", "road_pixel_count": 1561}}, {"type": "Feature", "geometry": {"type": "Polygon", "coordinates": [[[50.18813053198327, 26.300620699278976], [50.18813053198327, 26.302866477216455], [50.18596247400773, 26.303989366185196], [50.18379441603219, 26.302866477216455], [50.18379441603219, 26.300620699278976], [50.18596247400773, 26.29949781031024], [50.18813053198327, 26.300620699278976]]]}, "properties": {"congestion_score": 0.961, "congestion_level": "free_flow", "color": "rgb(43,200,43)", "road_pixel_count": 758}}, {"type": "Feature", "geometry": {"type": "Polygon", "coordinates": [[[50.19246664793434, 26.300620699278976], [50.19246664793434, 26.302866477216455], [50.1902985899588, 26.303989366185196], [50.18813053198327, 26.302866477216455], [50.18813053198327, 26.300620699278976], [50.1902985899588, 26.29949781031024], [50.19246664793434, 26.300620699278976]]]}, "properties": {"congestion_score": 0.858, "congestion_level": "light_congestion", "color": "rgb(255,255,55)", "road_pixel_count": 1720}}, {"type": "Feature", "geometry": {"type": "Polygon", "coordinates": [[[50.196802763885415, 26.300620699278976], [50.196802763885415, 26.302866477216455], [50.19463470590988, 26.303989366185196], [50.19246664793434, 26.302866477216455], [50.19246664793434, 26.300620699278976], [50.19463470590988, 26.29949781031024], [50.196802763885415, 26.300620699278976]]]}, "properties": {"congestion_score": 0.962, "congestion_level": "free_flow", "color": "rgb(43,200,43)", "road_pixel_count": 1858}}, {"type": "Feature", "geometry": {"type": "Polygon", "coordinates": [[[50.201138879836485, 26.300620699278976], [50.201138879836485, 26.302866477216455], [50.19897082186095, 26.303989366185196], [50.196802763885415, 26.302866477216455], [50.196802763885415, 26.300620699278976], [50.19897082186095, 26.29949781031024], [50.201138879836485, 26.300620699278976]]]}, "properties": {"congestion_score": 0.926, "congestion_level": "light_congestion", "color": "rgb(255,255,55)", "road_pixel_count": 2281}}, {"type": "Feature", "geometry": {"type": "Polygon", "coordinates": [[[50.20547499578756, 26.300620699278976], [50.20547499578756, 26.302866477216455], [50.20330693781202, 26.303989366185196], [50.201138879836485, 26.302866477216455], [50.201138879836485, 26.300620699278976], [50.20330693781202, 26.29949781031024], [50.20547499578756, 26.300620699278976]]]}, "properties": {"congestion_score": 0.908, "congestion_level": "light_congestion", "color": "rgb(255,255,55)", "road_pixel_count": 2182}}, {"type": "Feature", "geometry": {"type": "Polygon", "coordinates": [[[50.20981111173863, 26.300620699278976], [50.20981111173863, 26.302866477216455], [50.20764305376309, 26.303989366185196], [50.20547499578756, 26.302866477216455], [50.20547499578756, 26.300620699278976], [50.20764305376309, 26.29949781031024], [50.20981111173863, 26.300620699278976]]]}, "properties": {"congestion_score": 0.887, "congestion_level": "light_congestion", "color": "rgb(255,255,55)", "road_pixel_count": 2661}}, {"type": "Feature", "geometry": {"type": "Polygon", "coordinates": [[[50.21414722768971, 26.300620699278976], [50.21414722768971, 26.302866477216455], [50.21197916971417, 26.303989366185196], [50.20981111173863, 26.302866477216455], [50.20981111173863, 26.300620699278976], [50.21197916971417, 26.29949781031024], [50.21414722768971, 26.300620699278976]]]}, "properties": {"congestion_score": 0.794, "congestion_level": "light_congestion", "color": "rgb(255,255,55)", "road_pixel_count": 2687}}, {"type": "Feature", "geometry": {"type": "Polygon", "coordinates": [[[50.21848334364078, 26.300620699278976], [50.21848334364078, 26.302866477216455], [50.21631528566524, 26.303989366185196], [50.21414722768971, 26.302866477216455], [50.21414722768971, 26.300620699278976], [50.21631528566524, 26.29949781031024], [50.21848334364078, 26.300620699278976]]]}, "properties": {"congestion_score": 0.917, "congestion_level": "light_congestion", "color": "rgb(255,255,55)", "road_pixel_count": 2913}}, {"type": "Feature", "geometry": {"type": "Polygon", "coordinates": [[[50.222819459591854, 26.300620699278976], [50.222819459591854, 26.302866477216455], [50.220651401616315, 26.303989366185196], [50.21848334364078, 26.302866477216455], [50.21848334364078, 26.300620699278976], [50.220651401616315, 26.29949781031024], [50.222819459591854, 26.300620699278976]]]}, "properties": {"congestion_score": 0.965, "congestion_level": "free_flow", "color": "rgb(43,200,43)", "road_pixel_count": 2636}}, {"type": "Feature", "geometry": {"type": "Polygon", "coordinates": [[[50.22715557554292, 26.300620699278976], [50.22715557554292, 26.302866477216455], [50.224987517567385, 26.303989366185196], [50.222819459591854, 26.302866477216455], [50.222819459591854, 26.300620699278976], [50.224987517567385, 26.29949781031024], [50.22715557554292, 26.300620699278976]]]}, "properties": {"congestion_score": 1.0, "congestion_level": "free_flow", "color": "rgb(43,200,43)", "road_pixel_count": 1701}}, {"type": "Feature", "geometry": {"type": "Polygon", "coordinates": [[[50.231491691494, 26.300620699278976], [50.231491691494, 26.302866477216455], [50.22932363351846, 26.303989366185196], [50.22715557554292, 26.302866477216455], [50.22715557554292, 26.300620699278976], [50.22932363351846, 26.29949781031024], [50.231491691494, 26.300620699278976]]]}, "properties": {"congestion_score": 1.0, "congestion_level": "free_flow", "color": "rgb(43,200,43)", "road_pixel_count": 341}}, {"type": "Feature", "geometry": {"type": "Polygon", "coordinates": [[[50.09056792308412, 26.303989366185196], [50.09056792308412, 26.30623514412267], [50.088399865108585, 26.30735803309141], [50.086231807133046, 26.30623514412267], [50.086231807133046, 26.303989366185196], [50.088399865108585, 26.302866477216455], [50.09056792308412, 26.303989366185196]]]}, "properties": {"congestion_score": 0.824, "congestion_level": "light_congestion", "color": "rgb(255,255,55)", "road_pixel_count": 887}}, {"type": "Feature", "geometry": {"type": "Polygon", "coordinates": [[[50.09490403903519, 26.303989366185196], [50.09490403903519, 26.30623514412267], [50.09273598105966, 26.30735803309141], [50.09056792308412, 26.30623514412267], [50.09056792308412, 26.303989366185196], [50.09273598105966, 26.302866477216455], [50.09490403903519, 26.303989366185196]]]}, "properties": {"congestion_score": 0.649, "congestion_level": "heavy_traffic", "color": "rgb(255,35,35)", "road_pixel_count": 723}}, {"type": "Feature", "geometry": {"type": "Polygon", "coordinates": [[[50.09924015498627, 26.303989366185196], [50.09924015498627, 26.30623514412267], [50.09707209701073, 26.30735803309141], [50.09490403903519, 26.30623514412267], [50.09490403903519, 26.303989366185196], [50.09707209701073, 26.302866477216455], [50.09924015498627, 26.303989366185196]]]}, "properties": {"congestion_score": 0.859, "congestion_level": "light_congestion", "color": "rgb(255,255,55)", "road_pixel_count": 1564}}, {"type": "Feature", "geometry": {"type": "Polygon", "coordinates": [[[50.10357627093734, 26.303989366185196], [50.10357627093734, 26.30623514412267], [50.10140821296181, 26.30735803309141], [50.09924015498627, 26.30623514412267], [50.09924015498627, 26.303989366185196], [50.10140821296181, 26.302866477216455], [50.10357627093734, 26.303989366185196]]]}, "properties": {"congestion_score": 0.994, "congestion_level": "free_flow", "color": "rgb(43,200,43)", "road_pixel_count": 1040}}, {"type": "Feature", "geometry": {"type": "Polygon", "coordinates": [[[50.107912386888415, 26.303989366185196], [50.107912386888415, 26.30623514412267], [50.10574432891288, 26.30735803309141], [50.10357627093734, 26.30623514412267], [50.10357627093734, 26.303989366185196], [50.10574432891288, 26.302866477216455], [50.107912386888415, 26.303989366185196]]]}, "properties": {"congestion_score": 1.0, "congestion_level": "free_flow", "color": "rgb(43,200,43)", "road_pixel_count": 732}}, {"type": "Feature", "geometry": {"type": "Polygon", "coordinates": [[[50.11658461879056, 26.303989366185196], [50.11658461879056, 26.30623514412267], [50.11441656081502, 26.30735803309141], [50.112248502839485, 26.30623514412267], [50.112248502839485, 26.303989366185196], [50.11441656081502, 26.302866477216455], [50.11658461879056, 26.303989366185196]]]}, "properties": {"congestion_score": 1.0, "congestion_level": "free_flow", "color": "rgb(43,200,43)", "road_pixel_count": 76}}, {"type": "Feature", "geometry": {"type": "Polygon", "coordinates": [[[50.12092073474163, 26.303989366185196], [50.12092073474163, 26.30623514412267], [50.1187526767661, 26.30735803309141], [50.11658461879056, 26.30623514412267], [50.11658461879056, 26.303989366185196], [50.1187526767661, 26.302866477216455], [50.12092073474163, 26.303989366185196]]]}, "properties": {"congestion_score": 0.969, "congestion_level": "free_flow", "color": "rgb(43,200,43)", "road_pixel_count": 104}}, {"type": "Feature", "geometry": {"type": "Polygon", "coordinates": [[[50.12525685069271, 26.303989366185196], [50.12525685069271, 26.30623514412267], [50.12308879271717, 26.30735803309141], [50.12092073474163, 26.30623514412267], [50.12092073474163, 26.303989366185196], [50.12308879271717, 26.302866477216455], [50.12525685069271, 26.303989366185196]]]}, "properties": {"congestion_score": 0.848, "congestion_level": "light_congestion", "color": "rgb(255,255,55)", "road_pixel_count": 1494}}, {"type": "Feature", "geometry": {"type": "Polygon", "coordinates": [[[50.12959296664378, 26.303989366185196], [50.12959296664378, 26.30623514412267], [50.127424908668246, 26.30735803309141], [50.12525685069271, 26.30623514412267], [50.12525685069271, 26.303989366185196], [50.127424908668246, 26.302866477216455], [50.12959296664378, 26.303989366185196]]]}, "properties": {"congestion_score": 0.971, "congestion_level": "free_flow", "color": "rgb(43,200,43)", "road_pixel_count": 1560}}, {"type": "Feature", "geometry": {"type": "Polygon", "coordinates": [[[50.133929082594854, 26.303989366185196], [50.133929082594854, 26.30623514412267], [50.131761024619315, 26.30735803309141], [50.12959296664378, 26.30623514412267], [50.12959296664378, 26.303989366185196], [50.131761024619315, 26.302866477216455], [50.133929082594854, 26.303989366185196]]]}, "properties": {"congestion_score": 0.972, "congestion_level": "free_flow", "color": "rgb(43,200,43)", "road_pixel_count": 1534}}, {"type": "Feature", "geometry": {"type": "Polygon", "coordinates": [[[50.13826519854592, 26.303989366185196], [50.13826519854592, 26.30623514412267], [50.13609714057039, 26.30735803309141], [50.133929082594854, 26.30623514412267], [50.133929082594854, 26.303989366185196], [50.13609714057039, 26.302866477216455], [50.13826519854592, 26.303989366185196]]]}, "properties": {"congestion_score": 0.884, "congestion_level": "light_congestion", "color": "rgb(255,255,55)", "road_pixel_count": 882}}, {"type": "Feature", "geometry": {"type": "Polygon", "coordinates": [[[50.142601314497, 26.303989366185196], [50.142601314497, 26.30623514412267], [50.14043325652146, 26.30735803309141], [50.13826519854592, 26.30623514412267], [50.13826519854592, 26.303989366185196], [50.14043325652146, 26.302866477216455], [50.142601314497, 26.303989366185196]]]}, "properties": {"congestion_score": 1.0, "congestion_level": "free_flow", "color": "rgb(43,200,43)", "road_pixel_count": 649}}, {"type": "Feature", "geometry": {"type": "Polygon", "coordinates": [[[50.14693743044807, 26.303989366185196], [50.14693743044807, 26.30623514412267], [50.14476937247254, 26.30735803309141], [50.142601314497, 26.30623514412267], [50.142601314497, 26.303989366185196], [50.14476937247254, 26.302866477216455], [50.14693743044807, 26.303989366185196]]]}, "properties": {"congestion_score": 0.997, "congestion_level": "free_flow", "color": "rgb(43,200,43)", "road_pixel_count": 1511}}, {"type": "Feature", "geometry": {"type": "Polygon", "coordinates": [[[50.151273546399146, 26.303989366185196], [50.151273546399146, 26.30623514412267], [50.14910548842361, 26.30735803309141], [50.14693743044807, 26.30623514412267], [50.14693743044807, 26.303989366185196], [50.14910548842361, 26.302866477216455], [50.151273546399146, 26.303989366185196]]]}, "properties": {"congestion_score": 0.993, "congestion_level": "free_flow", "color": "rgb(43,200,43)", "road_pixel_count": 1982}}, {"type": "Feature", "geometry": {"type": "Polygon", "coordinates": [[[50.155609662350216, 26.303989366185196], [50.155609662350216, 26.30623514412267], [50.153441604374684, 26.30735803309141], [50.151273546399146, 26.30623514412267], [50.151273546399146, 26.303989366185196], [50.153441604374684, 26.302866477216455], [50.155609662350216, 26.303989366185196]]]}, "properties": {"congestion_score": 1.0, "congestion_level": "free_flow", "color": "rgb(43,200,43)", "road_pixel_count": 87}}, {"type": "Feature", "geometry": {"type": "Polygon", "coordinates": [[[50.15994577830129, 26.303989366185196], [50.15994577830129, 26.30623514412267], [50.157777720325754, 26.30735803309141], [50.155609662350216, 26.30623514412267], [50.155609662350216, 26.303989366185196], [50.157777720325754, 26.302866477216455], [50.15994577830129, 26.303989366185196]]]}, "properties": {"congestion_score": 0.833, "congestion_level": "light_congestion", "color": "rgb(255,255,55)", "road_pixel_count": 1542}}, {"type": "Feature", "geometry": {"type": "Polygon", "coordinates": [[[50.16428189425236, 26.303989366185196], [50.16428189425236, 26.30623514412267], [50.16211383627683, 26.30735803309141], [50.15994577830129, 26.30623514412267], [50.15994577830129, 26.303989366185196], [50.16211383627683, 26.302866477216455], [50.16428189425236, 26.303989366185196]]]}, "properties": {"congestion_score": 0.982, "congestion_level": "free_flow", "color": "rgb(43,200,43)", "road_pixel_count": 1472}}, {"type": "Feature", "geometry": {"type": "Polygon", "coordinates": [[[50.16861801020344, 26.303989366185196], [50.16861801020344, 26.30623514412267], [50.1664499522279, 26.30735803309141], [50.16428189425236, 26.30623514412267], [50.16428189425236, 26.303989366185196], [50.1664499522279, 26.302866477216455], [50.16861801020344, 26.303989366185196]]]}, "properties": {"congestion_score": 1.0, "congestion_level": "free_flow", "color": "rgb(43,200,43)", "road_pixel_count": 1372}}, {"type": "Feature", "geometry": {"type": "Polygon", "coordinates": [[[50.17295412615451, 26.303989366185196], [50.17295412615451, 26.30623514412267], [50.17078606817898, 26.30735803309141], [50.16861801020344, 26.30623514412267], [50.16861801020344, 26.303989366185196], [50.17078606817898, 26.302866477216455], [50.17295412615451, 26.303989366185196]]]}, "properties": {"congestion_score": 0.999, "congestion_level": "free_flow", "color": "rgb(43,200,43)", "road_pixel_count": 691}}, {"type": "Feature", "geometry": {"type": "Polygon", "coordinates": [[[50.177290242105585, 26.303989366185196], [50.177290242105585, 26.30623514412267], [50.175122184130046, 26.30735803309141], [50.17295412615451, 26.30623514412267], [50.17295412615451, 26.303989366185196], [50.175122184130046, 26.302866477216455], [50.177290242105585, 26.303989366185196]]]}, "properties": {"congestion_score": 0.961, "congestion_level": "free_flow", "color": "rgb(43,200,43)", "road_pixel_count": 2624}}, {"type": "Feature", "geometry": {"type": "Polygon", "coordinates": [[[50.181626358056654, 26.303989366185196], [50.181626358056654, 26.30623514412267], [50.17945830008112, 26.30735803309141], [50.177290242105585, 26.30623514412267], [50.177290242105585, 26.303989366185196], [50.17945830008112, 26.302866477216455], [50.181626358056654, 26.303989366185196]]]}, "properties": {"congestion_score": 0.998, "congestion_level": "free_flow", "color": "rgb(43,200,43)", "road_pixel_count": 2998}}, {"type": "Feature", "geometry": {"type": "Polygon", "coordinates": [[[50.18596247400773, 26.303989366185196], [50.18596247400773, 26.30623514412267], [50.18379441603219, 26.30735803309141], [50.181626358056654, 26.30623514412267], [50.181626358056654, 26.303989366185196], [50.18379441603219, 26.302866477216455], [50.18596247400773, 26.303989366185196]]]}, "properties": {"congestion_score": 0.97, "congestion_level": "free_flow", "color": "rgb(43,200,43)", "road_pixel_count": 2585}}, {"type": "Feature", "geometry": {"type": "Polygon", "coordinates": [[[50.1902985899588, 26.303989366185196], [50.1902985899588, 26.30623514412267], [50.18813053198327, 26.30735803309141], [50.18596247400773, 26.30623514412267], [50.18596247400773, 26.303989366185196], [50.18813053198327, 26.302866477216455], [50.1902985899588, 26.303989366185196]]]}, "properties": {"congestion_score": 0.992, "congestion_level": "free_flow", "color": "rgb(43,200,43)", "road_pixel_count": 2376}}, {"type": "Feature", "geometry": {"type": "Polygon", "coordinates": [[[50.19463470590988, 26.303989366185196], [50.19463470590988, 26.30623514412267], [50.19246664793434, 26.30735803309141], [50.1902985899588, 26.30623514412267], [50.1902985899588, 26.303989366185196], [50.19246664793434, 26.302866477216455], [50.19463470590988, 26.303989366185196]]]}, "properties": {"congestion_score": 0.936, "congestion_level": "light_congestion", "color": "rgb(255,255,55)", "road_pixel_count": 3091}}, {"type": "Feature", "geometry": {"type": "Polygon", "coordinates": [[[50.19897082186095, 26.303989366185196], [50.19897082186095, 26.30623514412267], [50.196802763885415, 26.30735803309141], [50.19463470590988, 26.30623514412267], [50.19463470590988, 26.303989366185196], [50.196802763885415, 26.302866477216455], [50.19897082186095, 26.303989366185196]]]}, "properties": {"congestion_score": 0.904, "congestion_level": "light_congestion", "color": "rgb(255,255,55)", "road_pixel_count": 3116}}, {"type": "Feature", "geometry": {"type": "Polygon", "coordinates": [[[50.20330693781202, 26.303989366185196], [50.20330693781202, 26.30623514412267], [50.201138879836485, 26.30735803309141], [50.19897082186095, 26.30623514412267], [50.19897082186095, 26.303989366185196], [50.201138879836485, 26.302866477216455], [50.20330693781202, 26.303989366185196]]]}, "properties": {"congestion_score": 0.92, "congestion_level": "light_congestion", "color": "rgb(255,255,55)", "road_pixel_count": 2685}}, {"type": "Feature", "geometry": {"type": "Polygon", "coordinates": [[[50.20764305376309, 26.303989366185196], [50.20764305376309, 26.30623514412267], [50.20547499578756, 26.30735803309141], [50.20330693781202, 26.30623514412267], [50.20330693781202, 26.303989366185196], [50.20547499578756, 26.302866477216455], [50.20764305376309, 26.303989366185196]]]}, "properties": {"congestion_score": 0.957, "congestion_level": "free_flow", "color": "rgb(43,200,43)", "road_pixel_count": 1797}}, {"type": "Feature", "geometry": {"type": "Polygon", "coordinates": [[[50.21197916971417, 26.303989366185196], [50.21197916971417, 26.30623514412267], [50.20981111173863, 26.30735803309141], [50.20764305376309, 26.30623514412267], [50.20764305376309, 26.303989366185196], [50.20981111173863, 26.302866477216455], [50.21197916971417, 26.303989366185196]]]}, "properties": {"congestion_score": 0.924, "congestion_level": "light_congestion", "color": "rgb(255,255,55)", "road_pixel_count": 2071}}, {"type": "Feature", "geometry": {"type": "Polygon", "coordinates": [[[50.21631528566524, 26.303989366185196], [50.21631528566524, 26.30623514412267], [50.21414722768971, 26.30735803309141], [50.21197916971417, 26.30623514412267], [50.21197916971417, 26.303989366185196], [50.21414722768971, 26.302866477216455], [50.21631528566524, 26.303989366185196]]]}, "properties": {"congestion_score": 0.98, "congestion_level": "free_flow", "color": "rgb(43,200,43)", "road_pixel_count": 1200}}, {"type": "Feature", "geometry": {"type": "Polygon", "coordinates": [[[50.220651401616315, 26.303989366185196], [50.220651401616315, 26.30623514412267], [50.21848334364078, 26.30735803309141], [50.21631528566524, 26.30623514412267], [50.21631528566524, 26.303989366185196], [50.21848334364078, 26.302866477216455], [50.220651401616315, 26.303989366185196]]]}, "properties": {"congestion_score": 0.939, "congestion_level": "light_congestion", "color": "rgb(255,255,55)", "road_pixel_count": 2199}}, {"type": "Feature", "geometry": {"type": "Polygon", "coordinates": [[[50.224987517567385, 26.303989366185196], [50.224987517567385, 26.30623514412267], [50.222819459591854, 26.30735803309141], [50.220651401616315, 26.30623514412267], [50.220651401616315, 26.303989366185196], [50.222819459591854, 26.302866477216455], [50.224987517567385, 26.303989366185196]]]}, "properties": {"congestion_score": 0.997, "congestion_level": "free_flow", "color": "rgb(43,200,43)", "road_pixel_count": 2368}}, {"type": "Feature", "geometry": {"type": "Polygon", "coordinates": [[[50.22932363351846, 26.303989366185196], [50.22932363351846, 26.30623514412267], [50.22715557554292, 26.30735803309141], [50.224987517567385, 26.30623514412267], [50.224987517567385, 26.303989366185196], [50.22715557554292, 26.302866477216455], [50.22932363351846, 26.303989366185196]]]}, "properties": {"congestion_score": 1.0, "congestion_level": "free_flow", "color": "rgb(43,200,43)", "road_pixel_count": 1652}}, {"type": "Feature", "geometry": {"type": "Polygon", "coordinates": [[[50.09273598105966, 26.30735803309141], [50.09273598105966, 26.30960381102889], [50.09056792308412, 26.310726699997627], [50.088399865108585, 26.30960381102889], [50.088399865108585, 26.30735803309141], [50.09056792308412, 26.30623514412267], [50.09273598105966, 26.30735803309141]]]}, "properties": {"congestion_score": 0.849, "congestion_level": "light_congestion", "color": "rgb(255,255,55)", "road_pixel_count": 875}}, {"type": "Feature", "geometry": {"type": "Polygon", "coordinates": [[[50.09707209701073, 26.30735803309141], [50.09707209701073, 26.30960381102889], [50.09490403903519, 26.310726699997627], [50.09273598105966, 26.30960381102889], [50.09273598105966, 26.30735803309141], [50.09490403903519, 26.30623514412267], [50.09707209701073, 26.30735803309141]]]}, "properties": {"congestion_score": 0.75, "congestion_level": "light_congestion", "color": "rgb(255,255,55)", "road_pixel_count": 1179}}, {"type": "Feature", "geometry": {"type": "Polygon", "coordinates": [[[50.127424908668246, 26.30735803309141], [50.127424908668246, 26.30960381102889], [50.12525685069271, 26.310726699997627], [50.12308879271717, 26.30960381102889], [50.12308879271717, 26.30735803309141], [50.12525685069271, 26.30623514412267], [50.127424908668246, 26.30735803309141]]]}, "properties": {"congestion_score": 0.821, "congestion_level": "light_congestion", "color": "rgb(255,255,55)", "road_pixel_count": 970}}, {"type": "Feature", "geometry": {"type": "Polygon", "coordinates": [[[50.131761024619315, 26.30735803309141], [50.131761024619315, 26.30960381102889], [50.12959296664378, 26.310726699997627], [50.127424908668246, 26.30960381102889], [50.127424908668246, 26.30735803309141], [50.12959296664378, 26.30623514412267], [50.131761024619315, 26.30735803309141]]]}, "properties": {"congestion_score": 0.931, "congestion_level": "light_congestion", "color": "rgb(255,255,55)", "road_pixel_count": 2676}}, {"type": "Feature", "geometry": {"type": "Polygon", "coordinates": [[[50.13609714057039, 26.30735803309141], [50.13609714057039, 26.30960381102889], [50.133929082594854, 26.310726699997627], [50.131761024619315, 26.30960381102889], [50.131761024619315, 26.30735803309141], [50.133929082594854, 26.30623514412267], [50.13609714057039, 26.30735803309141]]]}, "properties": {"congestion_score": 0.903, "congestion_level": "light_congestion", "color": "rgb(255,255,55)", "road_pixel_count": 2540}}, {"type": "Feature", "geometry": {"type": "Polygon", "coordinates": [[[50.14043325652146, 26.30735803309141], [50.14043325652146, 26.30960381102889], [50.13826519854592, 26.310726699997627], [50.13609714057039, 26.30960381102889], [50.13609714057039, 26.30735803309141], [50.13826519854592, 26.30623514412267], [50.14043325652146, 26.30735803309141]]]}, "properties": {"congestion_score": 0.867, "congestion_level": "light_congestion", "color": "rgb(255,255,55)", "road_pixel_count": 1386}}, {"type": "Feature", "geometry": {"type": "Polygon", "coordinates": [[[50.14476937247254, 26.30735803309141], [50.14476937247254, 26.30960381102889], [50.142601314497, 26.310726699997627], [50.14043325652146, 26.30960381102889], [50.14043325652146, 26.30735803309141], [50.142601314497, 26.30623514412267], [50.14476937247254, 26.30735803309141]]]}, "properties": {"congestion_score": 1.0, "congestion_level": "free_flow", "color": "rgb(43,200,43)", "road_pixel_count": 747}}, {"type": "Feature", "geometry": {"type": "Polygon", "coordinates": [[[50.14910548842361, 26.30735803309141], [50.14910548842361, 26.30960381102889], [50.14693743044807, 26.310726699997627], [50.14476937247254, 26.30960381102889], [50.14476937247254, 26.30735803309141], [50.14693743044807, 26.30623514412267], [50.14910548842361, 26.30735803309141]]]}, "properties": {"congestion_score": 0.986, "congestion_level": "free_flow", "color": "rgb(43,200,43)", "road_pixel_count": 1813}}, {"type": "Feature", "geometry": {"type": "Polygon", "coordinates": [[[50.153441604374684, 26.30735803309141], [50.153441604374684, 26.30960381102889], [50.151273546399146, 26.310726699997627], [50.14910548842361, 26.30960381102889], [50.14910548842361, 26.30735803309141], [50.151273546399146, 26.30623514412267], [50.153441604374684, 26.30735803309141]]]}, "properties": {"congestion_score": 0.869, "congestion_level": "light_congestion", "color": "rgb(255,255,55)", "road_pixel_count": 2011}}, {"type": "Feature", "geometry": {"type": "Polygon", "coordinates": [[[50.157777720325754, 26.30735803309141], [50.157777720325754, 26.30960381102889], [50.155609662350216, 26.310726699997627], [50.153441604374684, 26.30960381102889], [50.153441604374684, 26.30735803309141], [50.155609662350216, 26.30623514412267], [50.157777720325754, 26.30735803309141]]]}, "properties": {"congestion_score": 0.728, "congestion_level": "light_congestion", "color": "rgb(255,255,55)", "road_pixel_count": 1275}}, {"type": "Feature", "geometry": {"type": "Polygon", "coordinates": [[[50.16211383627683, 26.30735803309141], [50.16211383627683, 26.30960381102889], [50.15994577830129, 26.310726699997627], [50.157777720325754, 26.30960381102889], [50.157777720325754, 26.30735803309141], [50.15994577830129, 26.30623514412267], [50.16211383627683, 26.30735803309141]]]}, "properties": {"congestion_score": 0.975, "congestion_level": "free_flow", "color": "rgb(43,200,43)", "road_pixel_count": 2308}}, {"type": "Feature", "geometry": {"type": "Polygon", "coordinates": [[[50.1664499522279, 26.30735803309141], [50.1664499522279, 26.30960381102889], [50.16428189425236, 26.310726699997627], [50.16211383627683, 26.30960381102889], [50.16211383627683, 26.30735803309141], [50.16428189425236, 26.30623514412267], [50.1664499522279, 26.30735803309141]]]}, "properties": {"congestion_score": 0.867, "congestion_level": "light_congestion", "color": "rgb(255,255,55)", "road_pixel_count": 2032}}, {"type": "Feature", "geometry": {"type": "Polygon", "coordinates": [[[50.17078606817898, 26.30735803309141], [50.17078606817898, 26.30960381102889], [50.16861801020344, 26.310726699997627], [50.1664499522279, 26.30960381102889], [50.1664499522279, 26.30735803309141], [50.16861801020344, 26.30623514412267], [50.17078606817898, 26.30735803309141]]]}, "properties": {"congestion_score": 0.848, "congestion_level": "light_congestion", "color": "rgb(255,255,55)", "road_pixel_count": 1574}}, {"type": "Feature", "geometry": {"type": "Polygon", "coordinates": [[[50.175122184130046, 26.30735803309141], [50.175122184130046, 26.30960381102889], [50.17295412615451, 26.310726699997627], [50.17078606817898, 26.30960381102889], [50.17078606817898, 26.30735803309141], [50.17295412615451, 26.30623514412267], [50.175122184130046, 26.30735803309141]]]}, "properties": {"congestion_score": 0.882, "congestion_level": "light_congestion", "color": "rgb(255,255,55)", "road_pixel_count": 1946}}, {"type": "Feature", "geometry": {"type": "Polygon", "coordinates": [[[50.17945830008112, 26.30735803309141], [50.17945830008112, 26.30960381102889], [50.177290242105585, 26.310726699997627], [50.175122184130046, 26.30960381102889], [50.175122184130046, 26.30735803309141], [50.177290242105585, 26.30623514412267], [50.17945830008112, 26.30735803309141]]]}, "properties": {"congestion_score": 0.911, "congestion_level": "light_congestion", "color": "rgb(255,255,55)", "road_pixel_count": 3023}}, {"type": "Feature", "geometry": {"type": "Polygon", "coordinates": [[[50.18379441603219, 26.30735803309141], [50.18379441603219, 26.30960381102889], [50.181626358056654, 26.310726699997627], [50.17945830008112, 26.30960381102889], [50.17945830008112, 26.30735803309141], [50.181626358056654, 26.30623514412267], [50.18379441603219, 26.30735803309141]]]}, "properties": {"congestion_score": 0.85, "congestion_level": "light_congestion", "color": "rgb(255,255,55)", "road_pixel_count": 1868}}, {"type": "Feature", "geometry": {"type": "Polygon", "coordinates": [[[50.18813053198327, 26.30735803309141], [50.18813053198327, 26.30960381102889], [50.18596247400773, 26.310726699997627], [50.18379441603219, 26.30960381102889], [50.18379441603219, 26.30735803309141], [50.18596247400773, 26.30623514412267], [50.18813053198327, 26.30735803309141]]]}, "properties": {"congestion_score": 0.99, "congestion_level": "free_flow", "color": "rgb(43,200,43)", "road_pixel_count": 689}}, {"type": "Feature", "geometry": {"type": "Polygon", "coordinates": [[[50.19246664793434, 26.30735803309141], [50.19246664793434, 26.30960381102889], [50.1902985899588, 26.310726699997627], [50.18813053198327, 26.30960381102889], [50.18813053198327, 26.30735803309141], [50.1902985899588, 26.30623514412267], [50.19246664793434, 26.30735803309141]]]}, "properties": {"congestion_score": 0.999, "congestion_level": "free_flow", "color": "rgb(43,200,43)", "road_pixel_count": 2360}}, {"type": "Feature", "geometry": {"type": "Polygon", "coordinates": [[[50.196802763885415, 26.30735803309141], [50.196802763885415, 26.30960381102889], [50.19463470590988, 26.310726699997627], [50.19246664793434, 26.30960381102889], [50.19246664793434, 26.30735803309141], [50.19463470590988, 26.30623514412267], [50.196802763885415, 26.30735803309141]]]}, "properties": {"congestion_score": 0.951, "congestion_level": "free_flow", "color": "rgb(43,200,43)", "road_pixel_count": 1381}}, {"type": "Feature", "geometry": {"type": "Polygon", "coordinates": [[[50.201138879836485, 26.30735803309141], [50.201138879836485, 26.30960381102889], [50.19897082186095, 26.310726699997627], [50.196802763885415, 26.30960381102889], [50.196802763885415, 26.30735803309141], [50.19897082186095, 26.30623514412267], [50.201138879836485, 26.30735803309141]]]}, "properties": {"congestion_score": 1.0, "congestion_level": "free_flow", "color": "rgb(43,200,43)", "road_pixel_count": 1426}}, {"type": "Feature", "geometry": {"type": "Polygon", "coordinates": [[[50.20547499578756, 26.30735803309141], [50.20547499578756, 26.30960381102889], [50.20330693781202, 26.310726699997627], [50.201138879836485, 26.30960381102889], [50.201138879836485, 26.30735803309141], [50.20330693781202, 26.30623514412267], [50.20547499578756, 26.30735803309141]]]}, "properties": {"congestion_score": 0.991, "congestion_level": "free_flow", "color": "rgb(43,200,43)", "road_pixel_count": 2081}}, {"type": "Feature", "geometry": {"type": "Polygon", "coordinates": [[[50.20981111173863, 26.30735803309141], [50.20981111173863, 26.30960381102889], [50.20764305376309, 26.310726699997627], [50.20547499578756, 26.30960381102889], [50.20547499578756, 26.30735803309141], [50.20764305376309, 26.30623514412267], [50.20981111173863, 26.30735803309141]]]}, "properties": {"congestion_score": 0.87, "congestion_level": "light_congestion", "color": "rgb(255,255,55)", "road_pixel_count": 1628}}, {"type": "Feature", "geometry": {"type": "Polygon", "coordinates": [[[50.21414722768971, 26.30735803309141], [50.21414722768971, 26.30960381102889], [50.21197916971417, 26.310726699997627], [50.20981111173863, 26.30960381102889], [50.20981111173863, 26.30735803309141], [50.21197916971417, 26.30623514412267], [50.21414722768971, 26.30735803309141]]]}, "properties": {"congestion_score": 0.942, "congestion_level": "light_congestion", "color": "rgb(255,255,55)", "road_pixel_count": 2854}}, {"type": "Feature", "geometry": {"type": "Polygon", "coordinates": [[[50.21848334364078, 26.30735803309141], [50.21848334364078, 26.30960381102889], [50.21631528566524, 26.310726699997627], [50.21414722768971, 26.30960381102889], [50.21414722768971, 26.30735803309141], [50.21631528566524, 26.30623514412267], [50.21848334364078, 26.30735803309141]]]}, "properties": {"congestion_score": 0.927, "congestion_level": "light_congestion", "color": "rgb(255,255,55)", "road_pixel_count": 2523}}, {"type": "Feature", "geometry": {"type": "Polygon", "coordinates": [[[50.222819459591854, 26.30735803309141], [50.222819459591854, 26.30960381102889], [50.220651401616315, 26.310726699997627], [50.21848334364078, 26.30960381102889], [50.21848334364078, 26.30735803309141], [50.220651401616315, 26.30623514412267], [50.222819459591854, 26.30735803309141]]]}, "properties": {"congestion_score": 0.973, "congestion_level": "free_flow", "color": "rgb(43,200,43)", "road_pixel_count": 2269}}, {"type": "Feature", "geometry": {"type": "Polygon", "coordinates": [[[50.22715557554292, 26.30735803309141], [50.22715557554292, 26.30960381102889], [50.224987517567385, 26.310726699997627], [50.222819459591854, 26.30960381102889], [50.222819459591854, 26.30735803309141], [50.224987517567385, 26.30623514412267], [50.22715557554292, 26.30735803309141]]]}, "properties": {"congestion_score": 1.0, "congestion_level": "free_flow", "color": "rgb(43,200,43)", "road_pixel_count": 2943}}, {"type": "Feature", "geometry": {"type": "Polygon", "coordinates": [[[50.231491691494, 26.30735803309141], [50.231491691494, 26.30960381102889], [50.22932363351846, 26.310726699997627], [50.22715557554292, 26.30960381102889], [50.22715557554292, 26.30735803309141], [50.22932363351846, 26.30623514412267], [50.231491691494, 26.30735803309141]]]}, "properties": {"congestion_score": 1.0, "congestion_level": "free_flow", "color": "rgb(43,200,43)", "road_pixel_count": 966}}, {"type": "Feature", "geometry": {"type": "Polygon", "coordinates": [[[50.09490403903519, 26.310726699997627], [50.09490403903519, 26.312972477935105], [50.09273598105966, 26.314095366903842], [50.09056792308412, 26.312972477935105], [50.09056792308412, 26.310726699997627], [50.09273598105966, 26.30960381102889], [50.09490403903519, 26.310726699997627]]]}, "properties": {"congestion_score": 0.84, "congestion_level": "light_congestion", "color": "rgb(255,255,55)", "road_pixel_count": 350}}, {"type": "Feature", "geometry": {"type": "Polygon", "coordinates": [[[50.09924015498627, 26.310726699997627], [50.09924015498627, 26.312972477935105], [50.09707209701073, 26.314095366903842], [50.09490403903519, 26.312972477935105], [50.09490403903519, 26.310726699997627], [50.09707209701073, 26.30960381102889], [50.09924015498627, 26.310726699997627]]]}, "properties": {"congestion_score": 0.797, "congestion_level": "light_congestion", "color": "rgb(255,255,55)", "road_pixel_count": 1156}}, {"type": "Feature", "geometry": {"type": "Polygon", "coordinates": [[[50.12092073474163, 26.310726699997627], [50.12092073474163, 26.312972477935105], [50.1187526767661, 26.314095366903842], [50.11658461879056, 26.312972477935105], [50.11658461879056, 26.310726699997627], [50.1187526767661, 26.30960381102889], [50.12092073474163, 26.310726699997627]]]}, "properties": {"congestion_score": 0.976, "congestion_level": "free_flow", "color": "rgb(43,200,43)", "road_pixel_count": 294}}, {"type": "Feature", "geometry": {"type": "Polygon", "coordinates": [[[50.12525685069271, 26.310726699997627], [50.12525685069271, 26.312972477935105], [50.12308879271717, 26.314095366903842], [50.12092073474163, 26.312972477935105], [50.12092073474163, 26.310726699997627], [50.12308879271717, 26.30960381102889], [50.12525685069271, 26.310726699997627]]]}, "properties": {"congestion_score": 0.671, "congestion_level": "light_congestion", "color": "rgb(255,255,55)", "road_pixel_count": 908}}, {"type": "Feature", "geometry": {"type": "Polygon", "coordinates": [[[50.12959296664378, 26.310726699997627], [50.12959296664378, 26.312972477935105], [50.127424908668246, 26.314095366903842], [50.12525685069271, 26.312972477935105], [50.12525685069271, 26.310726699997627], [50.127424908668246, 26.30960381102889], [50.12959296664378, 26.310726699997627]]]}, "properties": {"congestion_score": 0.844, "congestion_level": "light_congestion", "color": "rgb(255,255,55)", "road_pixel_count": 2154}}, {"type": "Feature", "geometry": {"type": "Polygon", "coordinates": [[[50.133929082594854, 26.310726699997627], [50.133929082594854, 26.312972477935105], [50.131761024619315, 26.314095366903842], [50.12959296664378, 26.312972477935105], [50.12959296664378, 26.310726699997627], [50.131761024619315, 26.30960381102889], [50.133929082594854, 26.310726699997627]]]}, "properties": {"congestion_score": 0.888, "congestion_level": "light_congestion", "color": "rgb(255,255,55)", "road_pixel_count": 1303}}, {"type": "Feature", "geometry": {"type": "Polygon", "coordinates": [[[50.13826519854592, 26.310726699997627], [50.13826519854592, 26.312972477935105], [50.13609714057039, 26.314095366903842], [50.133929082594854, 26.312972477935105], [50.133929082594854, 26.310726699997627], [50.13609714057039, 26.30960381102889], [50.13826519854592, 26.310726699997627]]]}, "properties": {"congestion_score": 0.883, "congestion_level": "light_congestion", "color": "rgb(255,255,55)", "road_pixel_count": 3295}}, {"type": "Feature", "geometry": {"type": "Polygon", "coordinates": [[[50.142601314497, 26.310726699997627], [50.142601314497, 26.312972477935105], [50.14043325652146, 26.314095366903842], [50.13826519854592, 26.312972477935105], [50.13826519854592, 26.310726699997627], [50.14043325652146, 26.30960381102889], [50.142601314497, 26.310726699997627]]]}, "properties": {"congestion_score": 0.96, "congestion_level": "free_flow", "color": "rgb(43,200,43)", "road_pixel_count": 1198}}, {"type": "Feature", "geometry": {"type": "Polygon", "coordinates": [[[50.14693743044807, 26.310726699997627], [50.14693743044807, 26.312972477935105], [50.14476937247254, 26.314095366903842], [50.142601314497, 26.312972477935105], [50.142601314497, 26.310726699997627], [50.14476937247254, 26.30960381102889], [50.14693743044807, 26.310726699997627]]]}, "properties": {"congestion_score": 1.0, "congestion_level": "free_flow", "color": "rgb(43,200,43)", "road_pixel_count": 368}}, {"type": "Feature", "geometry": {"type": "Polygon", "coordinates": [[[50.151273546399146, 26.310726699997627], [50.151273546399146, 26.312972477935105], [50.14910548842361, 26.314095366903842], [50.14693743044807, 26.312972477935105], [50.14693743044807, 26.310726699997627], [50.14910548842361, 26.30960381102889], [50.151273546399146, 26.310726699997627]]]}, "properties": {"congestion_score": 0.997, "congestion_level": "free_flow", "color": "rgb(43,200,43)", "road_pixel_count": 1795}}, {"type": "Feature", "geometry": {"type": "Polygon", "coordinates": [[[50.155609662350216, 26.310726699997627], [50.155609662350216, 26.312972477935105], [50.153441604374684, 26.314095366903842], [50.151273546399146, 26.312972477935105], [50.151273546399146, 26.310726699997627], [50.153441604374684, 26.30960381102889], [50.155609662350216, 26.310726699997627]]]}, "properties": {"congestion_score": 0.996, "congestion_level": "free_flow", "color": "rgb(43,200,43)", "road_pixel_count": 1192}}, {"type": "Feature", "geometry": {"type": "Polygon", "coordinates": [[[50.15994577830129, 26.310726699997627], [50.15994577830129, 26.312972477935105], [50.157777720325754, 26.314095366903842], [50.155609662350216, 26.312972477935105], [50.155609662350216, 26.310726699997627], [50.157777720325754, 26.30960381102889], [50.15994577830129, 26.310726699997627]]]}, "properties": {"congestion_score": 0.973, "congestion_level": "free_flow", "color": "rgb(43,200,43)", "road_pixel_count": 2354}}, {"type": "Feature", "geometry": {"type": "Polygon", "coordinates": [[[50.16428189425236, 26.310726699997627], [50.16428189425236, 26.312972477935105], [50.16211383627683, 26.314095366903842], [50.15994577830129, 26.312972477935105], [50.15994577830129, 26.310726699997627], [50.16211383627683, 26.30960381102889], [50.16428189425236, 26.310726699997627]]]}, "properties": {"congestion_score": 0.958, "congestion_level": "free_flow", "color": "rgb(43,200,43)", "road_pixel_count": 789}}, {"type": "Feature", "geometry": {"type": "Polygon", "coordinates": [[[50.16861801020344, 26.310726699997627], [50.16861801020344, 26.312972477935105], [50.1664499522279, 26.314095366903842], [50.16428189425236, 26.312972477935105], [50.16428189425236, 26.310726699997627], [50.1664499522279, 26.30960381102889], [50.16861801020344, 26.310726699997627]]]}, "properties": {"congestion_score": 0.939, "congestion_level": "light_congestion", "color": "rgb(255,255,55)", "road_pixel_count": 1037}}, {"type": "Feature", "geometry": {"type": "Polygon", "coordinates": [[[50.17295412615451, 26.310726699997627], [50.17295412615451, 26.312972477935105], [50.17078606817898, 26.314095366903842], [50.16861801020344, 26.312972477935105], [50.16861801020344, 26.310726699997627], [50.17078606817898, 26.30960381102889], [50.17295412615451, 26.310726699997627]]]}, "properties": {"congestion_score": 0.99, "congestion_level": "free_flow", "color": "rgb(43,200,43)", "road_pixel_count": 822}}, {"type": "Feature", "geometry": {"type": "Polygon", "coordinates": [[[50.177290242105585, 26.310726699997627], [50.177290242105585, 26.312972477935105], [50.175122184130046, 26.314095366903842], [50.17295412615451, 26.312972477935105], [50.17295412615451, 26.310726699997627], [50.175122184130046, 26.30960381102889], [50.177290242105585, 26.310726699997627]]]}, "properties": {"congestion_score": 0.992, "congestion_level": "free_flow", "color": "rgb(43,200,43)", "road_pixel_count": 1181}}, {"type": "Feature", "geometry": {"type": "Polygon", "coordinates": [[[50.181626358056654, 26.310726699997627], [50.181626358056654, 26.312972477935105], [50.17945830008112, 26.314095366903842], [50.177290242105585, 26.312972477935105], [50.177290242105585, 26.310726699997627], [50.17945830008112, 26.30960381102889], [50.181626358056654, 26.310726699997627]]]}, "properties": {"congestion_score": 1.0, "congestion_level": "free_flow", "color": "rgb(43,200,43)", "road_pixel_count": 2156}}, {"type": "Feature", "geometry": {"type": "Polygon", "coordinates": [[[50.18596247400773, 26.310726699997627], [50.18596247400773, 26.312972477935105], [50.18379441603219, 26.314095366903842], [50.181626358056654, 26.312972477935105], [50.181626358056654, 26.310726699997627], [50.18379441603219, 26.30960381102889], [50.18596247400773, 26.310726699997627]]]}, "properties": {"congestion_score": 1.0, "congestion_level": "free_flow", "color": "rgb(43,200,43)", "road_pixel_count": 1484}}, {"type": "Feature", "geometry": {"type": "Polygon", "coordinates": [[[50.1902985899588, 26.310726699997627], [50.1902985899588, 26.312972477935105], [50.18813053198327, 26.314095366903842], [50.18596247400773, 26.312972477935105], [50.18596247400773, 26.310726699997627], [50.18813053198327, 26.30960381102889], [50.1902985899588, 26.310726699997627]]]}, "properties": {"congestion_score": 1.0, "congestion_level": "free_flow", "color": "rgb(43,200,43)", "road_pixel_count": 1729}}, {"type": "Feature", "geometry": {"type": "Polygon", "coordinates": [[[50.19463470590988, 26.310726699997627], [50.19463470590988, 26.312972477935105], [50.19246664793434, 26.314095366903842], [50.1902985899588, 26.312972477935105], [50.1902985899588, 26.310726699997627], [50.19246664793434, 26.30960381102889], [50.19463470590988, 26.310726699997627]]]}, "properties": {"congestion_score": 1.0, "congestion_level": "free_flow", "color": "rgb(43,200,43)", "road_pixel_count": 2368}}, {"type": "Feature", "geometry": {"type": "Polygon", "coordinates": [[[50.19897082186095, 26.310726699997627], [50.19897082186095, 26.312972477935105], [50.196802763885415, 26.314095366903842], [50.19463470590988, 26.312972477935105], [50.19463470590988, 26.310726699997627], [50.196802763885415, 26.30960381102889], [50.19897082186095, 26.310726699997627]]]}, "properties": {"congestion_score": 1.0, "congestion_level": "free_flow", "color": "rgb(43,200,43)", "road_pixel_count": 2114}}, {"type": "Feature", "geometry": {"type": "Polygon", "coordinates": [[[50.20330693781202, 26.310726699997627], [50.20330693781202, 26.312972477935105], [50.201138879836485, 26.314095366903842], [50.19897082186095, 26.312972477935105], [50.19897082186095, 26.310726699997627], [50.201138879836485, 26.30960381102889], [50.20330693781202, 26.310726699997627]]]}, "properties": {"congestion_score": 1.0, "congestion_level": "free_flow", "color": "rgb(43,200,43)", "road_pixel_count": 2006}}, {"type": "Feature", "geometry": {"type": "Polygon", "coordinates": [[[50.20764305376309, 26.310726699997627], [50.20764305376309, 26.312972477935105], [50.20547499578756, 26.314095366903842], [50.20330693781202, 26.312972477935105], [50.20330693781202, 26.310726699997627], [50.20547499578756, 26.30960381102889], [50.20764305376309, 26.310726699997627]]]}, "properties": {"congestion_score": 0.991, "congestion_level": "free_flow", "color": "rgb(43,200,43)", "road_pixel_count": 1993}}, {"type": "Feature", "geometry": {"type": "Polygon", "coordinates": [[[50.21197916971417, 26.310726699997627], [50.21197916971417, 26.312972477935105], [50.20981111173863, 26.314095366903842], [50.20764305376309, 26.312972477935105], [50.20764305376309, 26.310726699997627], [50.20981111173863, 26.30960381102889], [50.21197916971417, 26.310726699997627]]]}, "properties": {"congestion_score": 0.969, "congestion_level": "free_flow", "color": "rgb(43,200,43)", "road_pixel_count": 2435}}, {"type": "Feature", "geometry": {"type": "Polygon", "coordinates": [[[50.21631528566524, 26.310726699997627], [50.21631528566524, 26.312972477935105], [50.21414722768971, 26.314095366903842], [50.21197916971417, 26.312972477935105], [50.21197916971417, 26.310726699997627], [50.21414722768971, 26.30960381102889], [50.21631528566524, 26.310726699997627]]]}, "properties": {"congestion_score": 0.925, "congestion_level": "light_congestion", "color": "rgb(255,255,55)", "road_pixel_count": 1037}}, {"type": "Feature", "geometry": {"type": "Polygon", "coordinates": [[[50.220651401616315, 26.310726699997627], [50.220651401616315, 26.312972477935105], [50.21848334364078, 26.314095366903842], [50.21631528566524, 26.312972477935105], [50.21631528566524, 26.310726699997627], [50.21848334364078, 26.30960381102889], [50.220651401616315, 26.310726699997627]]]}, "properties": {"congestion_score": 0.995, "congestion_level": "free_flow", "color": "rgb(43,200,43)", "road_pixel_count": 2076}}, {"type": "Feature", "geometry": {"type": "Polygon", "coordinates": [[[50.224987517567385, 26.310726699997627], [50.224987517567385, 26.312972477935105], [50.222819459591854, 26.314095366903842], [50.220651401616315, 26.312972477935105], [50.220651401616315, 26.310726699997627], [50.222819459591854, 26.30960381102889], [50.224987517567385, 26.310726699997627]]]}, "properties": {"congestion_score": 0.999, "congestion_level": "free_flow", "color": "rgb(43,200,43)", "road_pixel_count": 2470}}, {"type": "Feature", "geometry": {"type": "Polygon", "coordinates": [[[50.22932363351846, 26.310726699997627], [50.22932363351846, 26.312972477935105], [50.22715557554292, 26.314095366903842], [50.224987517567385, 26.312972477935105], [50.224987517567385, 26.310726699997627], [50.22715557554292, 26.30960381102889], [50.22932363351846, 26.310726699997627]]]}, "properties": {"congestion_score": 0.994, "congestion_level": "free_flow", "color": "rgb(43,200,43)", "road_pixel_count": 2097}}, {"type": "Feature", "geometry": {"type": "Polygon", "coordinates": [[[50.05804705345108, 26.314095366903842], [50.05804705345108, 26.31634114484132], [50.05587899547554, 26.317464033810058], [50.0537109375, 26.31634114484132], [50.0537109375, 26.314095366903842], [50.05587899547554, 26.312972477935105], [50.05804705345108, 26.314095366903842]]]}, "properties": {"congestion_score": 1.0, "congestion_level": "free_flow", "color": "rgb(43,200,43)", "road_pixel_count": 1000}}, {"type": "Feature", "geometry": {"type": "Polygon", "coordinates": [[[50.10140821296181, 26.314095366903842], [50.10140821296181, 26.31634114484132], [50.09924015498627, 26.317464033810058], [50.09707209701073, 26.31634114484132], [50.09707209701073, 26.314095366903842], [50.09924015498627, 26.312972477935105], [50.10140821296181, 26.314095366903842]]]}, "properties": {"congestion_score": 0.833, "congestion_level": "light_congestion", "color": "rgb(255,255,55)", "road_pixel_count": 1209}}, {"type": "Feature", "geometry": {"type": "Polygon", "coordinates": [[[50.10574432891288, 26.314095366903842], [50.10574432891288, 26.31634114484132], [50.10357627093734, 26.317464033810058], [50.10140821296181, 26.31634114484132], [50.10140821296181, 26.314095366903842], [50.10357627093734, 26.312972477935105], [50.10574432891288, 26.314095366903842]]]}, "properties": {"congestion_score": 0.799, "congestion_level": "light_congestion", "color": "rgb(255,255,55)", "road_pixel_count": 632}}, {"type": "Feature", "geometry": {"type": "Polygon", "coordinates": [[[50.1187526767661, 26.314095366903842], [50.1187526767661, 26.31634114484132], [50.11658461879056, 26.317464033810058], [50.11441656081502, 26.31634114484132], [50.11441656081502, 26.314095366903842], [50.11658461879056, 26.312972477935105], [50.1187526767661, 26.314095366903842]]]}, "properties": {"congestion_score": 0.889, "congestion_level": "light_congestion", "color": "rgb(255,255,55)", "road_pixel_count": 692}}, {"type": "Feature", "geometry": {"type": "Polygon", "coordinates": [[[50.12308879271717, 26.314095366903842], [50.12308879271717, 26.31634114484132], [50.12092073474163, 26.317464033810058], [50.1187526767661, 26.31634114484132], [50.1187526767661, 26.314095366903842], [50.12092073474163, 26.312972477935105], [50.12308879271717, 26.314095366903842]]]}, "properties": {"congestion_score": 0.815, "congestion_level": "light_congestion", "color": "rgb(255,255,55)", "road_pixel_count": 928}}, {"type": "Feature", "geometry": {"type": "Polygon", "coordinates": [[[50.127424908668246, 26.314095366903842], [50.127424908668246, 26.31634114484132], [50.12525685069271, 26.317464033810058], [50.12308879271717, 26.31634114484132], [50.12308879271717, 26.314095366903842], [50.12525685069271, 26.312972477935105], [50.127424908668246, 26.314095366903842]]]}, "properties": {"congestion_score": 0.787, "congestion_level": "light_congestion", "color": "rgb(255,255,55)", "road_pixel_count": 1113}}, {"type": "Feature", "geometry": {"type": "Polygon", "coordinates": [[[50.131761024619315, 26.314095366903842], [50.131761024619315, 26.31634114484132], [50.12959296664378, 26.317464033810058], [50.127424908668246, 26.31634114484132], [50.127424908668246, 26.314095366903842], [50.12959296664378, 26.312972477935105], [50.131761024619315, 26.314095366903842]]]}, "properties": {"congestion_score": 0.924, "congestion_level": "light_congestion", "color": "rgb(255,255,55)", "road_pixel_count": 1960}}, {"type": "Feature", "geometry": {"type": "Polygon", "coordinates": [[[50.13609714057039, 26.314095366903842], [50.13609714057039, 26.31634114484132], [50.133929082594854, 26.317464033810058], [50.131761024619315, 26.31634114484132], [50.131761024619315, 26.314095366903842], [50.133929082594854, 26.312972477935105], [50.13609714057039, 26.314095366903842]]]}, "properties": {"congestion_score": 0.749, "congestion_level": "light_congestion", "color": "rgb(255,255,55)", "road_pixel_count": 2625}}, {"type": "Feature", "geometry": {"type": "Polygon", "coordinates": [[[50.14043325652146, 26.314095366903842], [50.14043325652146, 26.31634114484132], [50.13826519854592, 26.317464033810058], [50.13609714057039, 26.31634114484132], [50.13609714057039, 26.314095366903842], [50.13826519854592, 26.312972477935105], [50.14043325652146, 26.314095366903842]]]}, "properties": {"congestion_score": 0.815, "congestion_level": "light_congestion", "color": "rgb(255,255,55)", "road_pixel_count": 2522}}, {"type": "Feature", "geometry": {"type": "Polygon", "coordinates": [[[50.14476937247254, 26.314095366903842], [50.14476937247254, 26.31634114484132], [50.142601314497, 26.317464033810058], [50.14043325652146, 26.31634114484132], [50.14043325652146, 26.314095366903842], [50.142601314497, 26.312972477935105], [50.14476937247254, 26.314095366903842]]]}, "properties": {"congestion_score": 0.999, "congestion_level": "free_flow", "color": "rgb(43,200,43)", "road_pixel_count": 1588}}, {"type": "Feature", "geometry": {"type": "Polygon", "coordinates": [[[50.14910548842361, 26.314095366903842], [50.14910548842361, 26.31634114484132], [50.14693743044807, 26.317464033810058], [50.14476937247254, 26.31634114484132], [50.14476937247254, 26.314095366903842], [50.14693743044807, 26.312972477935105], [50.14910548842361, 26.314095366903842]]]}, "properties": {"congestion_score": 1.0, "congestion_level": "free_flow", "color": "rgb(43,200,43)", "road_pixel_count": 833}}, {"type": "Feature", "geometry": {"type": "Polygon", "coordinates": [[[50.153441604374684, 26.314095366903842], [50.153441604374684, 26.31634114484132], [50.151273546399146, 26.317464033810058], [50.14910548842361, 26.31634114484132], [50.14910548842361, 26.314095366903842], [50.151273546399146, 26.312972477935105], [50.153441604374684, 26.314095366903842]]]}, "properties": {"congestion_score": 0.999, "congestion_level": "free_flow", "color": "rgb(43,200,43)", "road_pixel_count": 1950}}, {"type": "Feature", "geometry": {"type": "Polygon", "coordinates": [[[50.157777720325754, 26.314095366903842], [50.157777720325754, 26.31634114484132], [50.155609662350216, 26.317464033810058], [50.153441604374684, 26.31634114484132], [50.153441604374684, 26.314095366903842], [50.155609662350216, 26.312972477935105], [50.157777720325754, 26.314095366903842]]]}, "properties": {"congestion_score": 0.998, "congestion_level": "free_flow", "color": "rgb(43,200,43)", "road_pixel_count": 2397}}, {"type": "Feature", "geometry": {"type": "Polygon", "coordinates": [[[50.16211383627683, 26.314095366903842], [50.16211383627683, 26.31634114484132], [50.15994577830129, 26.317464033810058], [50.157777720325754, 26.31634114484132], [50.157777720325754, 26.314095366903842], [50.15994577830129, 26.312972477935105], [50.16211383627683, 26.314095366903842]]]}, "properties": {"congestion_score": 0.977, "congestion_level": "free_flow", "color": "rgb(43,200,43)", "road_pixel_count": 1272}}, {"type": "Feature", "geometry": {"type": "Polygon", "coordinates": [[[50.1664499522279, 26.314095366903842], [50.1664499522279, 26.31634114484132], [50.16428189425236, 26.317464033810058], [50.16211383627683, 26.31634114484132], [50.16211383627683, 26.314095366903842], [50.16428189425236, 26.312972477935105], [50.1664499522279, 26.314095366903842]]]}, "properties": {"congestion_score": 0.984, "congestion_level": "free_flow", "color": "rgb(43,200,43)", "road_pixel_count": 2154}}, {"type": "Feature", "geometry": {"type": "Polygon", "coordinates": [[[50.17078606817898, 26.314095366903842], [50.17078606817898, 26.31634114484132], [50.16861801020344, 26.317464033810058], [50.1664499522279, 26.31634114484132], [50.1664499522279, 26.314095366903842], [50.16861801020344, 26.312972477935105], [50.17078606817898, 26.314095366903842]]]}, "properties": {"congestion_score": 0.962, "congestion_level": "free_flow", "color": "rgb(43,200,43)", "road_pixel_count": 1225}}, {"type": "Feature", "geometry": {"type": "Polygon", "coordinates": [[[50.175122184130046, 26.314095366903842], [50.175122184130046, 26.31634114484132], [50.17295412615451, 26.317464033810058], [50.17078606817898, 26.31634114484132], [50.17078606817898, 26.314095366903842], [50.17295412615451, 26.312972477935105], [50.175122184130046, 26.314095366903842]]]}, "properties": {"congestion_score": 0.97, "congestion_level": "free_flow", "color": "rgb(43,200,43)", "road_pixel_count": 1525}}, {"type": "Feature", "geometry": {"type": "Polygon", "coordinates": [[[50.17945830008112, 26.314095366903842], [50.17945830008112, 26.31634114484132], [50.177290242105585, 26.317464033810058], [50.175122184130046, 26.31634114484132], [50.175122184130046, 26.314095366903842], [50.177290242105585, 26.312972477935105], [50.17945830008112, 26.314095366903842]]]}, "properties": {"congestion_score": 0.963, "congestion_level": "free_flow", "color": "rgb(43,200,43)", "road_pixel_count": 2049}}, {"type": "Feature", "geometry": {"type": "Polygon", "coordinates": [[[50.18379441603219, 26.314095366903842], [50.18379441603219, 26.31634114484132], [50.181626358056654, 26.317464033810058], [50.17945830008112, 26.31634114484132], [50.17945830008112, 26.314095366903842], [50.181626358056654, 26.312972477935105], [50.18379441603219, 26.314095366903842]]]}, "properties": {"congestion_score": 1.0, "congestion_level": "free_flow", "color": "rgb(43,200,43)", "road_pixel_count": 2228}}, {"type": "Feature", "geometry": {"type": "Polygon", "coordinates": [[[50.18813053198327, 26.314095366903842], [50.18813053198327, 26.31634114484132], [50.18596247400773, 26.317464033810058], [50.18379441603219, 26.31634114484132], [50.18379441603219, 26.314095366903842], [50.18596247400773, 26.312972477935105], [50.18813053198327, 26.314095366903842]]]}, "properties": {"congestion_score": 1.0, "congestion_level": "free_flow", "color": "rgb(43,200,43)", "road_pixel_count": 1016}}, {"type": "Feature", "geometry": {"type": "Polygon", "coordinates": [[[50.19246664793434, 26.314095366903842], [50.19246664793434, 26.31634114484132], [50.1902985899588, 26.317464033810058], [50.18813053198327, 26.31634114484132], [50.18813053198327, 26.314095366903842], [50.1902985899588, 26.312972477935105], [50.19246664793434, 26.314095366903842]]]}, "properties": {"congestion_score": 1.0, "congestion_level": "free_flow", "color": "rgb(43,200,43)", "road_pixel_count": 1789}}, {"type": "Feature", "geometry": {"type": "Polygon", "coordinates": [[[50.196802763885415, 26.314095366903842], [50.196802763885415, 26.31634114484132], [50.19463470590988, 26.317464033810058], [50.19246664793434, 26.31634114484132], [50.19246664793434, 26.314095366903842], [50.19463470590988, 26.312972477935105], [50.196802763885415, 26.314095366903842]]]}, "properties": {"congestion_score": 1.0, "congestion_level": "free_flow", "color": "rgb(43,200,43)", "road_pixel_count": 1491}}, {"type": "Feature", "geometry": {"type": "Polygon", "coordinates": [[[50.201138879836485, 26.314095366903842], [50.201138879836485, 26.31634114484132], [50.19897082186095, 26.317464033810058], [50.196802763885415, 26.31634114484132], [50.196802763885415, 26.314095366903842], [50.19897082186095, 26.312972477935105], [50.201138879836485, 26.314095366903842]]]}, "properties": {"congestion_score": 0.999, "congestion_level": "free_flow", "color": "rgb(43,200,43)", "road_pixel_count": 1761}}, {"type": "Feature", "geometry": {"type": "Polygon", "coordinates": [[[50.20547499578756, 26.314095366903842], [50.20547499578756, 26.31634114484132], [50.20330693781202, 26.317464033810058], [50.201138879836485, 26.31634114484132], [50.201138879836485, 26.314095366903842], [50.20330693781202, 26.312972477935105], [50.20547499578756, 26.314095366903842]]]}, "properties": {"congestion_score": 0.999, "congestion_level": "free_flow", "color": "rgb(43,200,43)", "road_pixel_count": 1548}}, {"type": "Feature", "geometry": {"type": "Polygon", "coordinates": [[[50.20981111173863, 26.314095366903842], [50.20981111173863, 26.31634114484132], [50.20764305376309, 26.317464033810058], [50.20547499578756, 26.31634114484132], [50.20547499578756, 26.314095366903842], [50.20764305376309, 26.312972477935105], [50.20981111173863, 26.314095366903842]]]}, "properties": {"congestion_score": 1.0, "congestion_level": "free_flow", "color": "rgb(43,200,43)", "road_pixel_count": 700}}, {"type": "Feature", "geometry": {"type": "Polygon", "coordinates": [[[50.21414722768971, 26.314095366903842], [50.21414722768971, 26.31634114484132], [50.21197916971417, 26.317464033810058], [50.20981111173863, 26.31634114484132], [50.20981111173863, 26.314095366903842], [50.21197916971417, 26.312972477935105], [50.21414722768971, 26.314095366903842]]]}, "properties": {"congestion_score": 0.971, "congestion_level": "free_flow", "color": "rgb(43,200,43)", "road_pixel_count": 2281}}, {"type": "Feature", "geometry": {"type": "Polygon", "coordinates": [[[50.21848334364078, 26.314095366903842], [50.21848334364078, 26.31634114484132], [50.21631528566524, 26.317464033810058], [50.21414722768971, 26.31634114484132], [50.21414722768971, 26.314095366903842], [50.21631528566524, 26.312972477935105], [50.21848334364078, 26.314095366903842]]]}, "properties": {"congestion_score": 0.978, "congestion_level": "free_flow", "color": "rgb(43,200,43)", "road_pixel_count": 2222}}, {"type": "Feature", "geometry": {"type": "Polygon", "coordinates": [[[50.222819459591854, 26.314095366903842], [50.222819459591854, 26.31634114484132], [50.220651401616315, 26.317464033810058], [50.21848334364078, 26.31634114484132], [50.21848334364078, 26.314095366903842], [50.220651401616315, 26.312972477935105], [50.222819459591854, 26.314095366903842]]]}, "properties": {"congestion_score": 1.0, "congestion_level": "free_flow", "color": "rgb(43,200,43)", "road_pixel_count": 1475}}, {"type": "Feature", "geometry": {"type": "Polygon", "coordinates": [[[50.22715557554292, 26.314095366903842], [50.22715557554292, 26.31634114484132], [50.224987517567385, 26.317464033810058], [50.222819459591854, 26.31634114484132], [50.222819459591854, 26.314095366903842], [50.224987517567385, 26.312972477935105], [50.22715557554292, 26.314095366903842]]]}, "properties": {"congestion_score": 0.997, "congestion_level": "free_flow", "color": "rgb(43,200,43)", "road_pixel_count": 2258}}, {"type": "Feature", "geometry": {"type": "Polygon", "coordinates": [[[50.231491691494, 26.314095366903842], [50.231491691494, 26.31634114484132], [50.22932363351846, 26.317464033810058], [50.22715557554292, 26.31634114484132], [50.22715557554292, 26.314095366903842], [50.22932363351846, 26.312972477935105], [50.231491691494, 26.314095366903842]]]}, "properties": {"congestion_score": 1.0, "congestion_level": "free_flow", "color": "rgb(43,200,43)", "road_pixel_count": 1673}}, {"type": "Feature", "geometry": {"type": "Polygon", "coordinates": [[[50.05587899547554, 26.317464033810058], [50.05587899547554, 26.319709811747536], [50.0537109375, 26.320832700716277], [50.05154287952446, 26.319709811747536], [50.05154287952446, 26.317464033810058], [50.0537109375, 26.31634114484132], [50.05587899547554, 26.317464033810058]]]}, "properties": {"congestion_score": 1.0, "congestion_level": "free_flow", "color": "rgb(43,200,43)", "road_pixel_count": 450}}, {"type": "Feature", "geometry": {"type": "Polygon", "coordinates": [[[50.06021511142661, 26.317464033810058], [50.06021511142661, 26.319709811747536], [50.05804705345108, 26.320832700716277], [50.05587899547554, 26.319709811747536], [50.05587899547554, 26.317464033810058], [50.05804705345108, 26.31634114484132], [50.06021511142661, 26.317464033810058]]]}, "properties": {"congestion_score": 1.0, "congestion_level": "free_flow", "color": "rgb(43,200,43)", "road_pixel_count": 1831}}, {"type": "Feature", "geometry": {"type": "Polygon", "coordinates": [[[50.064551227377684, 26.317464033810058], [50.064551227377684, 26.319709811747536], [50.062383169402146, 26.320832700716277], [50.06021511142661, 26.319709811747536], [50.06021511142661, 26.317464033810058], [50.062383169402146, 26.31634114484132], [50.064551227377684, 26.317464033810058]]]}, "properties": {"congestion_score": 1.0, "congestion_level": "free_flow", "color": "rgb(43,200,43)", "road_pixel_count": 71}}, {"type": "Feature", "geometry": {"type": "Polygon", "coordinates": [[[50.10357627093734, 26.317464033810058], [50.10357627093734, 26.319709811747536], [50.10140821296181, 26.320832700716277], [50.09924015498627, 26.319709811747536], [50.09924015498627, 26.317464033810058], [50.10140821296181, 26.31634114484132], [50.10357627093734, 26.317464033810058]]]}, "properties": {"congestion_score": 0.878, "congestion_level": "light_congestion", "color": "rgb(255,255,55)", "road_pixel_count": 284}}, {"type": "Feature", "geometry": {"type": "Polygon", "coordinates": [[[50.107912386888415, 26.317464033810058], [50.107912386888415, 26.319709811747536], [50.10574432891288, 26.320832700716277], [50.10357627093734, 26.319709811747536], [50.10357627093734, 26.317464033810058], [50.10574432891288, 26.31634114484132], [50.107912386888415, 26.317464033810058]]]}, "properties": {"congestion_score": 0.833, "congestion_level": "light_congestion", "color": "rgb(255,255,55)", "road_pixel_count": 1686}}, {"type": "Feature", "geometry": {"type": "Polygon", "coordinates": [[[50.112248502839485, 26.317464033810058], [50.112248502839485, 26.319709811747536], [50.110080444863954, 26.320832700716277], [50.107912386888415, 26.319709811747536], [50.107912386888415, 26.317464033810058], [50.110080444863954, 26.31634114484132], [50.112248502839485, 26.317464033810058]]]}, "properties": {"congestion_score": 0.823, "congestion_level": "light_congestion", "color": "rgb(255,255,55)", "road_pixel_count": 1239}}, {"type": "Feature", "geometry": {"type": "Polygon", "coordinates": [[[50.11658461879056, 26.317464033810058], [50.11658461879056, 26.319709811747536], [50.11441656081502, 26.320832700716277], [50.112248502839485, 26.319709811747536], [50.112248502839485, 26.317464033810058], [50.11441656081502, 26.31634114484132], [50.11658461879056, 26.317464033810058]]]}, "properties": {"congestion_score": 0.857, "congestion_level": "light_congestion", "color": "rgb(255,255,55)", "road_pixel_count": 1438}}, {"type": "Feature", "geometry": {"type": "Polygon", "coordinates": [[[50.12092073474163, 26.317464033810058], [50.12092073474163, 26.319709811747536], [50.1187526767661, 26.320832700716277], [50.11658461879056, 26.319709811747536], [50.11658461879056, 26.317464033810058], [50.1187526767661, 26.31634114484132], [50.12092073474163, 26.317464033810058]]]}, "properties": {"congestion_score": 0.805, "congestion_level": "light_congestion", "color": "rgb(255,255,55)", "road_pixel_count": 1950}}, {"type": "Feature", "geometry": {"type": "Polygon", "coordinates": [[[50.12525685069271, 26.317464033810058], [50.12525685069271, 26.319709811747536], [50.12308879271717, 26.320832700716277], [50.12092073474163, 26.319709811747536], [50.12092073474163, 26.317464033810058], [50.12308879271717, 26.31634114484132], [50.12525685069271, 26.317464033810058]]]}, "properties": {"congestion_score": 0.789, "congestion_level": "light_congestion", "color": "rgb(255,255,55)", "road_pixel_count": 1297}}, {"type": "Feature", "geometry": {"type": "Polygon", "coordinates": [[[50.12959296664378, 26.317464033810058], [50.12959296664378, 26.319709811747536], [50.127424908668246, 26.320832700716277], [50.12525685069271, 26.319709811747536], [50.12525685069271, 26.317464033810058], [50.127424908668246, 26.31634114484132], [50.12959296664378, 26.317464033810058]]]}, "properties": {"congestion_score": 0.834, "congestion_level": "light_congestion", "color": "rgb(255,255,55)", "road_pixel_count": 2179}}, {"type": "Feature", "geometry": {"type": "Polygon", "coordinates": [[[50.133929082594854, 26.317464033810058], [50.133929082594854, 26.319709811747536], [50.131761024619315, 26.320832700716277], [50.12959296664378, 26.319709811747536], [50.12959296664378, 26.317464033810058], [50.131761024619315, 26.31634114484132], [50.133929082594854, 26.317464033810058]]]}, "properties": {"congestion_score": 0.831, "congestion_level": "light_congestion", "color": "rgb(255,255,55)", "road_pixel_count": 1944}}, {"type": "Feature", "geometry": {"type": "Polygon", "coordinates": [[[50.13826519854592, 26.317464033810058], [50.13826519854592, 26.319709811747536], [50.13609714057039, 26.320832700716277], [50.133929082594854, 26.319709811747536], [50.133929082594854, 26.317464033810058], [50.13609714057039, 26.31634114484132], [50.13826519854592, 26.317464033810058]]]}, "properties": {"congestion_score": 0.893, "congestion_level": "light_congestion", "color": "rgb(255,255,55)", "road_pixel_count": 562}}, {"type": "Feature", "geometry": {"type": "Polygon", "coordinates": [[[50.142601314497, 26.317464033810058], [50.142601314497, 26.319709811747536], [50.14043325652146, 26.320832700716277], [50.13826519854592, 26.319709811747536], [50.13826519854592, 26.317464033810058], [50.14043325652146, 26.31634114484132], [50.142601314497, 26.317464033810058]]]}, "properties": {"congestion_score": 0.884, "congestion_level": "light_congestion", "color": "rgb(255,255,55)", "road_pixel_count": 1143}}, {"type": "Feature", "geometry": {"type": "Polygon", "coordinates": [[[50.14693743044807, 26.317464033810058], [50.14693743044807, 26.319709811747536], [50.14476937247254, 26.320832700716277], [50.142601314497, 26.319709811747536], [50.142601314497, 26.317464033810058], [50.14476937247254, 26.31634114484132], [50.14693743044807, 26.317464033810058]]]}, "properties": {"congestion_score": 1.0, "congestion_level": "free_flow", "color": "rgb(43,200,43)", "road_pixel_count": 2204}}, {"type": "Feature", "geometry": {"type": "Polygon", "coordinates": [[[50.151273546399146, 26.317464033810058], [50.151273546399146, 26.319709811747536], [50.14910548842361, 26.320832700716277], [50.14693743044807, 26.319709811747536], [50.14693743044807, 26.317464033810058], [50.14910548842361, 26.31634114484132], [50.151273546399146, 26.317464033810058]]]}, "properties": {"congestion_score": 1.0, "congestion_level": "free_flow", "color": "rgb(43,200,43)", "road_pixel_count": 2701}}, {"type": "Feature", "geometry": {"type": "Polygon", "coordinates": [[[50.155609662350216, 26.317464033810058], [50.155609662350216, 26.319709811747536], [50.153441604374684, 26.320832700716277], [50.151273546399146, 26.319709811747536], [50.151273546399146, 26.317464033810058], [50.153441604374684, 26.31634114484132], [50.155609662350216, 26.317464033810058]]]}, "properties": {"congestion_score": 0.998, "congestion_level": "free_flow", "color": "rgb(43,200,43)", "road_pixel_count": 2635}}, {"type": "Feature", "geometry": {"type": "Polygon", "coordinates": [[[50.15994577830129, 26.317464033810058], [50.15994577830129, 26.319709811747536], [50.157777720325754, 26.320832700716277], [50.155609662350216, 26.319709811747536], [50.155609662350216, 26.317464033810058], [50.157777720325754, 26.31634114484132], [50.15994577830129, 26.317464033810058]]]}, "properties": {"congestion_score": 0.974, "congestion_level": "free_flow", "color": "rgb(43,200,43)", "road_pixel_count": 894}}, {"type": "Feature", "geometry": {"type": "Polygon", "coordinates": [[[50.16428189425236, 26.317464033810058], [50.16428189425236, 26.319709811747536], [50.16211383627683, 26.320832700716277], [50.15994577830129, 26.319709811747536], [50.15994577830129, 26.317464033810058], [50.16211383627683, 26.31634114484132], [50.16428189425236, 26.317464033810058]]]}, "properties": {"congestion_score": 0.998, "congestion_level": "free_flow", "color": "rgb(43,200,43)", "road_pixel_count": 1889}}, {"type": "Feature", "geometry": {"type": "Polygon", "coordinates": [[[50.16861801020344, 26.317464033810058], [50.16861801020344, 26.319709811747536], [50.1664499522279, 26.320832700716277], [50.16428189425236, 26.319709811747536], [50.16428189425236, 26.317464033810058], [50.1664499522279, 26.31634114484132], [50.16861801020344, 26.317464033810058]]]}, "properties": {"congestion_score": 1.0, "congestion_level": "free_flow", "color": "rgb(43,200,43)", "road_pixel_count": 1577}}, {"type": "Feature", "geometry": {"type": "Polygon", "coordinates": [[[50.17295412615451, 26.317464033810058], [50.17295412615451, 26.319709811747536], [50.17078606817898, 26.320832700716277], [50.16861801020344, 26.319709811747536], [50.16861801020344, 26.317464033810058], [50.17078606817898, 26.31634114484132], [50.17295412615451, 26.317464033810058]]]}, "properties": {"congestion_score": 1.0, "congestion_level": "free_flow", "color": "rgb(43,200,43)", "road_pixel_count": 713}}, {"type": "Feature", "geometry": {"type": "Polygon", "coordinates": [[[50.177290242105585, 26.317464033810058], [50.177290242105585, 26.319709811747536], [50.175122184130046, 26.320832700716277], [50.17295412615451, 26.319709811747536], [50.17295412615451, 26.317464033810058], [50.175122184130046, 26.31634114484132], [50.177290242105585, 26.317464033810058]]]}, "properties": {"congestion_score": 1.0, "congestion_level": "free_flow", "color": "rgb(43,200,43)", "road_pixel_count": 874}}, {"type": "Feature", "geometry": {"type": "Polygon", "coordinates": [[[50.181626358056654, 26.317464033810058], [50.181626358056654, 26.319709811747536], [50.17945830008112, 26.320832700716277], [50.177290242105585, 26.319709811747536], [50.177290242105585, 26.317464033810058], [50.17945830008112, 26.31634114484132], [50.181626358056654, 26.317464033810058]]]}, "properties": {"congestion_score": 1.0, "congestion_level": "free_flow", "color": "rgb(43,200,43)", "road_pixel_count": 1790}}, {"type": "Feature", "geometry": {"type": "Polygon", "coordinates": [[[50.18596247400773, 26.317464033810058], [50.18596247400773, 26.319709811747536], [50.18379441603219, 26.320832700716277], [50.181626358056654, 26.319709811747536], [50.181626358056654, 26.317464033810058], [50.18379441603219, 26.31634114484132], [50.18596247400773, 26.317464033810058]]]}, "properties": {"congestion_score": 1.0, "congestion_level": "free_flow", "color": "rgb(43,200,43)", "road_pixel_count": 744}}, {"type": "Feature", "geometry": {"type": "Polygon", "coordinates": [[[50.1902985899588, 26.317464033810058], [50.1902985899588, 26.319709811747536], [50.18813053198327, 26.320832700716277], [50.18596247400773, 26.319709811747536], [50.18596247400773, 26.317464033810058], [50.18813053198327, 26.31634114484132], [50.1902985899588, 26.317464033810058]]]}, "properties": {"congestion_score": 1.0, "congestion_level": "free_flow", "color": "rgb(43,200,43)", "road_pixel_count": 342}}, {"type": "Feature", "geometry": {"type": "Polygon", "coordinates": [[[50.19463470590988, 26.317464033810058], [50.19463470590988, 26.319709811747536], [50.19246664793434, 26.320832700716277], [50.1902985899588, 26.319709811747536], [50.1902985899588, 26.317464033810058], [50.19246664793434, 26.31634114484132], [50.19463470590988, 26.317464033810058]]]}, "properties": {"congestion_score": 1.0, "congestion_level": "free_flow", "color": "rgb(43,200,43)", "road_pixel_count": 1261}}, {"type": "Feature", "geometry": {"type": "Polygon", "coordinates": [[[50.19897082186095, 26.317464033810058], [50.19897082186095, 26.319709811747536], [50.196802763885415, 26.320832700716277], [50.19463470590988, 26.319709811747536], [50.19463470590988, 26.317464033810058], [50.196802763885415, 26.31634114484132], [50.19897082186095, 26.317464033810058]]]}, "properties": {"congestion_score": 1.0, "congestion_level": "free_flow", "color": "rgb(43,200,43)", "road_pixel_count": 1662}}, {"type": "Feature", "geometry": {"type": "Polygon", "coordinates": [[[50.20330693781202, 26.317464033810058], [50.20330693781202, 26.319709811747536], [50.201138879836485, 26.320832700716277], [50.19897082186095, 26.319709811747536], [50.19897082186095, 26.317464033810058], [50.201138879836485, 26.31634114484132], [50.20330693781202, 26.317464033810058]]]}, "properties": {"congestion_score": 0.999, "congestion_level": "free_flow", "color": "rgb(43,200,43)", "road_pixel_count": 1838}}, {"type": "Feature", "geometry": {"type": "Polygon", "coordinates": [[[50.20764305376309, 26.317464033810058], [50.20764305376309, 26.319709811747536], [50.20547499578756, 26.320832700716277], [50.20330693781202, 26.319709811747536], [50.20330693781202, 26.317464033810058], [50.20547499578756, 26.31634114484132], [50.20764305376309, 26.317464033810058]]]}, "properties": {"congestion_score": 0.999, "congestion_level": "free_flow", "color": "rgb(43,200,43)", "road_pixel_count": 2048}}, {"type": "Feature", "geometry": {"type": "Polygon", "coordinates": [[[50.21197916971417, 26.317464033810058], [50.21197916971417, 26.319709811747536], [50.20981111173863, 26.320832700716277], [50.20764305376309, 26.319709811747536], [50.20764305376309, 26.317464033810058], [50.20981111173863, 26.31634114484132], [50.21197916971417, 26.317464033810058]]]}, "properties": {"congestion_score": 0.985, "congestion_level": "free_flow", "color": "rgb(43,200,43)", "road_pixel_count": 2014}}, {"type": "Feature", "geometry": {"type": "Polygon", "coordinates": [[[50.21631528566524, 26.317464033810058], [50.21631528566524, 26.319709811747536], [50.21414722768971, 26.320832700716277], [50.21197916971417, 26.319709811747536], [50.21197916971417, 26.317464033810058], [50.21414722768971, 26.31634114484132], [50.21631528566524, 26.317464033810058]]]}, "properties": {"congestion_score": 0.972, "congestion_level": "free_flow", "color": "rgb(43,200,43)", "road_pixel_count": 1055}}, {"type": "Feature", "geometry": {"type": "Polygon", "coordinates": [[[50.220651401616315, 26.317464033810058], [50.220651401616315, 26.319709811747536], [50.21848334364078, 26.320832700716277], [50.21631528566524, 26.319709811747536], [50.21631528566524, 26.317464033810058], [50.21848334364078, 26.31634114484132], [50.220651401616315, 26.317464033810058]]]}, "properties": {"congestion_score": 0.994, "congestion_level": "free_flow", "color": "rgb(43,200,43)", "road_pixel_count": 894}}, {"type": "Feature", "geometry": {"type": "Polygon", "coordinates": [[[50.224987517567385, 26.317464033810058], [50.224987517567385, 26.319709811747536], [50.222819459591854, 26.320832700716277], [50.220651401616315, 26.319709811747536], [50.220651401616315, 26.317464033810058], [50.222819459591854, 26.31634114484132], [50.224987517567385, 26.317464033810058]]]}, "properties": {"congestion_score": 0.993, "congestion_level": "free_flow", "color": "rgb(43,200,43)", "road_pixel_count": 2196}}, {"type": "Feature", "geometry": {"type": "Polygon", "coordinates": [[[50.22932363351846, 26.317464033810058], [50.22932363351846, 26.319709811747536], [50.22715557554292, 26.320832700716277], [50.224987517567385, 26.319709811747536], [50.224987517567385, 26.317464033810058], [50.22715557554292, 26.31634114484132], [50.22932363351846, 26.317464033810058]]]}, "properties": {"congestion_score": 0.965, "congestion_level": "free_flow", "color": "rgb(43,200,43)", "road_pixel_count": 860}}, {"type": "Feature", "geometry": {"type": "Polygon", "coordinates": [[[50.23365974946953, 26.317464033810058], [50.23365974946953, 26.319709811747536], [50.231491691494, 26.320832700716277], [50.22932363351846, 26.319709811747536], [50.22932363351846, 26.317464033810058], [50.231491691494, 26.31634114484132], [50.23365974946953, 26.317464033810058]]]}, "properties": {"congestion_score": 1.0, "congestion_level": "free_flow", "color": "rgb(43,200,43)", "road_pixel_count": 333}}, {"type": "Feature", "geometry": {"type": "Polygon", "coordinates": [[[50.062383169402146, 26.320832700716277], [50.062383169402146, 26.323078478653752], [50.06021511142661, 26.324201367622493], [50.05804705345108, 26.323078478653752], [50.05804705345108, 26.320832700716277], [50.06021511142661, 26.319709811747536], [50.062383169402146, 26.320832700716277]]]}, "properties": {"congestion_score": 1.0, "congestion_level": "free_flow", "color": "rgb(43,200,43)", "road_pixel_count": 1356}}, {"type": "Feature", "geometry": {"type": "Polygon", "coordinates": [[[50.066719285353216, 26.320832700716277], [50.066719285353216, 26.323078478653752], [50.064551227377684, 26.324201367622493], [50.062383169402146, 26.323078478653752], [50.062383169402146, 26.320832700716277], [50.064551227377684, 26.319709811747536], [50.066719285353216, 26.320832700716277]]]}, "properties": {"congestion_score": 1.0, "congestion_level": "free_flow", "color": "rgb(43,200,43)", "road_pixel_count": 1719}}, {"type": "Feature", "geometry": {"type": "Polygon", "coordinates": [[[50.07105540130429, 26.320832700716277], [50.07105540130429, 26.323078478653752], [50.068887343328754, 26.324201367622493], [50.06671928535322, 26.323078478653752], [50.06671928535322, 26.320832700716277], [50.068887343328754, 26.319709811747536], [50.07105540130429, 26.320832700716277]]]}, "properties": {"congestion_score": 1.0, "congestion_level": "free_flow", "color": "rgb(43,200,43)", "road_pixel_count": 214}}, {"type": "Feature", "geometry": {"type": "Polygon", "coordinates": [[[50.10574432891288, 26.320832700716277], [50.10574432891288, 26.323078478653752], [50.10357627093734, 26.324201367622493], [50.10140821296181, 26.323078478653752], [50.10140821296181, 26.320832700716277], [50.10357627093734, 26.319709811747536], [50.10574432891288, 26.320832700716277]]]}, "properties": {"congestion_score": 0.875, "congestion_level": "light_congestion", "color": "rgb(255,255,55)", "road_pixel_count": 1209}}, {"type": "Feature", "geometry": {"type": "Polygon", "coordinates": [[[50.110080444863954, 26.320832700716277], [50.110080444863954, 26.323078478653752], [50.107912386888415, 26.324201367622493], [50.10574432891288, 26.323078478653752], [50.10574432891288, 26.320832700716277], [50.107912386888415, 26.319709811747536], [50.110080444863954, 26.320832700716277]]]}, "properties": {"congestion_score": 0.766, "congestion_level": "light_congestion", "color": "rgb(255,255,55)", "road_pixel_count": 1266}}, {"type": "Feature", "geometry": {"type": "Polygon", "coordinates": [[[50.11441656081502, 26.320832700716277], [50.11441656081502, 26.323078478653752], [50.112248502839485, 26.324201367622493], [50.110080444863954, 26.323078478653752], [50.110080444863954, 26.320832700716277], [50.112248502839485, 26.319709811747536], [50.11441656081502, 26.320832700716277]]]}, "properties": {"congestion_score": 0.89, "congestion_level": "light_congestion", "color": "rgb(255,255,55)", "road_pixel_count": 1937}}, {"type": "Feature", "geometry": {"type": "Polygon", "coordinates": [[[50.1187526767661, 26.320832700716277], [50.1187526767661, 26.323078478653752], [50.11658461879056, 26.324201367622493], [50.11441656081502, 26.323078478653752], [50.11441656081502, 26.320832700716277], [50.11658461879056, 26.319709811747536], [50.1187526767661, 26.320832700716277]]]}, "properties": {"congestion_score": 0.834, "congestion_level": "light_congestion", "color": "rgb(255,255,55)", "road_pixel_count": 797}}, {"type": "Feature", "geometry": {"type": "Polygon", "coordinates": [[[50.127424908668246, 26.320832700716277], [50.127424908668246, 26.323078478653752], [50.12525685069271, 26.324201367622493], [50.12308879271717, 26.323078478653752], [50.12308879271717, 26.320832700716277], [50.12525685069271, 26.319709811747536], [50.127424908668246, 26.320832700716277]]]}, "properties": {"congestion_score": 0.229, "congestion_level": "heavy_traffic", "color": "rgb(255,35,35)", "road_pixel_count": 8}}, {"type": "Feature", "geometry": {"type": "Polygon", "coordinates": [[[50.131761024619315, 26.320832700716277], [50.131761024619315, 26.323078478653752], [50.12959296664378, 26.324201367622493], [50.127424908668246, 26.323078478653752], [50.127424908668246, 26.320832700716277], [50.12959296664378, 26.319709811747536], [50.131761024619315, 26.320832700716277]]]}, "properties": {"congestion_score": 0.902, "congestion_level": "light_congestion", "color": "rgb(255,255,55)", "road_pixel_count": 1032}}, {"type": "Feature", "geometry": {"type": "Polygon", "coordinates": [[[50.13609714057039, 26.320832700716277], [50.13609714057039, 26.323078478653752], [50.133929082594854, 26.324201367622493], [50.131761024619315, 26.323078478653752], [50.131761024619315, 26.320832700716277], [50.133929082594854, 26.319709811747536], [50.13609714057039, 26.320832700716277]]]}, "properties": {"congestion_score": 0.655, "congestion_level": "light_congestion", "color": "rgb(255,255,55)", "road_pixel_count": 1190}}, {"type": "Feature", "geometry": {"type": "Polygon", "coordinates": [[[50.14043325652146, 26.320832700716277], [50.14043325652146, 26.323078478653752], [50.13826519854592, 26.324201367622493], [50.13609714057039, 26.323078478653752], [50.13609714057039, 26.320832700716277], [50.13826519854592, 26.319709811747536], [50.14043325652146, 26.320832700716277]]]}, "properties": {"congestion_score": 0.897, "congestion_level": "light_congestion", "color": "rgb(255,255,55)", "road_pixel_count": 660}}, {"type": "Feature", "geometry": {"type": "Polygon", "coordinates": [[[50.14476937247254, 26.320832700716277], [50.14476937247254, 26.323078478653752], [50.142601314497, 26.324201367622493], [50.14043325652146, 26.323078478653752], [50.14043325652146, 26.320832700716277], [50.142601314497, 26.319709811747536], [50.14476937247254, 26.320832700716277]]]}, "properties": {"congestion_score": 1.0, "congestion_level": "free_flow", "color": "rgb(43,200,43)", "road_pixel_count": 847}}, {"type": "Feature", "geometry": {"type": "Polygon", "coordinates": [[[50.14910548842361, 26.320832700716277], [50.14910548842361, 26.323078478653752], [50.14693743044807, 26.324201367622493], [50.14476937247254, 26.323078478653752], [50.14476937247254, 26.320832700716277], [50.14693743044807, 26.319709811747536], [50.14910548842361, 26.320832700716277]]]}, "properties": {"congestion_score": 1.0, "congestion_level": "free_flow", "color": "rgb(43,200,43)", "road_pixel_count": 2002}}, {"type": "Feature", "geometry": {"type": "Polygon", "coordinates": [[[50.153441604374684, 26.320832700716277], [50.153441604374684, 26.323078478653752], [50.151273546399146, 26.324201367622493], [50.14910548842361, 26.323078478653752], [50.14910548842361, 26.320832700716277], [50.151273546399146, 26.319709811747536], [50.153441604374684, 26.320832700716277]]]}, "properties": {"congestion_score": 1.0, "congestion_level": "free_flow", "color": "rgb(43,200,43)", "road_pixel_count": 3384}}, {"type": "Feature", "geometry": {"type": "Polygon", "coordinates": [[[50.157777720325754, 26.320832700716277], [50.157777720325754, 26.323078478653752], [50.155609662350216, 26.324201367622493], [50.153441604374684, 26.323078478653752], [50.153441604374684, 26.320832700716277], [50.155609662350216, 26.319709811747536], [50.157777720325754, 26.320832700716277]]]}, "properties": {"congestion_score": 0.997, "congestion_level": "free_flow", "color": "rgb(43,200,43)", "road_pixel_count": 2297}}, {"type": "Feature", "geometry": {"type": "Polygon", "coordinates": [[[50.16211383627683, 26.320832700716277], [50.16211383627683, 26.323078478653752], [50.15994577830129, 26.324201367622493], [50.157777720325754, 26.323078478653752], [50.157777720325754, 26.320832700716277], [50.15994577830129, 26.319709811747536], [50.16211383627683, 26.320832700716277]]]}, "properties": {"congestion_score": 0.874, "congestion_level": "light_congestion", "color": "rgb(255,255,55)", "road_pixel_count": 1966}}, {"type": "Feature", "geometry": {"type": "Polygon", "coordinates": [[[50.1664499522279, 26.320832700716277], [50.1664499522279, 26.323078478653752], [50.16428189425236, 26.324201367622493], [50.16211383627683, 26.323078478653752], [50.16211383627683, 26.320832700716277], [50.16428189425236, 26.319709811747536], [50.1664499522279, 26.320832700716277]]]}, "properties": {"congestion_score": 1.0, "congestion_level": "free_flow", "color": "rgb(43,200,43)", "road_pixel_count": 2274}}, {"type": "Feature", "geometry": {"type": "Polygon", "coordinates": [[[50.17078606817898, 26.320832700716277], [50.17078606817898, 26.323078478653752], [50.16861801020344, 26.324201367622493], [50.1664499522279, 26.323078478653752], [50.1664499522279, 26.320832700716277], [50.16861801020344, 26.319709811747536], [50.17078606817898, 26.320832700716277]]]}, "properties": {"congestion_score": 1.0, "congestion_level": "free_flow", "color": "rgb(43,200,43)", "road_pixel_count": 1448}}, {"type": "Feature", "geometry": {"type": "Polygon", "coordinates": [[[50.175122184130046, 26.320832700716277], [50.175122184130046, 26.323078478653752], [50.17295412615451, 26.324201367622493], [50.17078606817898, 26.323078478653752], [50.17078606817898, 26.320832700716277], [50.17295412615451, 26.319709811747536], [50.175122184130046, 26.320832700716277]]]}, "properties": {"congestion_score": 1.0, "congestion_level": "free_flow", "color": "rgb(43,200,43)", "road_pixel_count": 66}}, {"type": "Feature", "geometry": {"type": "Polygon", "coordinates": [[[50.17945830008112, 26.320832700716277], [50.17945830008112, 26.323078478653752], [50.177290242105585, 26.324201367622493], [50.175122184130046, 26.323078478653752], [50.175122184130046, 26.320832700716277], [50.177290242105585, 26.319709811747536], [50.17945830008112, 26.320832700716277]]]}, "properties": {"congestion_score": 1.0, "congestion_level": "free_flow", "color": "rgb(43,200,43)", "road_pixel_count": 613}}, {"type": "Feature", "geometry": {"type": "Polygon", "coordinates": [[[50.18379441603219, 26.320832700716277], [50.18379441603219, 26.323078478653752], [50.181626358056654, 26.324201367622493], [50.17945830008112, 26.323078478653752], [50.17945830008112, 26.320832700716277], [50.181626358056654, 26.319709811747536], [50.18379441603219, 26.320832700716277]]]}, "properties": {"congestion_score": 1.0, "congestion_level": "free_flow", "color": "rgb(43,200,43)", "road_pixel_count": 1530}}, {"type": "Feature", "geometry": {"type": "Polygon", "coordinates": [[[50.18813053198327, 26.320832700716277], [50.18813053198327, 26.323078478653752], [50.18596247400773, 26.324201367622493], [50.18379441603219, 26.323078478653752], [50.18379441603219, 26.320832700716277], [50.18596247400773, 26.319709811747536], [50.18813053198327, 26.320832700716277]]]}, "properties": {"congestion_score": 1.0, "congestion_level": "free_flow", "color": "rgb(43,200,43)", "road_pixel_count": 1138}}, {"type": "Feature", "geometry": {"type": "Polygon", "coordinates": [[[50.19246664793434, 26.320832700716277], [50.19246664793434, 26.323078478653752], [50.1902985899588, 26.324201367622493], [50.18813053198327, 26.323078478653752], [50.18813053198327, 26.320832700716277], [50.1902985899588, 26.319709811747536], [50.19246664793434, 26.320832700716277]]]}, "properties": {"congestion_score": 1.0, "congestion_level": "free_flow", "color": "rgb(43,200,43)", "road_pixel_count": 2320}}, {"type": "Feature", "geometry": {"type": "Polygon", "coordinates": [[[50.196802763885415, 26.320832700716277], [50.196802763885415, 26.323078478653752], [50.19463470590988, 26.324201367622493], [50.19246664793434, 26.323078478653752], [50.19246664793434, 26.320832700716277], [50.19463470590988, 26.319709811747536], [50.196802763885415, 26.320832700716277]]]}, "properties": {"congestion_score": 1.0, "congestion_level": "free_flow", "color": "rgb(43,200,43)", "road_pixel_count": 2304}}, {"type": "Feature", "geometry": {"type": "Polygon", "coordinates": [[[50.201138879836485, 26.320832700716277], [50.201138879836485, 26.323078478653752], [50.19897082186095, 26.324201367622493], [50.196802763885415, 26.323078478653752], [50.196802763885415, 26.320832700716277], [50.19897082186095, 26.319709811747536], [50.201138879836485, 26.320832700716277]]]}, "properties": {"congestion_score": 1.0, "congestion_level": "free_flow", "color": "rgb(43,200,43)", "road_pixel_count": 1312}}, {"type": "Feature", "geometry": {"type": "Polygon", "coordinates": [[[50.20547499578756, 26.320832700716277], [50.20547499578756, 26.323078478653752], [50.20330693781202, 26.324201367622493], [50.201138879836485, 26.323078478653752], [50.201138879836485, 26.320832700716277], [50.20330693781202, 26.319709811747536], [50.20547499578756, 26.320832700716277]]]}, "properties": {"congestion_score": 1.0, "congestion_level": "free_flow", "color": "rgb(43,200,43)", "road_pixel_count": 993}}, {"type": "Feature", "geometry": {"type": "Polygon", "coordinates": [[[50.20981111173863, 26.320832700716277], [50.20981111173863, 26.323078478653752], [50.20764305376309, 26.324201367622493], [50.20547499578756, 26.323078478653752], [50.20547499578756, 26.320832700716277], [50.20764305376309, 26.319709811747536], [50.20981111173863, 26.320832700716277]]]}, "properties": {"congestion_score": 0.989, "congestion_level": "free_flow", "color": "rgb(43,200,43)", "road_pixel_count": 2357}}, {"type": "Feature", "geometry": {"type": "Polygon", "coordinates": [[[50.21414722768971, 26.320832700716277], [50.21414722768971, 26.323078478653752], [50.21197916971417, 26.324201367622493], [50.20981111173863, 26.323078478653752], [50.20981111173863, 26.320832700716277], [50.21197916971417, 26.319709811747536], [50.21414722768971, 26.320832700716277]]]}, "properties": {"congestion_score": 1.0, "congestion_level": "free_flow", "color": "rgb(43,200,43)", "road_pixel_count": 1172}}, {"type": "Feature", "geometry": {"type": "Polygon", "coordinates": [[[50.21848334364078, 26.320832700716277], [50.21848334364078, 26.323078478653752], [50.21631528566524, 26.324201367622493], [50.21414722768971, 26.323078478653752], [50.21414722768971, 26.320832700716277], [50.21631528566524, 26.319709811747536], [50.21848334364078, 26.320832700716277]]]}, "properties": {"congestion_score": 0.996, "congestion_level": "free_flow", "color": "rgb(43,200,43)", "road_pixel_count": 2748}}, {"type": "Feature", "geometry": {"type": "Polygon", "coordinates": [[[50.222819459591854, 26.320832700716277], [50.222819459591854, 26.323078478653752], [50.220651401616315, 26.324201367622493], [50.21848334364078, 26.323078478653752], [50.21848334364078, 26.320832700716277], [50.220651401616315, 26.319709811747536], [50.222819459591854, 26.320832700716277]]]}, "properties": {"congestion_score": 0.996, "congestion_level": "free_flow", "color": "rgb(43,200,43)", "road_pixel_count": 2460}}, {"type": "Feature", "geometry": {"type": "Polygon", "coordinates": [[[50.22715557554292, 26.320832700716277], [50.22715557554292, 26.323078478653752], [50.224987517567385, 26.324201367622493], [50.222819459591854, 26.323078478653752], [50.222819459591854, 26.320832700716277], [50.224987517567385, 26.319709811747536], [50.22715557554292, 26.320832700716277]]]}, "properties": {"congestion_score": 0.978, "congestion_level": "free_flow", "color": "rgb(43,200,43)", "road_pixel_count": 1914}}, {"type": "Feature", "geometry": {"type": "Polygon", "coordinates": [[[50.231491691494, 26.320832700716277], [50.231491691494, 26.323078478653752], [50.22932363351846, 26.324201367622493], [50.22715557554292, 26.323078478653752], [50.22715557554292, 26.320832700716277], [50.22932363351846, 26.319709811747536], [50.231491691494, 26.320832700716277]]]}, "properties": {"congestion_score": 0.993, "congestion_level": "free_flow", "color": "rgb(43,200,43)", "road_pixel_count": 1270}}, {"type": "Feature", "geometry": {"type": "Polygon", "coordinates": [[[50.068887343328754, 26.324201367622493], [50.068887343328754, 26.32644714555997], [50.06671928535322, 26.32757003452871], [50.064551227377684, 26.32644714555997], [50.064551227377684, 26.324201367622493], [50.06671928535322, 26.323078478653752], [50.068887343328754, 26.324201367622493]]]}, "properties": {"congestion_score": 1.0, "congestion_level": "free_flow", "color": "rgb(43,200,43)", "road_pixel_count": 1147}}, {"type": "Feature", "geometry": {"type": "Polygon", "coordinates": [[[50.07322345927983, 26.324201367622493], [50.07322345927983, 26.32644714555997], [50.07105540130429, 26.32757003452871], [50.068887343328754, 26.32644714555997], [50.068887343328754, 26.324201367622493], [50.07105540130429, 26.323078478653752], [50.07322345927983, 26.324201367622493]]]}, "properties": {"congestion_score": 1.0, "congestion_level": "free_flow", "color": "rgb(43,200,43)", "road_pixel_count": 1862}}, {"type": "Feature", "geometry": {"type": "Polygon", "coordinates": [[[50.0775595752309, 26.324201367622493], [50.0775595752309, 26.32644714555997], [50.07539151725537, 26.32757003452871], [50.07322345927983, 26.32644714555997], [50.07322345927983, 26.324201367622493], [50.07539151725537, 26.323078478653752], [50.0775595752309, 26.324201367622493]]]}, "properties": {"congestion_score": 1.0, "congestion_level": "free_flow", "color": "rgb(43,200,43)", "road_pixel_count": 1968}}, {"type": "Feature", "geometry": {"type": "Polygon", "coordinates": [[[50.08189569118198, 26.324201367622493], [50.08189569118198, 26.32644714555997], [50.07972763320644, 26.32757003452871], [50.0775595752309, 26.32644714555997], [50.0775595752309, 26.324201367622493], [50.07972763320644, 26.323078478653752], [50.08189569118198, 26.324201367622493]]]}, "properties": {"congestion_score": 1.0, "congestion_level": "free_flow", "color": "rgb(43,200,43)", "road_pixel_count": 132}}, {"type": "Feature", "geometry": {"type": "Polygon", "coordinates": [[[50.09924015498627, 26.324201367622493], [50.09924015498627, 26.32644714555997], [50.09707209701073, 26.32757003452871], [50.09490403903519, 26.32644714555997], [50.09490403903519, 26.324201367622493], [50.09707209701073, 26.323078478653752], [50.09924015498627, 26.324201367622493]]]}, "properties": {"congestion_score": 0.83, "congestion_level": "light_congestion", "color": "rgb(255,255,55)", "road_pixel_count": 158}}, {"type": "Feature", "geometry": {"type": "Polygon", "coordinates": [[[50.10357627093734, 26.324201367622493], [50.10357627093734, 26.32644714555997], [50.10140821296181, 26.32757003452871], [50.09924015498627, 26.32644714555997], [50.09924015498627, 26.324201367622493], [50.10140821296181, 26.323078478653752], [50.10357627093734, 26.324201367622493]]]}, "properties": {"congestion_score": 0.876, "congestion_level": "light_congestion", "color": "rgb(255,255,55)", "road_pixel_count": 1196}}, {"type": "Feature", "geometry": {"type": "Polygon", "coordinates": [[[50.107912386888415, 26.324201367622493], [50.107912386888415, 26.32644714555997], [50.10574432891288, 26.32757003452871], [50.10357627093734, 26.32644714555997], [50.10357627093734, 26.324201367622493], [50.10574432891288, 26.323078478653752], [50.107912386888415, 26.324201367622493]]]}, "properties": {"congestion_score": 0.967, "congestion_level": "free_flow", "color": "rgb(43,200,43)", "road_pixel_count": 2305}}, {"type": "Feature", "geometry": {"type": "Polygon", "coordinates": [[[50.112248502839485, 26.324201367622493], [50.112248502839485, 26.32644714555997], [50.110080444863954, 26.32757003452871], [50.107912386888415, 26.32644714555997], [50.107912386888415, 26.324201367622493], [50.110080444863954, 26.323078478653752], [50.112248502839485, 26.324201367622493]]]}, "properties": {"congestion_score": 0.996, "congestion_level": "free_flow", "color": "rgb(43,200,43)", "road_pixel_count": 897}}, {"type": "Feature", "geometry": {"type": "Polygon", "coordinates": [[[50.11658461879056, 26.324201367622493], [50.11658461879056, 26.32644714555997], [50.11441656081502, 26.32757003452871], [50.112248502839485, 26.32644714555997], [50.112248502839485, 26.324201367622493], [50.11441656081502, 26.323078478653752], [50.11658461879056, 26.324201367622493]]]}, "properties": {"congestion_score": 0.999, "congestion_level": "free_flow", "color": "rgb(43,200,43)", "road_pixel_count": 839}}, {"type": "Feature", "geometry": {"type": "Polygon", "coordinates": [[[50.12959296664378, 26.324201367622493], [50.12959296664378, 26.32644714555997], [50.127424908668246, 26.32757003452871], [50.12525685069271, 26.32644714555997], [50.12525685069271, 26.324201367622493], [50.127424908668246, 26.323078478653752], [50.12959296664378, 26.324201367622493]]]}, "properties": {"congestion_score": 0.858, "congestion_level": "light_congestion", "color": "rgb(255,255,55)", "road_pixel_count": 1339}}, {"type": "Feature", "geometry": {"type": "Polygon", "coordinates": [[[50.13826519854592, 26.324201367622493], [50.13826519854592, 26.32644714555997], [50.13609714057039, 26.32757003452871], [50.133929082594854, 26.32644714555997], [50.133929082594854, 26.324201367622493], [50.13609714057039, 26.323078478653752], [50.13826519854592, 26.324201367622493]]]}, "properties": {"congestion_score": 0.724, "congestion_level": "light_congestion", "color": "rgb(255,255,55)", "road_pixel_count": 738}}, {"type": "Feature", "geometry": {"type": "Polygon", "coordinates": [[[50.142601314497, 26.324201367622493], [50.142601314497, 26.32644714555997], [50.14043325652146, 26.32757003452871], [50.13826519854592, 26.32644714555997], [50.13826519854592, 26.324201367622493], [50.14043325652146, 26.323078478653752], [50.142601314497, 26.324201367622493]]]}, "properties": {"congestion_score": 0.912, "congestion_level": "light_congestion", "color": "rgb(255,255,55)", "road_pixel_count": 1748}}, {"type": "Feature", "geometry": {"type": "Polygon", "coordinates": [[[50.14693743044807, 26.324201367622493], [50.14693743044807, 26.32644714555997], [50.14476937247254, 26.32757003452871], [50.142601314497, 26.32644714555997], [50.142601314497, 26.324201367622493], [50.14476937247254, 26.323078478653752], [50.14693743044807, 26.324201367622493]]]}, "properties": {"congestion_score": 1.0, "congestion_level": "free_flow", "color": "rgb(43,200,43)", "road_pixel_count": 2067}}, {"type": "Feature", "geometry": {"type": "Polygon", "coordinates": [[[50.151273546399146, 26.324201367622493], [50.151273546399146, 26.32644714555997], [50.14910548842361, 26.32757003452871], [50.14693743044807, 26.32644714555997], [50.14693743044807, 26.324201367622493], [50.14910548842361, 26.323078478653752], [50.151273546399146, 26.324201367622493]]]}, "properties": {"congestion_score": 1.0, "congestion_level": "free_flow", "color": "rgb(43,200,43)", "road_pixel_count": 2466}}, {"type": "Feature", "geometry": {"type": "Polygon", "coordinates": [[[50.155609662350216, 26.324201367622493], [50.155609662350216, 26.32644714555997], [50.153441604374684, 26.32757003452871], [50.151273546399146, 26.32644714555997], [50.151273546399146, 26.324201367622493], [50.153441604374684, 26.323078478653752], [50.155609662350216, 26.324201367622493]]]}, "properties": {"congestion_score": 1.0, "congestion_level": "free_flow", "color": "rgb(43,200,43)", "road_pixel_count": 2768}}, {"type": "Feature", "geometry": {"type": "Polygon", "coordinates": [[[50.15994577830129, 26.324201367622493], [50.15994577830129, 26.32644714555997], [50.157777720325754, 26.32757003452871], [50.155609662350216, 26.32644714555997], [50.155609662350216, 26.324201367622493], [50.157777720325754, 26.323078478653752], [50.15994577830129, 26.324201367622493]]]}, "properties": {"congestion_score": 0.999, "congestion_level": "free_flow", "color": "rgb(43,200,43)", "road_pixel_count": 1518}}, {"type": "Feature", "geometry": {"type": "Polygon", "coordinates": [[[50.16428189425236, 26.324201367622493], [50.16428189425236, 26.32644714555997], [50.16211383627683, 26.32757003452871], [50.15994577830129, 26.32644714555997], [50.15994577830129, 26.324201367622493], [50.16211383627683, 26.323078478653752], [50.16428189425236, 26.324201367622493]]]}, "properties": {"congestion_score": 0.992, "congestion_level": "free_flow", "color": "rgb(43,200,43)", "road_pixel_count": 982}}, {"type": "Feature", "geometry": {"type": "Polygon", "coordinates": [[[50.16861801020344, 26.324201367622493], [50.16861801020344, 26.32644714555997], [50.1664499522279, 26.32757003452871], [50.16428189425236, 26.32644714555997], [50.16428189425236, 26.324201367622493], [50.1664499522279, 26.323078478653752], [50.16861801020344, 26.324201367622493]]]}, "properties": {"congestion_score": 0.995, "congestion_level": "free_flow", "color": "rgb(43,200,43)", "road_pixel_count": 2576}}, {"type": "Feature", "geometry": {"type": "Polygon", "coordinates": [[[50.17295412615451, 26.324201367622493], [50.17295412615451, 26.32644714555997], [50.17078606817898, 26.32757003452871], [50.16861801020344, 26.32644714555997], [50.16861801020344, 26.324201367622493], [50.17078606817898, 26.323078478653752], [50.17295412615451, 26.324201367622493]]]}, "properties": {"congestion_score": 1.0, "congestion_level": "free_flow", "color": "rgb(43,200,43)", "road_pixel_count": 2199}}, {"type": "Feature", "geometry": {"type": "Polygon", "coordinates": [[[50.177290242105585, 26.324201367622493], [50.177290242105585, 26.32644714555997], [50.175122184130046, 26.32757003452871], [50.17295412615451, 26.32644714555997], [50.17295412615451, 26.324201367622493], [50.175122184130046, 26.323078478653752], [50.177290242105585, 26.324201367622493]]]}, "properties": {"congestion_score": 1.0, "congestion_level": "free_flow", "color": "rgb(43,200,43)", "road_pixel_count": 653}}, {"type": "Feature", "geometry": {"type": "Polygon", "coordinates": [[[50.181626358056654, 26.324201367622493], [50.181626358056654, 26.32644714555997], [50.17945830008112, 26.32757003452871], [50.177290242105585, 26.32644714555997], [50.177290242105585, 26.324201367622493], [50.17945830008112, 26.323078478653752], [50.181626358056654, 26.324201367622493]]]}, "properties": {"congestion_score": 1.0, "congestion_level": "free_flow", "color": "rgb(43,200,43)", "road_pixel_count": 2069}}, {"type": "Feature", "geometry": {"type": "Polygon", "coordinates": [[[50.18596247400773, 26.324201367622493], [50.18596247400773, 26.32644714555997], [50.18379441603219, 26.32757003452871], [50.181626358056654, 26.32644714555997], [50.181626358056654, 26.324201367622493], [50.18379441603219, 26.323078478653752], [50.18596247400773, 26.324201367622493]]]}, "properties": {"congestion_score": 1.0, "congestion_level": "free_flow", "color": "rgb(43,200,43)", "road_pixel_count": 860}}, {"type": "Feature", "geometry": {"type": "Polygon", "coordinates": [[[50.1902985899588, 26.324201367622493], [50.1902985899588, 26.32644714555997], [50.18813053198327, 26.32757003452871], [50.18596247400773, 26.32644714555997], [50.18596247400773, 26.324201367622493], [50.18813053198327, 26.323078478653752], [50.1902985899588, 26.324201367622493]]]}, "properties": {"congestion_score": 1.0, "congestion_level": "free_flow", "color": "rgb(43,200,43)", "road_pixel_count": 1691}}, {"type": "Feature", "geometry": {"type": "Polygon", "coordinates": [[[50.19463470590988, 26.324201367622493], [50.19463470590988, 26.32644714555997], [50.19246664793434, 26.32757003452871], [50.1902985899588, 26.32644714555997], [50.1902985899588, 26.324201367622493], [50.19246664793434, 26.323078478653752], [50.19463470590988, 26.324201367622493]]]}, "properties": {"congestion_score": 1.0, "congestion_level": "free_flow", "color": "rgb(43,200,43)", "road_pixel_count": 766}}, {"type": "Feature", "geometry": {"type": "Polygon", "coordinates": [[[50.19897082186095, 26.324201367622493], [50.19897082186095, 26.32644714555997], [50.196802763885415, 26.32757003452871], [50.19463470590988, 26.32644714555997], [50.19463470590988, 26.324201367622493], [50.196802763885415, 26.323078478653752], [50.19897082186095, 26.324201367622493]]]}, "properties": {"congestion_score": 1.0, "congestion_level": "free_flow", "color": "rgb(43,200,43)", "road_pixel_count": 1140}}, {"type": "Feature", "geometry": {"type": "Polygon", "coordinates": [[[50.20330693781202, 26.324201367622493], [50.20330693781202, 26.32644714555997], [50.201138879836485, 26.32757003452871], [50.19897082186095, 26.32644714555997], [50.19897082186095, 26.324201367622493], [50.201138879836485, 26.323078478653752], [50.20330693781202, 26.324201367622493]]]}, "properties": {"congestion_score": 1.0, "congestion_level": "free_flow", "color": "rgb(43,200,43)", "road_pixel_count": 919}}, {"type": "Feature", "geometry": {"type": "Polygon", "coordinates": [[[50.20764305376309, 26.324201367622493], [50.20764305376309, 26.32644714555997], [50.20547499578756, 26.32757003452871], [50.20330693781202, 26.32644714555997], [50.20330693781202, 26.324201367622493], [50.20547499578756, 26.323078478653752], [50.20764305376309, 26.324201367622493]]]}, "properties": {"congestion_score": 0.996, "congestion_level": "free_flow", "color": "rgb(43,200,43)", "road_pixel_count": 2600}}, {"type": "Feature", "geometry": {"type": "Polygon", "coordinates": [[[50.21197916971417, 26.324201367622493], [50.21197916971417, 26.32644714555997], [50.20981111173863, 26.32757003452871], [50.20764305376309, 26.32644714555997], [50.20764305376309, 26.324201367622493], [50.20981111173863, 26.323078478653752], [50.21197916971417, 26.324201367622493]]]}, "properties": {"congestion_score": 0.969, "congestion_level": "free_flow", "color": "rgb(43,200,43)", "road_pixel_count": 1530}}, {"type": "Feature", "geometry": {"type": "Polygon", "coordinates": [[[50.21631528566524, 26.324201367622493], [50.21631528566524, 26.32644714555997], [50.21414722768971, 26.32757003452871], [50.21197916971417, 26.32644714555997], [50.21197916971417, 26.324201367622493], [50.21414722768971, 26.323078478653752], [50.21631528566524, 26.324201367622493]]]}, "properties": {"congestion_score": 0.967, "congestion_level": "free_flow", "color": "rgb(43,200,43)", "road_pixel_count": 2363}}, {"type": "Feature", "geometry": {"type": "Polygon", "coordinates": [[[50.220651401616315, 26.324201367622493], [50.220651401616315, 26.32644714555997], [50.21848334364078, 26.32757003452871], [50.21631528566524, 26.32644714555997], [50.21631528566524, 26.324201367622493], [50.21848334364078, 26.323078478653752], [50.220651401616315, 26.324201367622493]]]}, "properties": {"congestion_score": 0.976, "congestion_level": "free_flow", "color": "rgb(43,200,43)", "road_pixel_count": 389}}, {"type": "Feature", "geometry": {"type": "Polygon", "coordinates": [[[50.224987517567385, 26.324201367622493], [50.224987517567385, 26.32644714555997], [50.222819459591854, 26.32757003452871], [50.220651401616315, 26.32644714555997], [50.220651401616315, 26.324201367622493], [50.222819459591854, 26.323078478653752], [50.224987517567385, 26.324201367622493]]]}, "properties": {"congestion_score": 1.0, "congestion_level": "free_flow", "color": "rgb(43,200,43)", "road_pixel_count": 122}}, {"type": "Feature", "geometry": {"type": "Polygon", "coordinates": [[[50.22932363351846, 26.324201367622493], [50.22932363351846, 26.32644714555997], [50.22715557554292, 26.32757003452871], [50.224987517567385, 26.32644714555997], [50.224987517567385, 26.324201367622493], [50.22715557554292, 26.323078478653752], [50.22932363351846, 26.324201367622493]]]}, "properties": {"congestion_score": 1.0, "congestion_level": "free_flow", "color": "rgb(43,200,43)", "road_pixel_count": 1641}}, {"type": "Feature", "geometry": {"type": "Polygon", "coordinates": [[[50.07539151725537, 26.32757003452871], [50.07539151725537, 26.329815812466187], [50.07322345927983, 26.330938701434924], [50.07105540130429, 26.329815812466187], [50.07105540130429, 26.32757003452871], [50.07322345927983, 26.32644714555997], [50.07539151725537, 26.32757003452871]]]}, "properties": {"congestion_score": 1.0, "congestion_level": "free_flow", "color": "rgb(43,200,43)", "road_pixel_count": 157}}, {"type": "Feature", "geometry": {"type": "Polygon", "coordinates": [[[50.07972763320644, 26.32757003452871], [50.07972763320644, 26.329815812466187], [50.0775595752309, 26.330938701434924], [50.07539151725537, 26.329815812466187], [50.07539151725537, 26.32757003452871], [50.0775595752309, 26.32644714555997], [50.07972763320644, 26.32757003452871]]]}, "properties": {"congestion_score": 1.0, "congestion_level": "free_flow", "color": "rgb(43,200,43)", "road_pixel_count": 1834}}, {"type": "Feature", "geometry": {"type": "Polygon", "coordinates": [[[50.084063749157515, 26.32757003452871], [50.084063749157515, 26.329815812466187], [50.08189569118198, 26.330938701434924], [50.07972763320644, 26.329815812466187], [50.07972763320644, 26.32757003452871], [50.08189569118198, 26.32644714555997], [50.084063749157515, 26.32757003452871]]]}, "properties": {"congestion_score": 1.0, "congestion_level": "free_flow", "color": "rgb(43,200,43)", "road_pixel_count": 1958}}, {"type": "Feature", "geometry": {"type": "Polygon", "coordinates": [[[50.088399865108585, 26.32757003452871], [50.088399865108585, 26.329815812466187], [50.086231807133046, 26.330938701434924], [50.084063749157515, 26.329815812466187], [50.084063749157515, 26.32757003452871], [50.086231807133046, 26.32644714555997], [50.088399865108585, 26.32757003452871]]]}, "properties": {"congestion_score": 0.999, "congestion_level": "free_flow", "color": "rgb(43,200,43)", "road_pixel_count": 1575}}, {"type": "Feature", "geometry": {"type": "Polygon", "coordinates": [[[50.09273598105966, 26.32757003452871], [50.09273598105966, 26.329815812466187], [50.09056792308412, 26.330938701434924], [50.088399865108585, 26.329815812466187], [50.088399865108585, 26.32757003452871], [50.09056792308412, 26.32644714555997], [50.09273598105966, 26.32757003452871]]]}, "properties": {"congestion_score": 0.987, "congestion_level": "free_flow", "color": "rgb(43,200,43)", "road_pixel_count": 1074}}, {"type": "Feature", "geometry": {"type": "Polygon", "coordinates": [[[50.09707209701073, 26.32757003452871], [50.09707209701073, 26.329815812466187], [50.09490403903519, 26.330938701434924], [50.09273598105966, 26.329815812466187], [50.09273598105966, 26.32757003452871], [50.09490403903519, 26.32644714555997], [50.09707209701073, 26.32757003452871]]]}, "properties": {"congestion_score": 0.987, "congestion_level": "free_flow", "color": "rgb(43,200,43)", "road_pixel_count": 1356}}, {"type": "Feature", "geometry": {"type": "Polygon", "coordinates": [[[50.10140821296181, 26.32757003452871], [50.10140821296181, 26.329815812466187], [50.09924015498627, 26.330938701434924], [50.09707209701073, 26.329815812466187], [50.09707209701073, 26.32757003452871], [50.09924015498627, 26.32644714555997], [50.10140821296181, 26.32757003452871]]]}, "properties": {"congestion_score": 0.952, "congestion_level": "free_flow", "color": "rgb(43,200,43)", "road_pixel_count": 1038}}, {"type": "Feature", "geometry": {"type": "Polygon", "coordinates": [[[50.10574432891288, 26.32757003452871], [50.10574432891288, 26.329815812466187], [50.10357627093734, 26.330938701434924], [50.10140821296181, 26.329815812466187], [50.10140821296181, 26.32757003452871], [50.10357627093734, 26.32644714555997], [50.10574432891288, 26.32757003452871]]]}, "properties": {"congestion_score": 0.939, "congestion_level": "light_congestion", "color": "rgb(255,255,55)", "road_pixel_count": 2054}}, {"type": "Feature", "geometry": {"type": "Polygon", "coordinates": [[[50.110080444863954, 26.32757003452871], [50.110080444863954, 26.329815812466187], [50.107912386888415, 26.330938701434924], [50.10574432891288, 26.329815812466187], [50.10574432891288, 26.32757003452871], [50.107912386888415, 26.32644714555997], [50.110080444863954, 26.32757003452871]]]}, "properties": {"congestion_score": 0.998, "congestion_level": "free_flow", "color": "rgb(43,200,43)", "road_pixel_count": 424}}, {"type": "Feature", "geometry": {"type": "Polygon", "coordinates": [[[50.11441656081502, 26.32757003452871], [50.11441656081502, 26.329815812466187], [50.112248502839485, 26.330938701434924], [50.110080444863954, 26.329815812466187], [50.110080444863954, 26.32757003452871], [50.112248502839485, 26.32644714555997], [50.11441656081502, 26.32757003452871]]]}, "properties": {"congestion_score": 0.999, "congestion_level": "free_flow", "color": "rgb(43,200,43)", "road_pixel_count": 1186}}, {"type": "Feature", "geometry": {"type": "Polygon", "coordinates": [[[50.127424908668246, 26.32757003452871], [50.127424908668246, 26.329815812466187], [50.12525685069271, 26.330938701434924], [50.12308879271717, 26.329815812466187], [50.12308879271717, 26.32757003452871], [50.12525685069271, 26.32644714555997], [50.127424908668246, 26.32757003452871]]]}, "properties": {"congestion_score": 0.774, "congestion_level": "light_congestion", "color": "rgb(255,255,55)", "road_pixel_count": 1284}}, {"type": "Feature", "geometry": {"type": "Polygon", "coordinates": [[[50.131761024619315, 26.32757003452871], [50.131761024619315, 26.329815812466187], [50.12959296664378, 26.330938701434924], [50.127424908668246, 26.329815812466187], [50.127424908668246, 26.32757003452871], [50.12959296664378, 26.32644714555997], [50.131761024619315, 26.32757003452871]]]}, "properties": {"congestion_score": 0.845, "congestion_level": "light_congestion", "color": "rgb(255,255,55)", "road_pixel_count": 232}}, {"type": "Feature", "geometry": {"type": "Polygon", "coordinates": [[[50.14043325652146, 26.32757003452871], [50.14043325652146, 26.329815812466187], [50.13826519854592, 26.330938701434924], [50.13609714057039, 26.329815812466187], [50.13609714057039, 26.32757003452871], [50.13826519854592, 26.32644714555997], [50.14043325652146, 26.32757003452871]]]}, "properties": {"congestion_score": 0.962, "congestion_level": "free_flow", "color": "rgb(43,200,43)", "road_pixel_count": 1182}}, {"type": "Feature", "geometry": {"type": "Polygon", "coordinates": [[[50.14476937247254, 26.32757003452871], [50.14476937247254, 26.329815812466187], [50.142601314497, 26.330938701434924], [50.14043325652146, 26.329815812466187], [50.14043325652146, 26.32757003452871], [50.142601314497, 26.32644714555997], [50.14476937247254, 26.32757003452871]]]}, "properties": {"congestion_score": 0.981, "congestion_level": "free_flow", "color": "rgb(43,200,43)", "road_pixel_count": 3246}}, {"type": "Feature", "geometry": {"type": "Polygon", "coordinates": [[[50.14910548842361, 26.32757003452871], [50.14910548842361, 26.329815812466187], [50.14693743044807, 26.330938701434924], [50.14476937247254, 26.329815812466187], [50.14476937247254, 26.32757003452871], [50.14693743044807, 26.32644714555997], [50.14910548842361, 26.32757003452871]]]}, "properties": {"congestion_score": 0.992, "congestion_level": "free_flow", "color": "rgb(43,200,43)", "road_pixel_count": 866}}, {"type": "Feature", "geometry": {"type": "Polygon", "coordinates": [[[50.153441604374684, 26.32757003452871], [50.153441604374684, 26.329815812466187], [50.151273546399146, 26.330938701434924], [50.14910548842361, 26.329815812466187], [50.14910548842361, 26.32757003452871], [50.151273546399146, 26.32644714555997], [50.153441604374684, 26.32757003452871]]]}, "properties": {"congestion_score": 0.996, "congestion_level": "free_flow", "color": "rgb(43,200,43)", "road_pixel_count": 1304}}, {"type": "Feature", "geometry": {"type": "Polygon", "coordinates": [[[50.157777720325754, 26.32757003452871], [50.157777720325754, 26.329815812466187], [50.155609662350216, 26.330938701434924], [50.153441604374684, 26.329815812466187], [50.153441604374684, 26.32757003452871], [50.155609662350216, 26.32644714555997], [50.157777720325754, 26.32757003452871]]]}, "properties": {"congestion_score": 0.998, "congestion_level": "free_flow", "color": "rgb(43,200,43)", "road_pixel_count": 3305}}, {"type": "Feature", "geometry": {"type": "Polygon", "coordinates": [[[50.16211383627683, 26.32757003452871], [50.16211383627683, 26.329815812466187], [50.15994577830129, 26.330938701434924], [50.157777720325754, 26.329815812466187], [50.157777720325754, 26.32757003452871], [50.15994577830129, 26.32644714555997], [50.16211383627683, 26.32757003452871]]]}, "properties": {"congestion_score": 1.0, "congestion_level": "free_flow", "color": "rgb(43,200,43)", "road_pixel_count": 1908}}, {"type": "Feature", "geometry": {"type": "Polygon", "coordinates": [[[50.1664499522279, 26.32757003452871], [50.1664499522279, 26.329815812466187], [50.16428189425236, 26.330938701434924], [50.16211383627683, 26.329815812466187], [50.16211383627683, 26.32757003452871], [50.16428189425236, 26.32644714555997], [50.1664499522279, 26.32757003452871]]]}, "properties": {"congestion_score": 0.997, "congestion_level": "free_flow", "color": "rgb(43,200,43)", "road_pixel_count": 2035}}, {"type": "Feature", "geometry": {"type": "Polygon", "coordinates": [[[50.17078606817898, 26.32757003452871], [50.17078606817898, 26.329815812466187], [50.16861801020344, 26.330938701434924], [50.1664499522279, 26.329815812466187], [50.1664499522279, 26.32757003452871], [50.16861801020344, 26.32644714555997], [50.17078606817898, 26.32757003452871]]]}, "properties": {"congestion_score": 0.989, "congestion_level": "free_flow", "color": "rgb(43,200,43)", "road_pixel_count": 2867}}, {"type": "Feature", "geometry": {"type": "Polygon", "coordinates": [[[50.175122184130046, 26.32757003452871], [50.175122184130046, 26.329815812466187], [50.17295412615451, 26.330938701434924], [50.17078606817898, 26.329815812466187], [50.17078606817898, 26.32757003452871], [50.17295412615451, 26.32644714555997], [50.175122184130046, 26.32757003452871]]]}, "properties": {"congestion_score": 0.981, "congestion_level": "free_flow", "color": "rgb(43,200,43)", "road_pixel_count": 2162}}, {"type": "Feature", "geometry": {"type": "Polygon", "coordinates": [[[50.17945830008112, 26.32757003452871], [50.17945830008112, 26.329815812466187], [50.177290242105585, 26.330938701434924], [50.175122184130046, 26.329815812466187], [50.175122184130046, 26.32757003452871], [50.177290242105585, 26.32644714555997], [50.17945830008112, 26.32757003452871]]]}, "properties": {"congestion_score": 0.996, "congestion_level": "free_flow", "color": "rgb(43,200,43)", "road_pixel_count": 1676}}, {"type": "Feature", "geometry": {"type": "Polygon", "coordinates": [[[50.18379441603219, 26.32757003452871], [50.18379441603219, 26.329815812466187], [50.181626358056654, 26.330938701434924], [50.17945830008112, 26.329815812466187], [50.17945830008112, 26.32757003452871], [50.181626358056654, 26.32644714555997], [50.18379441603219, 26.32757003452871]]]}, "properties": {"congestion_score": 0.995, "congestion_level": "free_flow", "color": "rgb(43,200,43)", "road_pixel_count": 1271}}, {"type": "Feature", "geometry": {"type": "Polygon", "coordinates": [[[50.18813053198327, 26.32757003452871], [50.18813053198327, 26.329815812466187], [50.18596247400773, 26.330938701434924], [50.18379441603219, 26.329815812466187], [50.18379441603219, 26.32757003452871], [50.18596247400773, 26.32644714555997], [50.18813053198327, 26.32757003452871]]]}, "properties": {"congestion_score": 1.0, "congestion_level": "free_flow", "color": "rgb(43,200,43)", "road_pixel_count": 472}}, {"type": "Feature", "geometry": {"type": "Polygon", "coordinates": [[[50.19246664793434, 26.32757003452871], [50.19246664793434, 26.329815812466187], [50.1902985899588, 26.330938701434924], [50.18813053198327, 26.329815812466187], [50.18813053198327, 26.32757003452871], [50.1902985899588, 26.32644714555997], [50.19246664793434, 26.32757003452871]]]}, "properties": {"congestion_score": 1.0, "congestion_level": "free_flow", "color": "rgb(43,200,43)", "road_pixel_count": 920}}, {"type": "Feature", "geometry": {"type": "Polygon", "coordinates": [[[50.196802763885415, 26.32757003452871], [50.196802763885415, 26.329815812466187], [50.19463470590988, 26.330938701434924], [50.19246664793434, 26.329815812466187], [50.19246664793434, 26.32757003452871], [50.19463470590988, 26.32644714555997], [50.196802763885415, 26.32757003452871]]]}, "properties": {"congestion_score": 1.0, "congestion_level": "free_flow", "color": "rgb(43,200,43)", "road_pixel_count": 538}}, {"type": "Feature", "geometry": {"type": "Polygon", "coordinates": [[[50.20547499578756, 26.32757003452871], [50.20547499578756, 26.329815812466187], [50.20330693781202, 26.330938701434924], [50.201138879836485, 26.329815812466187], [50.201138879836485, 26.32757003452871], [50.20330693781202, 26.32644714555997], [50.20547499578756, 26.32757003452871]]]}, "properties": {"congestion_score": 0.991, "congestion_level": "free_flow", "color": "rgb(43,200,43)", "road_pixel_count": 1714}}, {"type": "Feature", "geometry": {"type": "Polygon", "coordinates": [[[50.20981111173863, 26.32757003452871], [50.20981111173863, 26.329815812466187], [50.20764305376309, 26.330938701434924], [50.20547499578756, 26.329815812466187], [50.20547499578756, 26.32757003452871], [50.20764305376309, 26.32644714555997], [50.20981111173863, 26.32757003452871]]]}, "properties": {"congestion_score": 0.978, "congestion_level": "free_flow", "color": "rgb(43,200,43)", "road_pixel_count": 860}}, {"type": "Feature", "geometry": {"type": "Polygon", "coordinates": [[[50.21414722768971, 26.32757003452871], [50.21414722768971, 26.329815812466187], [50.21197916971417, 26.330938701434924], [50.20981111173863, 26.329815812466187], [50.20981111173863, 26.32757003452871], [50.21197916971417, 26.32644714555997], [50.21414722768971, 26.32757003452871]]]}, "properties": {"congestion_score": 0.954, "congestion_level": "free_flow", "color": "rgb(43,200,43)", "road_pixel_count": 2170}}, {"type": "Feature", "geometry": {"type": "Polygon", "coordinates": [[[50.21848334364078, 26.32757003452871], [50.21848334364078, 26.329815812466187], [50.21631528566524, 26.330938701434924], [50.21414722768971, 26.329815812466187], [50.21414722768971, 26.32757003452871], [50.21631528566524, 26.32644714555997], [50.21848334364078, 26.32757003452871]]]}, "properties": {"congestion_score": 1.0, "congestion_level": "free_flow", "color": "rgb(43,200,43)", "road_pixel_count": 951}}, {"type": "Feature", "geometry": {"type": "Polygon", "coordinates": [[[50.22715557554292, 26.32757003452871], [50.22715557554292, 26.329815812466187], [50.224987517567385, 26.330938701434924], [50.222819459591854, 26.329815812466187], [50.222819459591854, 26.32757003452871], [50.224987517567385, 26.32644714555997], [50.22715557554292, 26.32757003452871]]]}, "properties": {"congestion_score": 1.0, "congestion_level": "free_flow", "color": "rgb(43,200,43)", "road_pixel_count": 838}}, {"type": "Feature", "geometry": {"type": "Polygon", "coordinates": [[[50.231491691494, 26.32757003452871], [50.231491691494, 26.329815812466187], [50.22932363351846, 26.330938701434924], [50.22715557554292, 26.329815812466187], [50.22715557554292, 26.32757003452871], [50.22932363351846, 26.32644714555997], [50.231491691494, 26.32757003452871]]]}, "properties": {"congestion_score": 1.0, "congestion_level": "free_flow", "color": "rgb(43,200,43)", "road_pixel_count": 185}}, {"type": "Feature", "geometry": {"type": "Polygon", "coordinates": [[[50.0775595752309, 26.330938701434924], [50.0775595752309, 26.333184479372402], [50.07539151725537, 26.33430736834114], [50.07322345927983, 26.333184479372402], [50.07322345927983, 26.330938701434924], [50.07539151725537, 26.329815812466187], [50.0775595752309, 26.330938701434924]]]}, "properties": {"congestion_score": 1.0, "congestion_level": "free_flow", "color": "rgb(43,200,43)", "road_pixel_count": 425}}, {"type": "Feature", "geometry": {"type": "Polygon", "coordinates": [[[50.08189569118198, 26.330938701434924], [50.08189569118198, 26.333184479372402], [50.07972763320644, 26.33430736834114], [50.0775595752309, 26.333184479372402], [50.0775595752309, 26.330938701434924], [50.07972763320644, 26.329815812466187], [50.08189569118198, 26.330938701434924]]]}, "properties": {"congestion_score": 1.0, "congestion_level": "free_flow", "color": "rgb(43,200,43)", "road_pixel_count": 397}}, {"type": "Feature", "geometry": {"type": "Polygon", "coordinates": [[[50.086231807133046, 26.330938701434924], [50.086231807133046, 26.333184479372402], [50.084063749157515, 26.33430736834114], [50.08189569118198, 26.333184479372402], [50.08189569118198, 26.330938701434924], [50.084063749157515, 26.329815812466187], [50.086231807133046, 26.330938701434924]]]}, "properties": {"congestion_score": 1.0, "congestion_level": "free_flow", "color": "rgb(43,200,43)", "road_pixel_count": 167}}, {"type": "Feature", "geometry": {"type": "Polygon", "coordinates": [[[50.09056792308412, 26.330938701434924], [50.09056792308412, 26.333184479372402], [50.088399865108585, 26.33430736834114], [50.086231807133046, 26.333184479372402], [50.086231807133046, 26.330938701434924], [50.088399865108585, 26.329815812466187], [50.09056792308412, 26.330938701434924]]]}, "properties": {"congestion_score": 1.0, "congestion_level": "free_flow", "color": "rgb(43,200,43)", "road_pixel_count": 1468}}, {"type": "Feature", "geometry": {"type": "Polygon", "coordinates": [[[50.09490403903519, 26.330938701434924], [50.09490403903519, 26.333184479372402], [50.09273598105966, 26.33430736834114], [50.09056792308412, 26.333184479372402], [50.09056792308412, 26.330938701434924], [50.09273598105966, 26.329815812466187], [50.09490403903519, 26.330938701434924]]]}, "properties": {"congestion_score": 1.0, "congestion_level": "free_flow", "color": "rgb(43,200,43)", "road_pixel_count": 1925}}, {"type": "Feature", "geometry": {"type": "Polygon", "coordinates": [[[50.09924015498627, 26.330938701434924], [50.09924015498627, 26.333184479372402], [50.09707209701073, 26.33430736834114], [50.09490403903519, 26.333184479372402], [50.09490403903519, 26.330938701434924], [50.09707209701073, 26.329815812466187], [50.09924015498627, 26.330938701434924]]]}, "properties": {"congestion_score": 1.0, "congestion_level": "free_flow", "color": "rgb(43,200,43)", "road_pixel_count": 1354}}, {"type": "Feature", "geometry": {"type": "Polygon", "coordinates": [[[50.10357627093734, 26.330938701434924], [50.10357627093734, 26.333184479372402], [50.10140821296181, 26.33430736834114], [50.09924015498627, 26.333184479372402], [50.09924015498627, 26.330938701434924], [50.10140821296181, 26.329815812466187], [50.10357627093734, 26.330938701434924]]]}, "properties": {"congestion_score": 1.0, "congestion_level": "free_flow", "color": "rgb(43,200,43)", "road_pixel_count": 191}}, {"type": "Feature", "geometry": {"type": "Polygon", "coordinates": [[[50.107912386888415, 26.330938701434924], [50.107912386888415, 26.333184479372402], [50.10574432891288, 26.33430736834114], [50.10357627093734, 26.333184479372402], [50.10357627093734, 26.330938701434924], [50.10574432891288, 26.329815812466187], [50.107912386888415, 26.330938701434924]]]}, "properties": {"congestion_score": 1.0, "congestion_level": "free_flow", "color": "rgb(43,200,43)", "road_pixel_count": 1161}}, {"type": "Feature", "geometry": {"type": "Polygon", "coordinates": [[[50.112248502839485, 26.330938701434924], [50.112248502839485, 26.333184479372402], [50.110080444863954, 26.33430736834114], [50.107912386888415, 26.333184479372402], [50.107912386888415, 26.330938701434924], [50.110080444863954, 26.329815812466187], [50.112248502839485, 26.330938701434924]]]}, "properties": {"congestion_score": 0.997, "congestion_level": "free_flow", "color": "rgb(43,200,43)", "road_pixel_count": 1958}}, {"type": "Feature", "geometry": {"type": "Polygon", "coordinates": [[[50.12092073474163, 26.330938701434924], [50.12092073474163, 26.333184479372402], [50.1187526767661, 26.33430736834114], [50.11658461879056, 26.333184479372402], [50.11658461879056, 26.330938701434924], [50.1187526767661, 26.329815812466187], [50.12092073474163, 26.330938701434924]]]}, "properties": {"congestion_score": 0.521, "congestion_level": "heavy_traffic", "color": "rgb(255,35,35)", "road_pixel_count": 17}}, {"type": "Feature", "geometry": {"type": "Polygon", "coordinates": [[[50.12525685069271, 26.330938701434924], [50.12525685069271, 26.333184479372402], [50.12308879271717, 26.33430736834114], [50.12092073474163, 26.333184479372402], [50.12092073474163, 26.330938701434924], [50.12308879271717, 26.329815812466187], [50.12525685069271, 26.330938701434924]]]}, "properties": {"congestion_score": 0.954, "congestion_level": "free_flow", "color": "rgb(43,200,43)", "road_pixel_count": 1373}}, {"type": "Feature", "geometry": {"type": "Polygon", "coordinates": [[[50.12959296664378, 26.330938701434924], [50.12959296664378, 26.333184479372402], [50.127424908668246, 26.33430736834114], [50.12525685069271, 26.333184479372402], [50.12525685069271, 26.330938701434924], [50.127424908668246, 26.329815812466187], [50.12959296664378, 26.330938701434924]]]}, "properties": {"congestion_score": 0.905, "congestion_level": "light_congestion", "color": "rgb(255,255,55)", "road_pixel_count": 1079}}, {"type": "Feature", "geometry": {"type": "Polygon", "coordinates": [[[50.133929082594854, 26.330938701434924], [50.133929082594854, 26.333184479372402], [50.131761024619315, 26.33430736834114], [50.12959296664378, 26.333184479372402], [50.12959296664378, 26.330938701434924], [50.131761024619315, 26.329815812466187], [50.133929082594854, 26.330938701434924]]]}, "properties": {"congestion_score": 0.998, "congestion_level": "free_flow", "color": "rgb(43,200,43)", "road_pixel_count": 619}}, {"type": "Feature", "geometry": {"type": "Polygon", "coordinates": [[[50.13826519854592, 26.330938701434924], [50.13826519854592, 26.333184479372402], [50.13609714057039, 26.33430736834114], [50.133929082594854, 26.333184479372402], [50.133929082594854, 26.330938701434924], [50.13609714057039, 26.329815812466187], [50.13826519854592, 26.330938701434924]]]}, "properties": {"congestion_score": 1.0, "congestion_level": "free_flow", "color": "rgb(43,200,43)", "road_pixel_count": 2009}}, {"type": "Feature", "geometry": {"type": "Polygon", "coordinates": [[[50.142601314497, 26.330938701434924], [50.142601314497, 26.333184479372402], [50.14043325652146, 26.33430736834114], [50.13826519854592, 26.333184479372402], [50.13826519854592, 26.330938701434924], [50.14043325652146, 26.329815812466187], [50.142601314497, 26.330938701434924]]]}, "properties": {"congestion_score": 1.0, "congestion_level": "free_flow", "color": "rgb(43,200,43)", "road_pixel_count": 785}}, {"type": "Feature", "geometry": {"type": "Polygon", "coordinates": [[[50.14693743044807, 26.330938701434924], [50.14693743044807, 26.333184479372402], [50.14476937247254, 26.33430736834114], [50.142601314497, 26.333184479372402], [50.142601314497, 26.330938701434924], [50.14476937247254, 26.329815812466187], [50.14693743044807, 26.330938701434924]]]}, "properties": {"congestion_score": 0.983, "congestion_level": "free_flow", "color": "rgb(43,200,43)", "road_pixel_count": 2316}}, {"type": "Feature", "geometry": {"type": "Polygon", "coordinates": [[[50.151273546399146, 26.330938701434924], [50.151273546399146, 26.333184479372402], [50.14910548842361, 26.33430736834114], [50.14693743044807, 26.333184479372402], [50.14693743044807, 26.330938701434924], [50.14910548842361, 26.329815812466187], [50.151273546399146, 26.330938701434924]]]}, "properties": {"congestion_score": 0.998, "congestion_level": "free_flow", "color": "rgb(43,200,43)", "road_pixel_count": 1764}}, {"type": "Feature", "geometry": {"type": "Polygon", "coordinates": [[[50.155609662350216, 26.330938701434924], [50.155609662350216, 26.333184479372402], [50.153441604374684, 26.33430736834114], [50.151273546399146, 26.333184479372402], [50.151273546399146, 26.330938701434924], [50.153441604374684, 26.329815812466187], [50.155609662350216, 26.330938701434924]]]}, "properties": {"congestion_score": 0.982, "congestion_level": "free_flow", "color": "rgb(43,200,43)", "road_pixel_count": 3142}}, {"type": "Feature", "geometry": {"type": "Polygon", "coordinates": [[[50.15994577830129, 26.330938701434924], [50.15994577830129, 26.333184479372402], [50.157777720325754, 26.33430736834114], [50.155609662350216, 26.333184479372402], [50.155609662350216, 26.330938701434924], [50.157777720325754, 26.329815812466187], [50.15994577830129, 26.330938701434924]]]}, "properties": {"congestion_score": 1.0, "congestion_level": "free_flow", "color": "rgb(43,200,43)", "road_pixel_count": 1290}}, {"type": "Feature", "geometry": {"type": "Polygon", "coordinates": [[[50.16428189425236, 26.330938701434924], [50.16428189425236, 26.333184479372402], [50.16211383627683, 26.33430736834114], [50.15994577830129, 26.333184479372402], [50.15994577830129, 26.330938701434924], [50.16211383627683, 26.329815812466187], [50.16428189425236, 26.330938701434924]]]}, "properties": {"congestion_score": 0.997, "congestion_level": "free_flow", "color": "rgb(43,200,43)", "road_pixel_count": 2181}}, {"type": "Feature", "geometry": {"type": "Polygon", "coordinates": [[[50.16861801020344, 26.330938701434924], [50.16861801020344, 26.333184479372402], [50.1664499522279, 26.33430736834114], [50.16428189425236, 26.333184479372402], [50.16428189425236, 26.330938701434924], [50.1664499522279, 26.329815812466187], [50.16861801020344, 26.330938701434924]]]}, "properties": {"congestion_score": 0.982, "congestion_level": "free_flow", "color": "rgb(43,200,43)", "road_pixel_count": 1496}}, {"type": "Feature", "geometry": {"type": "Polygon", "coordinates": [[[50.17295412615451, 26.330938701434924], [50.17295412615451, 26.333184479372402], [50.17078606817898, 26.33430736834114], [50.16861801020344, 26.333184479372402], [50.16861801020344, 26.330938701434924], [50.17078606817898, 26.329815812466187], [50.17295412615451, 26.330938701434924]]]}, "properties": {"congestion_score": 0.977, "congestion_level": "free_flow", "color": "rgb(43,200,43)", "road_pixel_count": 2037}}, {"type": "Feature", "geometry": {"type": "Polygon", "coordinates": [[[50.177290242105585, 26.330938701434924], [50.177290242105585, 26.333184479372402], [50.175122184130046, 26.33430736834114], [50.17295412615451, 26.333184479372402], [50.17295412615451, 26.330938701434924], [50.175122184130046, 26.329815812466187], [50.177290242105585, 26.330938701434924]]]}, "properties": {"congestion_score": 0.894, "congestion_level": "light_congestion", "color": "rgb(255,255,55)", "road_pixel_count": 1315}}, {"type": "Feature", "geometry": {"type": "Polygon", "coordinates": [[[50.181626358056654, 26.330938701434924], [50.181626358056654, 26.333184479372402], [50.17945830008112, 26.33430736834114], [50.177290242105585, 26.333184479372402], [50.177290242105585, 26.330938701434924], [50.17945830008112, 26.329815812466187], [50.181626358056654, 26.330938701434924]]]}, "properties": {"congestion_score": 0.979, "congestion_level": "free_flow", "color": "rgb(43,200,43)", "road_pixel_count": 3007}}, {"type": "Feature", "geometry": {"type": "Polygon", "coordinates": [[[50.18596247400773, 26.330938701434924], [50.18596247400773, 26.333184479372402], [50.18379441603219, 26.33430736834114], [50.181626358056654, 26.333184479372402], [50.181626358056654, 26.330938701434924], [50.18379441603219, 26.329815812466187], [50.18596247400773, 26.330938701434924]]]}, "properties": {"congestion_score": 0.965, "congestion_level": "free_flow", "color": "rgb(43,200,43)", "road_pixel_count": 885}}, {"type": "Feature", "geometry": {"type": "Polygon", "coordinates": [[[50.1902985899588, 26.330938701434924], [50.1902985899588, 26.333184479372402], [50.18813053198327, 26.33430736834114], [50.18596247400773, 26.333184479372402], [50.18596247400773, 26.330938701434924], [50.18813053198327, 26.329815812466187], [50.1902985899588, 26.330938701434924]]]}, "properties": {"congestion_score": 1.0, "congestion_level": "free_flow", "color": "rgb(43,200,43)", "road_pixel_count": 1546}}, {"type": "Feature", "geometry": {"type": "Polygon", "coordinates": [[[50.19897082186095, 26.330938701434924], [50.19897082186095, 26.333184479372402], [50.196802763885415, 26.33430736834114], [50.19463470590988, 26.333184479372402], [50.19463470590988, 26.330938701434924], [50.196802763885415, 26.329815812466187], [50.19897082186095, 26.330938701434924]]]}, "properties": {"congestion_score": 0.976, "congestion_level": "free_flow", "color": "rgb(43,200,43)", "road_pixel_count": 796}}, {"type": "Feature", "geometry": {"type": "Polygon", "coordinates": [[[50.20330693781202, 26.330938701434924], [50.20330693781202, 26.333184479372402], [50.201138879836485, 26.33430736834114], [50.19897082186095, 26.333184479372402], [50.19897082186095, 26.330938701434924], [50.201138879836485, 26.329815812466187], [50.20330693781202, 26.330938701434924]]]}, "properties": {"congestion_score": 0.994, "congestion_level": "free_flow", "color": "rgb(43,200,43)", "road_pixel_count": 1803}}, {"type": "Feature", "geometry": {"type": "Polygon", "coordinates": [[[50.20764305376309, 26.330938701434924], [50.20764305376309, 26.333184479372402], [50.20547499578756, 26.33430736834114], [50.20330693781202, 26.333184479372402], [50.20330693781202, 26.330938701434924], [50.20547499578756, 26.329815812466187], [50.20764305376309, 26.330938701434924]]]}, "properties": {"congestion_score": 0.981, "congestion_level": "free_flow", "color": "rgb(43,200,43)", "road_pixel_count": 898}}, {"type": "Feature", "geometry": {"type": "Polygon", "coordinates": [[[50.21197916971417, 26.330938701434924], [50.21197916971417, 26.333184479372402], [50.20981111173863, 26.33430736834114], [50.20764305376309, 26.333184479372402], [50.20764305376309, 26.330938701434924], [50.20981111173863, 26.329815812466187], [50.21197916971417, 26.330938701434924]]]}, "properties": {"congestion_score": 0.984, "congestion_level": "free_flow", "color": "rgb(43,200,43)", "road_pixel_count": 1882}}, {"type": "Feature", "geometry": {"type": "Polygon", "coordinates": [[[50.21631528566524, 26.330938701434924], [50.21631528566524, 26.333184479372402], [50.21414722768971, 26.33430736834114], [50.21197916971417, 26.333184479372402], [50.21197916971417, 26.330938701434924], [50.21414722768971, 26.329815812466187], [50.21631528566524, 26.330938701434924]]]}, "properties": {"congestion_score": 1.0, "congestion_level": "free_flow", "color": "rgb(43,200,43)", "road_pixel_count": 1970}}, {"type": "Feature", "geometry": {"type": "Polygon", "coordinates": [[[50.220651401616315, 26.330938701434924], [50.220651401616315, 26.333184479372402], [50.21848334364078, 26.33430736834114], [50.21631528566524, 26.333184479372402], [50.21631528566524, 26.330938701434924], [50.21848334364078, 26.329815812466187], [50.220651401616315, 26.330938701434924]]]}, "properties": {"congestion_score": 1.0, "congestion_level": "free_flow", "color": "rgb(43,200,43)", "road_pixel_count": 658}}, {"type": "Feature", "geometry": {"type": "Polygon", "coordinates": [[[50.224987517567385, 26.330938701434924], [50.224987517567385, 26.333184479372402], [50.222819459591854, 26.33430736834114], [50.220651401616315, 26.333184479372402], [50.220651401616315, 26.330938701434924], [50.222819459591854, 26.329815812466187], [50.224987517567385, 26.330938701434924]]]}, "properties": {"congestion_score": 1.0, "congestion_level": "free_flow", "color": "rgb(43,200,43)", "road_pixel_count": 709}}, {"type": "Feature", "geometry": {"type": "Polygon", "coordinates": [[[50.22932363351846, 26.330938701434924], [50.22932363351846, 26.333184479372402], [50.22715557554292, 26.33430736834114], [50.224987517567385, 26.333184479372402], [50.224987517567385, 26.330938701434924], [50.22715557554292, 26.329815812466187], [50.22932363351846, 26.330938701434924]]]}, "properties": {"congestion_score": 1.0, "congestion_level": "free_flow", "color": "rgb(43,200,43)", "road_pixel_count": 1110}}, {"type": "Feature", "geometry": {"type": "Polygon", "coordinates": [[[50.084063749157515, 26.33430736834114], [50.084063749157515, 26.336553146278618], [50.08189569118198, 26.33767603524736], [50.07972763320644, 26.336553146278618], [50.07972763320644, 26.33430736834114], [50.08189569118198, 26.333184479372402], [50.084063749157515, 26.33430736834114]]]}, "properties": {"congestion_score": 1.0, "congestion_level": "free_flow", "color": "rgb(43,200,43)", "road_pixel_count": 555}}, {"type": "Feature", "geometry": {"type": "Polygon", "coordinates": [[[50.088399865108585, 26.33430736834114], [50.088399865108585, 26.336553146278618], [50.086231807133046, 26.33767603524736], [50.084063749157515, 26.336553146278618], [50.084063749157515, 26.33430736834114], [50.086231807133046, 26.333184479372402], [50.088399865108585, 26.33430736834114]]]}, "properties": {"congestion_score": 1.0, "congestion_level": "free_flow", "color": "rgb(43,200,43)", "road_pixel_count": 309}}, {"type": "Feature", "geometry": {"type": "Polygon", "coordinates": [[[50.09707209701073, 26.33430736834114], [50.09707209701073, 26.336553146278618], [50.09490403903519, 26.33767603524736], [50.09273598105966, 26.336553146278618], [50.09273598105966, 26.33430736834114], [50.09490403903519, 26.333184479372402], [50.09707209701073, 26.33430736834114]]]}, "properties": {"congestion_score": 1.0, "congestion_level": "free_flow", "color": "rgb(43,200,43)", "road_pixel_count": 946}}, {"type": "Feature", "geometry": {"type": "Polygon", "coordinates": [[[50.10140821296181, 26.33430736834114], [50.10140821296181, 26.336553146278618], [50.09924015498627, 26.33767603524736], [50.09707209701073, 26.336553146278618], [50.09707209701073, 26.33430736834114], [50.09924015498627, 26.333184479372402], [50.10140821296181, 26.33430736834114]]]}, "properties": {"congestion_score": 1.0, "congestion_level": "free_flow", "color": "rgb(43,200,43)", "road_pixel_count": 1691}}, {"type": "Feature", "geometry": {"type": "Polygon", "coordinates": [[[50.10574432891288, 26.33430736834114], [50.10574432891288, 26.336553146278618], [50.10357627093734, 26.33767603524736], [50.10140821296181, 26.336553146278618], [50.10140821296181, 26.33430736834114], [50.10357627093734, 26.333184479372402], [50.10574432891288, 26.33430736834114]]]}, "properties": {"congestion_score": 0.993, "congestion_level": "free_flow", "color": "rgb(43,200,43)", "road_pixel_count": 2707}}, {"type": "Feature", "geometry": {"type": "Polygon", "coordinates": [[[50.110080444863954, 26.33430736834114], [50.110080444863954, 26.336553146278618], [50.107912386888415, 26.33767603524736], [50.10574432891288, 26.336553146278618], [50.10574432891288, 26.33430736834114], [50.107912386888415, 26.333184479372402], [50.110080444863954, 26.33430736834114]]]}, "properties": {"congestion_score": 0.964, "congestion_level": "free_flow", "color": "rgb(43,200,43)", "road_pixel_count": 3575}}, {"type": "Feature", "geometry": {"type": "Polygon", "coordinates": [[[50.11441656081502, 26.33430736834114], [50.11441656081502, 26.336553146278618], [50.112248502839485, 26.33767603524736], [50.110080444863954, 26.336553146278618], [50.110080444863954, 26.33430736834114], [50.112248502839485, 26.333184479372402], [50.11441656081502, 26.33430736834114]]]}, "properties": {"congestion_score": 0.984, "congestion_level": "free_flow", "color": "rgb(43,200,43)", "road_pixel_count": 963}}, {"type": "Feature", "geometry": {"type": "Polygon", "coordinates": [[[50.1187526767661, 26.33430736834114], [50.1187526767661, 26.336553146278618], [50.11658461879056, 26.33767603524736], [50.11441656081502, 26.336553146278618], [50.11441656081502, 26.33430736834114], [50.11658461879056, 26.333184479372402], [50.1187526767661, 26.33430736834114]]]}, "properties": {"congestion_score": 0.963, "congestion_level": "free_flow", "color": "rgb(43,200,43)", "road_pixel_count": 275}}, {"type": "Feature", "geometry": {"type": "Polygon", "coordinates": [[[50.12308879271717, 26.33430736834114], [50.12308879271717, 26.336553146278618], [50.12092073474163, 26.33767603524736], [50.1187526767661, 26.336553146278618], [50.1187526767661, 26.33430736834114], [50.12092073474163, 26.333184479372402], [50.12308879271717, 26.33430736834114]]]}, "properties": {"congestion_score": 0.889, "congestion_level": "light_congestion", "color": "rgb(255,255,55)", "road_pixel_count": 803}}, {"type": "Feature", "geometry": {"type": "Polygon", "coordinates": [[[50.127424908668246, 26.33430736834114], [50.127424908668246, 26.336553146278618], [50.12525685069271, 26.33767603524736], [50.12308879271717, 26.336553146278618], [50.12308879271717, 26.33430736834114], [50.12525685069271, 26.333184479372402], [50.127424908668246, 26.33430736834114]]]}, "properties": {"congestion_score": 0.962, "congestion_level": "free_flow", "color": "rgb(43,200,43)", "road_pixel_count": 2670}}, {"type": "Feature", "geometry": {"type": "Polygon", "coordinates": [[[50.131761024619315, 26.33430736834114], [50.131761024619315, 26.336553146278618], [50.12959296664378, 26.33767603524736], [50.127424908668246, 26.336553146278618], [50.127424908668246, 26.33430736834114], [50.12959296664378, 26.333184479372402], [50.131761024619315, 26.33430736834114]]]}, "properties": {"congestion_score": 0.998, "congestion_level": "free_flow", "color": "rgb(43,200,43)", "road_pixel_count": 2205}}, {"type": "Feature", "geometry": {"type": "Polygon", "coordinates": [[[50.13609714057039, 26.33430736834114], [50.13609714057039, 26.336553146278618], [50.133929082594854, 26.33767603524736], [50.131761024619315, 26.336553146278618], [50.131761024619315, 26.33430736834114], [50.133929082594854, 26.333184479372402], [50.13609714057039, 26.33430736834114]]]}, "properties": {"congestion_score": 0.968, "congestion_level": "free_flow", "color": "rgb(43,200,43)", "road_pixel_count": 2466}}, {"type": "Feature", "geometry": {"type": "Polygon", "coordinates": [[[50.14043325652146, 26.33430736834114], [50.14043325652146, 26.336553146278618], [50.13826519854592, 26.33767603524736], [50.13609714057039, 26.336553146278618], [50.13609714057039, 26.33430736834114], [50.13826519854592, 26.333184479372402], [50.14043325652146, 26.33430736834114]]]}, "properties": {"congestion_score": 0.974, "congestion_level": "free_flow", "color": "rgb(43,200,43)", "road_pixel_count": 1596}}, {"type": "Feature", "geometry": {"type": "Polygon", "coordinates": [[[50.14476937247254, 26.33430736834114], [50.14476937247254, 26.336553146278618], [50.142601314497, 26.33767603524736], [50.14043325652146, 26.336553146278618], [50.14043325652146, 26.33430736834114], [50.142601314497, 26.333184479372402], [50.14476937247254, 26.33430736834114]]]}, "properties": {"congestion_score": 0.996, "congestion_level": "free_flow", "color": "rgb(43,200,43)", "road_pixel_count": 1691}}, {"type": "Feature", "geometry": {"type": "Polygon", "coordinates": [[[50.14910548842361, 26.33430736834114], [50.14910548842361, 26.336553146278618], [50.14693743044807, 26.33767603524736], [50.14476937247254, 26.336553146278618], [50.14476937247254, 26.33430736834114], [50.14693743044807, 26.333184479372402], [50.14910548842361, 26.33430736834114]]]}, "properties": {"congestion_score": 0.998, "congestion_level": "free_flow", "color": "rgb(43,200,43)", "road_pixel_count": 1174}}, {"type": "Feature", "geometry": {"type": "Polygon", "coordinates": [[[50.153441604374684, 26.33430736834114], [50.153441604374684, 26.336553146278618], [50.151273546399146, 26.33767603524736], [50.14910548842361, 26.336553146278618], [50.14910548842361, 26.33430736834114], [50.151273546399146, 26.333184479372402], [50.153441604374684, 26.33430736834114]]]}, "properties": {"congestion_score": 0.998, "congestion_level": "free_flow", "color": "rgb(43,200,43)", "road_pixel_count": 2527}}, {"type": "Feature", "geometry": {"type": "Polygon", "coordinates": [[[50.157777720325754, 26.33430736834114], [50.157777720325754, 26.336553146278618], [50.155609662350216, 26.33767603524736], [50.153441604374684, 26.336553146278618], [50.153441604374684, 26.33430736834114], [50.155609662350216, 26.333184479372402], [50.157777720325754, 26.33430736834114]]]}, "properties": {"congestion_score": 0.992, "congestion_level": "free_flow", "color": "rgb(43,200,43)", "road_pixel_count": 3029}}, {"type": "Feature", "geometry": {"type": "Polygon", "coordinates": [[[50.16211383627683, 26.33430736834114], [50.16211383627683, 26.336553146278618], [50.15994577830129, 26.33767603524736], [50.157777720325754, 26.336553146278618], [50.157777720325754, 26.33430736834114], [50.15994577830129, 26.333184479372402], [50.16211383627683, 26.33430736834114]]]}, "properties": {"congestion_score": 0.994, "congestion_level": "free_flow", "color": "rgb(43,200,43)", "road_pixel_count": 1172}}, {"type": "Feature", "geometry": {"type": "Polygon", "coordinates": [[[50.1664499522279, 26.33430736834114], [50.1664499522279, 26.336553146278618], [50.16428189425236, 26.33767603524736], [50.16211383627683, 26.336553146278618], [50.16211383627683, 26.33430736834114], [50.16428189425236, 26.333184479372402], [50.1664499522279, 26.33430736834114]]]}, "properties": {"congestion_score": 1.0, "congestion_level": "free_flow", "color": "rgb(43,200,43)", "road_pixel_count": 925}}, {"type": "Feature", "geometry": {"type": "Polygon", "coordinates": [[[50.17078606817898, 26.33430736834114], [50.17078606817898, 26.336553146278618], [50.16861801020344, 26.33767603524736], [50.1664499522279, 26.336553146278618], [50.1664499522279, 26.33430736834114], [50.16861801020344, 26.333184479372402], [50.17078606817898, 26.33430736834114]]]}, "properties": {"congestion_score": 1.0, "congestion_level": "free_flow", "color": "rgb(43,200,43)", "road_pixel_count": 1793}}, {"type": "Feature", "geometry": {"type": "Polygon", "coordinates": [[[50.175122184130046, 26.33430736834114], [50.175122184130046, 26.336553146278618], [50.17295412615451, 26.33767603524736], [50.17078606817898, 26.336553146278618], [50.17078606817898, 26.33430736834114], [50.17295412615451, 26.333184479372402], [50.175122184130046, 26.33430736834114]]]}, "properties": {"congestion_score": 0.856, "congestion_level": "light_congestion", "color": "rgb(255,255,55)", "road_pixel_count": 1165}}, {"type": "Feature", "geometry": {"type": "Polygon", "coordinates": [[[50.17945830008112, 26.33430736834114], [50.17945830008112, 26.336553146278618], [50.177290242105585, 26.33767603524736], [50.175122184130046, 26.336553146278618], [50.175122184130046, 26.33430736834114], [50.177290242105585, 26.333184479372402], [50.17945830008112, 26.33430736834114]]]}, "properties": {"congestion_score": 0.956, "congestion_level": "free_flow", "color": "rgb(43,200,43)", "road_pixel_count": 1502}}, {"type": "Feature", "geometry": {"type": "Polygon", "coordinates": [[[50.18379441603219, 26.33430736834114], [50.18379441603219, 26.336553146278618], [50.181626358056654, 26.33767603524736], [50.17945830008112, 26.336553146278618], [50.17945830008112, 26.33430736834114], [50.181626358056654, 26.333184479372402], [50.18379441603219, 26.33430736834114]]]}, "properties": {"congestion_score": 0.992, "congestion_level": "free_flow", "color": "rgb(43,200,43)", "road_pixel_count": 1240}}, {"type": "Feature", "geometry": {"type": "Polygon", "coordinates": [[[50.18813053198327, 26.33430736834114], [50.18813053198327, 26.336553146278618], [50.18596247400773, 26.33767603524736], [50.18379441603219, 26.336553146278618], [50.18379441603219, 26.33430736834114], [50.18596247400773, 26.333184479372402], [50.18813053198327, 26.33430736834114]]]}, "properties": {"congestion_score": 1.0, "congestion_level": "free_flow", "color": "rgb(43,200,43)", "road_pixel_count": 868}}, {"type": "Feature", "geometry": {"type": "Polygon", "coordinates": [[[50.19246664793434, 26.33430736834114], [50.19246664793434, 26.336553146278618], [50.1902985899588, 26.33767603524736], [50.18813053198327, 26.336553146278618], [50.18813053198327, 26.33430736834114], [50.1902985899588, 26.333184479372402], [50.19246664793434, 26.33430736834114]]]}, "properties": {"congestion_score": 1.0, "congestion_level": "free_flow", "color": "rgb(43,200,43)", "road_pixel_count": 1969}}, {"type": "Feature", "geometry": {"type": "Polygon", "coordinates": [[[50.196802763885415, 26.33430736834114], [50.196802763885415, 26.336553146278618], [50.19463470590988, 26.33767603524736], [50.19246664793434, 26.336553146278618], [50.19246664793434, 26.33430736834114], [50.19463470590988, 26.333184479372402], [50.196802763885415, 26.33430736834114]]]}, "properties": {"congestion_score": 1.0, "congestion_level": "free_flow", "color": "rgb(43,200,43)", "road_pixel_count": 2010}}, {"type": "Feature", "geometry": {"type": "Polygon", "coordinates": [[[50.201138879836485, 26.33430736834114], [50.201138879836485, 26.336553146278618], [50.19897082186095, 26.33767603524736], [50.196802763885415, 26.336553146278618], [50.196802763885415, 26.33430736834114], [50.19897082186095, 26.333184479372402], [50.201138879836485, 26.33430736834114]]]}, "properties": {"congestion_score": 0.986, "congestion_level": "free_flow", "color": "rgb(43,200,43)", "road_pixel_count": 2475}}, {"type": "Feature", "geometry": {"type": "Polygon", "coordinates": [[[50.20547499578756, 26.33430736834114], [50.20547499578756, 26.336553146278618], [50.20330693781202, 26.33767603524736], [50.201138879836485, 26.336553146278618], [50.201138879836485, 26.33430736834114], [50.20330693781202, 26.333184479372402], [50.20547499578756, 26.33430736834114]]]}, "properties": {"congestion_score": 0.833, "congestion_level": "light_congestion", "color": "rgb(255,255,55)", "road_pixel_count": 1430}}, {"type": "Feature", "geometry": {"type": "Polygon", "coordinates": [[[50.20981111173863, 26.33430736834114], [50.20981111173863, 26.336553146278618], [50.20764305376309, 26.33767603524736], [50.20547499578756, 26.336553146278618], [50.20547499578756, 26.33430736834114], [50.20764305376309, 26.333184479372402], [50.20981111173863, 26.33430736834114]]]}, "properties": {"congestion_score": 0.888, "congestion_level": "light_congestion", "color": "rgb(255,255,55)", "road_pixel_count": 793}}, {"type": "Feature", "geometry": {"type": "Polygon", "coordinates": [[[50.21414722768971, 26.33430736834114], [50.21414722768971, 26.336553146278618], [50.21197916971417, 26.33767603524736], [50.20981111173863, 26.336553146278618], [50.20981111173863, 26.33430736834114], [50.21197916971417, 26.333184479372402], [50.21414722768971, 26.33430736834114]]]}, "properties": {"congestion_score": 0.981, "congestion_level": "free_flow", "color": "rgb(43,200,43)", "road_pixel_count": 1837}}, {"type": "Feature", "geometry": {"type": "Polygon", "coordinates": [[[50.22715557554292, 26.33430736834114], [50.22715557554292, 26.336553146278618], [50.224987517567385, 26.33767603524736], [50.222819459591854, 26.336553146278618], [50.222819459591854, 26.33430736834114], [50.224987517567385, 26.333184479372402], [50.22715557554292, 26.33430736834114]]]}, "properties": {"congestion_score": 1.0, "congestion_level": "free_flow", "color": "rgb(43,200,43)", "road_pixel_count": 1339}}, {"type": "Feature", "geometry": {"type": "Polygon", "coordinates": [[[50.05587899547554, 26.33767603524736], [50.05587899547554, 26.339921813184834], [50.0537109375, 26.341044702153575], [50.05154287952446, 26.339921813184834], [50.05154287952446, 26.33767603524736], [50.0537109375, 26.336553146278618], [50.05587899547554, 26.33767603524736]]]}, "properties": {"congestion_score": 1.0, "congestion_level": "free_flow", "color": "rgb(43,200,43)", "road_pixel_count": 328}}, {"type": "Feature", "geometry": {"type": "Polygon", "coordinates": [[[50.06021511142661, 26.33767603524736], [50.06021511142661, 26.339921813184834], [50.05804705345108, 26.341044702153575], [50.05587899547554, 26.339921813184834], [50.05587899547554, 26.33767603524736], [50.05804705345108, 26.336553146278618], [50.06021511142661, 26.33767603524736]]]}, "properties": {"congestion_score": 1.0, "congestion_level": "free_flow", "color": "rgb(43,200,43)", "road_pixel_count": 628}}, {"type": "Feature", "geometry": {"type": "Polygon", "coordinates": [[[50.086231807133046, 26.33767603524736], [50.086231807133046, 26.339921813184834], [50.084063749157515, 26.341044702153575], [50.08189569118198, 26.339921813184834], [50.08189569118198, 26.33767603524736], [50.084063749157515, 26.336553146278618], [50.086231807133046, 26.33767603524736]]]}, "properties": {"congestion_score": 1.0, "congestion_level": "free_flow", "color": "rgb(43,200,43)", "road_pixel_count": 38}}, {"type": "Feature", "geometry": {"type": "Polygon", "coordinates": [[[50.09056792308412, 26.33767603524736], [50.09056792308412, 26.339921813184834], [50.088399865108585, 26.341044702153575], [50.086231807133046, 26.339921813184834], [50.086231807133046, 26.33767603524736], [50.088399865108585, 26.336553146278618], [50.09056792308412, 26.33767603524736]]]}, "properties": {"congestion_score": 1.0, "congestion_level": "free_flow", "color": "rgb(43,200,43)", "road_pixel_count": 585}}, {"type": "Feature", "geometry": {"type": "Polygon", "coordinates": [[[50.09490403903519, 26.33767603524736], [50.09490403903519, 26.339921813184834], [50.09273598105966, 26.341044702153575], [50.09056792308412, 26.339921813184834], [50.09056792308412, 26.33767603524736], [50.09273598105966, 26.336553146278618], [50.09490403903519, 26.33767603524736]]]}, "properties": {"congestion_score": 1.0, "congestion_level": "free_flow", "color": "rgb(43,200,43)", "road_pixel_count": 290}}, {"type": "Feature", "geometry": {"type": "Polygon", "coordinates": [[[50.09924015498627, 26.33767603524736], [50.09924015498627, 26.339921813184834], [50.09707209701073, 26.341044702153575], [50.09490403903519, 26.339921813184834], [50.09490403903519, 26.33767603524736], [50.09707209701073, 26.336553146278618], [50.09924015498627, 26.33767603524736]]]}, "properties": {"congestion_score": 1.0, "congestion_level": "free_flow", "color": "rgb(43,200,43)", "road_pixel_count": 727}}, {"type": "Feature", "geometry": {"type": "Polygon", "coordinates": [[[50.107912386888415, 26.33767603524736], [50.107912386888415, 26.339921813184834], [50.10574432891288, 26.341044702153575], [50.10357627093734, 26.339921813184834], [50.10357627093734, 26.33767603524736], [50.10574432891288, 26.336553146278618], [50.107912386888415, 26.33767603524736]]]}, "properties": {"congestion_score": 0.969, "congestion_level": "free_flow", "color": "rgb(43,200,43)", "road_pixel_count": 2953}}, {"type": "Feature", "geometry": {"type": "Polygon", "coordinates": [[[50.112248502839485, 26.33767603524736], [50.112248502839485, 26.339921813184834], [50.110080444863954, 26.341044702153575], [50.107912386888415, 26.339921813184834], [50.107912386888415, 26.33767603524736], [50.110080444863954, 26.336553146278618], [50.112248502839485, 26.33767603524736]]]}, "properties": {"congestion_score": 0.981, "congestion_level": "free_flow", "color": "rgb(43,200,43)", "road_pixel_count": 2948}}, {"type": "Feature", "geometry": {"type": "Polygon", "coordinates": [[[50.11658461879056, 26.33767603524736], [50.11658461879056, 26.339921813184834], [50.11441656081502, 26.341044702153575], [50.112248502839485, 26.339921813184834], [50.112248502839485, 26.33767603524736], [50.11441656081502, 26.336553146278618], [50.11658461879056, 26.33767603524736]]]}, "properties": {"congestion_score": 0.966, "congestion_level": "free_flow", "color": "rgb(43,200,43)", "road_pixel_count": 2102}}, {"type": "Feature", "geometry": {"type": "Polygon", "coordinates": [[[50.12092073474163, 26.33767603524736], [50.12092073474163, 26.339921813184834], [50.1187526767661, 26.341044702153575], [50.11658461879056, 26.339921813184834], [50.11658461879056, 26.33767603524736], [50.1187526767661, 26.336553146278618], [50.12092073474163, 26.33767603524736]]]}, "properties": {"congestion_score": 0.977, "congestion_level": "free_flow", "color": "rgb(43,200,43)", "road_pixel_count": 1260}}, {"type": "Feature", "geometry": {"type": "Polygon", "coordinates": [[[50.12525685069271, 26.33767603524736], [50.12525685069271, 26.339921813184834], [50.12308879271717, 26.341044702153575], [50.12092073474163, 26.339921813184834], [50.12092073474163, 26.33767603524736], [50.12308879271717, 26.336553146278618], [50.12525685069271, 26.33767603524736]]]}, "properties": {"congestion_score": 0.982, "congestion_level": "free_flow", "color": "rgb(43,200,43)", "road_pixel_count": 2910}}, {"type": "Feature", "geometry": {"type": "Polygon", "coordinates": [[[50.12959296664378, 26.33767603524736], [50.12959296664378, 26.339921813184834], [50.127424908668246, 26.341044702153575], [50.12525685069271, 26.339921813184834], [50.12525685069271, 26.33767603524736], [50.127424908668246, 26.336553146278618], [50.12959296664378, 26.33767603524736]]]}, "properties": {"congestion_score": 1.0, "congestion_level": "free_flow", "color": "rgb(43,200,43)", "road_pixel_count": 515}}, {"type": "Feature", "geometry": {"type": "Polygon", "coordinates": [[[50.133929082594854, 26.33767603524736], [50.133929082594854, 26.339921813184834], [50.131761024619315, 26.341044702153575], [50.12959296664378, 26.339921813184834], [50.12959296664378, 26.33767603524736], [50.131761024619315, 26.336553146278618], [50.133929082594854, 26.33767603524736]]]}, "properties": {"congestion_score": 1.0, "congestion_level": "free_flow", "color": "rgb(43,200,43)", "road_pixel_count": 1049}}, {"type": "Feature", "geometry": {"type": "Polygon", "coordinates": [[[50.13826519854592, 26.33767603524736], [50.13826519854592, 26.339921813184834], [50.13609714057039, 26.341044702153575], [50.133929082594854, 26.339921813184834], [50.133929082594854, 26.33767603524736], [50.13609714057039, 26.336553146278618], [50.13826519854592, 26.33767603524736]]]}, "properties": {"congestion_score": 0.945, "congestion_level": "light_congestion", "color": "rgb(255,255,55)", "road_pixel_count": 2132}}, {"type": "Feature", "geometry": {"type": "Polygon", "coordinates": [[[50.142601314497, 26.33767603524736], [50.142601314497, 26.339921813184834], [50.14043325652146, 26.341044702153575], [50.13826519854592, 26.339921813184834], [50.13826519854592, 26.33767603524736], [50.14043325652146, 26.336553146278618], [50.142601314497, 26.33767603524736]]]}, "properties": {"congestion_score": 0.987, "congestion_level": "free_flow", "color": "rgb(43,200,43)", "road_pixel_count": 2242}}, {"type": "Feature", "geometry": {"type": "Polygon", "coordinates": [[[50.14693743044807, 26.33767603524736], [50.14693743044807, 26.339921813184834], [50.14476937247254, 26.341044702153575], [50.142601314497, 26.339921813184834], [50.142601314497, 26.33767603524736], [50.14476937247254, 26.336553146278618], [50.14693743044807, 26.33767603524736]]]}, "properties": {"congestion_score": 0.988, "congestion_level": "free_flow", "color": "rgb(43,200,43)", "road_pixel_count": 1391}}, {"type": "Feature", "geometry": {"type": "Polygon", "coordinates": [[[50.151273546399146, 26.33767603524736], [50.151273546399146, 26.339921813184834], [50.14910548842361, 26.341044702153575], [50.14693743044807, 26.339921813184834], [50.14693743044807, 26.33767603524736], [50.14910548842361, 26.336553146278618], [50.151273546399146, 26.33767603524736]]]}, "properties": {"congestion_score": 0.992, "congestion_level": "free_flow", "color": "rgb(43,200,43)", "road_pixel_count": 2366}}, {"type": "Feature", "geometry": {"type": "Polygon", "coordinates": [[[50.155609662350216, 26.33767603524736], [50.155609662350216, 26.339921813184834], [50.153441604374684, 26.341044702153575], [50.151273546399146, 26.339921813184834], [50.151273546399146, 26.33767603524736], [50.153441604374684, 26.336553146278618], [50.155609662350216, 26.33767603524736]]]}, "properties": {"congestion_score": 0.998, "congestion_level": "free_flow", "color": "rgb(43,200,43)", "road_pixel_count": 2442}}, {"type": "Feature", "geometry": {"type": "Polygon", "coordinates": [[[50.15994577830129, 26.33767603524736], [50.15994577830129, 26.339921813184834], [50.157777720325754, 26.341044702153575], [50.155609662350216, 26.339921813184834], [50.155609662350216, 26.33767603524736], [50.157777720325754, 26.336553146278618], [50.15994577830129, 26.33767603524736]]]}, "properties": {"congestion_score": 1.0, "congestion_level": "free_flow", "color": "rgb(43,200,43)", "road_pixel_count": 2042}}, {"type": "Feature", "geometry": {"type": "Polygon", "coordinates": [[[50.16428189425236, 26.33767603524736], [50.16428189425236, 26.339921813184834], [50.16211383627683, 26.341044702153575], [50.15994577830129, 26.339921813184834], [50.15994577830129, 26.33767603524736], [50.16211383627683, 26.336553146278618], [50.16428189425236, 26.33767603524736]]]}, "properties": {"congestion_score": 1.0, "congestion_level": "free_flow", "color": "rgb(43,200,43)", "road_pixel_count": 923}}, {"type": "Feature", "geometry": {"type": "Polygon", "coordinates": [[[50.16861801020344, 26.33767603524736], [50.16861801020344, 26.339921813184834], [50.1664499522279, 26.341044702153575], [50.16428189425236, 26.339921813184834], [50.16428189425236, 26.33767603524736], [50.1664499522279, 26.336553146278618], [50.16861801020344, 26.33767603524736]]]}, "properties": {"congestion_score": 1.0, "congestion_level": "free_flow", "color": "rgb(43,200,43)", "road_pixel_count": 1689}}, {"type": "Feature", "geometry": {"type": "Polygon", "coordinates": [[[50.17295412615451, 26.33767603524736], [50.17295412615451, 26.339921813184834], [50.17078606817898, 26.341044702153575], [50.16861801020344, 26.339921813184834], [50.16861801020344, 26.33767603524736], [50.17078606817898, 26.336553146278618], [50.17295412615451, 26.33767603524736]]]}, "properties": {"congestion_score": 0.999, "congestion_level": "free_flow", "color": "rgb(43,200,43)", "road_pixel_count": 1412}}, {"type": "Feature", "geometry": {"type": "Polygon", "coordinates": [[[50.177290242105585, 26.33767603524736], [50.177290242105585, 26.339921813184834], [50.175122184130046, 26.341044702153575], [50.17295412615451, 26.339921813184834], [50.17295412615451, 26.33767603524736], [50.175122184130046, 26.336553146278618], [50.177290242105585, 26.33767603524736]]]}, "properties": {"congestion_score": 1.0, "congestion_level": "free_flow", "color": "rgb(43,200,43)", "road_pixel_count": 1137}}, {"type": "Feature", "geometry": {"type": "Polygon", "coordinates": [[[50.181626358056654, 26.33767603524736], [50.181626358056654, 26.339921813184834], [50.17945830008112, 26.341044702153575], [50.177290242105585, 26.339921813184834], [50.177290242105585, 26.33767603524736], [50.17945830008112, 26.336553146278618], [50.181626358056654, 26.33767603524736]]]}, "properties": {"congestion_score": 0.998, "congestion_level": "free_flow", "color": "rgb(43,200,43)", "road_pixel_count": 2306}}, {"type": "Feature", "geometry": {"type": "Polygon", "coordinates": [[[50.18596247400773, 26.33767603524736], [50.18596247400773, 26.339921813184834], [50.18379441603219, 26.341044702153575], [50.181626358056654, 26.339921813184834], [50.181626358056654, 26.33767603524736], [50.18379441603219, 26.336553146278618], [50.18596247400773, 26.33767603524736]]]}, "properties": {"congestion_score": 0.985, "congestion_level": "free_flow", "color": "rgb(43,200,43)", "road_pixel_count": 662}}, {"type": "Feature", "geometry": {"type": "Polygon", "coordinates": [[[50.1902985899588, 26.33767603524736], [50.1902985899588, 26.339921813184834], [50.18813053198327, 26.341044702153575], [50.18596247400773, 26.339921813184834], [50.18596247400773, 26.33767603524736], [50.18813053198327, 26.336553146278618], [50.1902985899588, 26.33767603524736]]]}, "properties": {"congestion_score": 1.0, "congestion_level": "free_flow", "color": "rgb(43,200,43)", "road_pixel_count": 1237}}, {"type": "Feature", "geometry": {"type": "Polygon", "coordinates": [[[50.19463470590988, 26.33767603524736], [50.19463470590988, 26.339921813184834], [50.19246664793434, 26.341044702153575], [50.1902985899588, 26.339921813184834], [50.1902985899588, 26.33767603524736], [50.19246664793434, 26.336553146278618], [50.19463470590988, 26.33767603524736]]]}, "properties": {"congestion_score": 1.0, "congestion_level": "free_flow", "color": "rgb(43,200,43)", "road_pixel_count": 2078}}, {"type": "Feature", "geometry": {"type": "Polygon", "coordinates": [[[50.19897082186095, 26.33767603524736], [50.19897082186095, 26.339921813184834], [50.196802763885415, 26.341044702153575], [50.19463470590988, 26.339921813184834], [50.19463470590988, 26.33767603524736], [50.196802763885415, 26.336553146278618], [50.19897082186095, 26.33767603524736]]]}, "properties": {"congestion_score": 0.967, "congestion_level": "free_flow", "color": "rgb(43,200,43)", "road_pixel_count": 2841}}, {"type": "Feature", "geometry": {"type": "Polygon", "coordinates": [[[50.20330693781202, 26.33767603524736], [50.20330693781202, 26.339921813184834], [50.201138879836485, 26.341044702153575], [50.19897082186095, 26.339921813184834], [50.19897082186095, 26.33767603524736], [50.201138879836485, 26.336553146278618], [50.20330693781202, 26.33767603524736]]]}, "properties": {"congestion_score": 0.875, "congestion_level": "light_congestion", "color": "rgb(255,255,55)", "road_pixel_count": 2302}}, {"type": "Feature", "geometry": {"type": "Polygon", "coordinates": [[[50.20764305376309, 26.33767603524736], [50.20764305376309, 26.339921813184834], [50.20547499578756, 26.341044702153575], [50.20330693781202, 26.339921813184834], [50.20330693781202, 26.33767603524736], [50.20547499578756, 26.336553146278618], [50.20764305376309, 26.33767603524736]]]}, "properties": {"congestion_score": 0.867, "congestion_level": "light_congestion", "color": "rgb(255,255,55)", "road_pixel_count": 1783}}, {"type": "Feature", "geometry": {"type": "Polygon", "coordinates": [[[50.21197916971417, 26.33767603524736], [50.21197916971417, 26.339921813184834], [50.20981111173863, 26.341044702153575], [50.20764305376309, 26.339921813184834], [50.20764305376309, 26.33767603524736], [50.20981111173863, 26.336553146278618], [50.21197916971417, 26.33767603524736]]]}, "properties": {"congestion_score": 0.97, "congestion_level": "free_flow", "color": "rgb(43,200,43)", "road_pixel_count": 2530}}, {"type": "Feature", "geometry": {"type": "Polygon", "coordinates": [[[50.21631528566524, 26.33767603524736], [50.21631528566524, 26.339921813184834], [50.21414722768971, 26.341044702153575], [50.21197916971417, 26.339921813184834], [50.21197916971417, 26.33767603524736], [50.21414722768971, 26.336553146278618], [50.21631528566524, 26.33767603524736]]]}, "properties": {"congestion_score": 0.949, "congestion_level": "light_congestion", "color": "rgb(255,255,55)", "road_pixel_count": 1435}}, {"type": "Feature", "geometry": {"type": "Polygon", "coordinates": [[[50.220651401616315, 26.33767603524736], [50.220651401616315, 26.339921813184834], [50.21848334364078, 26.341044702153575], [50.21631528566524, 26.339921813184834], [50.21631528566524, 26.33767603524736], [50.21848334364078, 26.336553146278618], [50.220651401616315, 26.33767603524736]]]}, "properties": {"congestion_score": 1.0, "congestion_level": "free_flow", "color": "rgb(43,200,43)", "road_pixel_count": 989}}, {"type": "Feature", "geometry": {"type": "Polygon", "coordinates": [[[50.224987517567385, 26.33767603524736], [50.224987517567385, 26.339921813184834], [50.222819459591854, 26.341044702153575], [50.220651401616315, 26.339921813184834], [50.220651401616315, 26.33767603524736], [50.222819459591854, 26.336553146278618], [50.224987517567385, 26.33767603524736]]]}, "properties": {"congestion_score": 1.0, "congestion_level": "free_flow", "color": "rgb(43,200,43)", "road_pixel_count": 2027}}, {"type": "Feature", "geometry": {"type": "Polygon", "coordinates": [[[50.05804705345108, 26.341044702153575], [50.05804705345108, 26.343290480091053], [50.05587899547554, 26.34441336905979], [50.0537109375, 26.343290480091053], [50.0537109375, 26.341044702153575], [50.05587899547554, 26.339921813184834], [50.05804705345108, 26.341044702153575]]]}, "properties": {"congestion_score": 1.0, "congestion_level": "free_flow", "color": "rgb(43,200,43)", "road_pixel_count": 1429}}, {"type": "Feature", "geometry": {"type": "Polygon", "coordinates": [[[50.062383169402146, 26.341044702153575], [50.062383169402146, 26.343290480091053], [50.06021511142661, 26.34441336905979], [50.05804705345108, 26.343290480091053], [50.05804705345108, 26.341044702153575], [50.06021511142661, 26.339921813184834], [50.062383169402146, 26.341044702153575]]]}, "properties": {"congestion_score": 1.0, "congestion_level": "free_flow", "color": "rgb(43,200,43)", "road_pixel_count": 580}}, {"type": "Feature", "geometry": {"type": "Polygon", "coordinates": [[[50.066719285353216, 26.341044702153575], [50.066719285353216, 26.343290480091053], [50.064551227377684, 26.34441336905979], [50.062383169402146, 26.343290480091053], [50.062383169402146, 26.341044702153575], [50.064551227377684, 26.339921813184834], [50.066719285353216, 26.341044702153575]]]}, "properties": {"congestion_score": 1.0, "congestion_level": "free_flow", "color": "rgb(43,200,43)", "road_pixel_count": 403}}, {"type": "Feature", "geometry": {"type": "Polygon", "coordinates": [[[50.07972763320644, 26.341044702153575], [50.07972763320644, 26.343290480091053], [50.0775595752309, 26.34441336905979], [50.07539151725537, 26.343290480091053], [50.07539151725537, 26.341044702153575], [50.0775595752309, 26.339921813184834], [50.07972763320644, 26.341044702153575]]]}, "properties": {"congestion_score": 0.956, "congestion_level": "free_flow", "color": "rgb(43,200,43)", "road_pixel_count": 409}}, {"type": "Feature", "geometry": {"type": "Polygon", "coordinates": [[[50.084063749157515, 26.341044702153575], [50.084063749157515, 26.343290480091053], [50.08189569118198, 26.34441336905979], [50.07972763320644, 26.343290480091053], [50.07972763320644, 26.341044702153575], [50.08189569118198, 26.339921813184834], [50.084063749157515, 26.341044702153575]]]}, "properties": {"congestion_score": 1.0, "congestion_level": "free_flow", "color": "rgb(43,200,43)", "road_pixel_count": 687}}, {"type": "Feature", "geometry": {"type": "Polygon", "coordinates": [[[50.088399865108585, 26.341044702153575], [50.088399865108585, 26.343290480091053], [50.086231807133046, 26.34441336905979], [50.084063749157515, 26.343290480091053], [50.084063749157515, 26.341044702153575], [50.086231807133046, 26.339921813184834], [50.088399865108585, 26.341044702153575]]]}, "properties": {"congestion_score": 1.0, "congestion_level": "free_flow", "color": "rgb(43,200,43)", "road_pixel_count": 168}}, {"type": "Feature", "geometry": {"type": "Polygon", "coordinates": [[[50.09273598105966, 26.341044702153575], [50.09273598105966, 26.343290480091053], [50.09056792308412, 26.34441336905979], [50.088399865108585, 26.343290480091053], [50.088399865108585, 26.341044702153575], [50.09056792308412, 26.339921813184834], [50.09273598105966, 26.341044702153575]]]}, "properties": {"congestion_score": 1.0, "congestion_level": "free_flow", "color": "rgb(43,200,43)", "road_pixel_count": 290}}, {"type": "Feature", "geometry": {"type": "Polygon", "coordinates": [[[50.09707209701073, 26.341044702153575], [50.09707209701073, 26.343290480091053], [50.09490403903519, 26.34441336905979], [50.09273598105966, 26.343290480091053], [50.09273598105966, 26.341044702153575], [50.09490403903519, 26.339921813184834], [50.09707209701073, 26.341044702153575]]]}, "properties": {"congestion_score": 1.0, "congestion_level": "free_flow", "color": "rgb(43,200,43)", "road_pixel_count": 1632}}, {"type": "Feature", "geometry": {"type": "Polygon", "coordinates": [[[50.10574432891288, 26.341044702153575], [50.10574432891288, 26.343290480091053], [50.10357627093734, 26.34441336905979], [50.10140821296181, 26.343290480091053], [50.10140821296181, 26.341044702153575], [50.10357627093734, 26.339921813184834], [50.10574432891288, 26.341044702153575]]]}, "properties": {"congestion_score": 0.993, "congestion_level": "free_flow", "color": "rgb(43,200,43)", "road_pixel_count": 571}}, {"type": "Feature", "geometry": {"type": "Polygon", "coordinates": [[[50.110080444863954, 26.341044702153575], [50.110080444863954, 26.343290480091053], [50.107912386888415, 26.34441336905979], [50.10574432891288, 26.343290480091053], [50.10574432891288, 26.341044702153575], [50.107912386888415, 26.339921813184834], [50.110080444863954, 26.341044702153575]]]}, "properties": {"congestion_score": 0.986, "congestion_level": "free_flow", "color": "rgb(43,200,43)", "road_pixel_count": 2133}}, {"type": "Feature", "geometry": {"type": "Polygon", "coordinates": [[[50.11441656081502, 26.341044702153575], [50.11441656081502, 26.343290480091053], [50.112248502839485, 26.34441336905979], [50.110080444863954, 26.343290480091053], [50.110080444863954, 26.341044702153575], [50.112248502839485, 26.339921813184834], [50.11441656081502, 26.341044702153575]]]}, "properties": {"congestion_score": 0.985, "congestion_level": "free_flow", "color": "rgb(43,200,43)", "road_pixel_count": 936}}, {"type": "Feature", "geometry": {"type": "Polygon", "coordinates": [[[50.1187526767661, 26.341044702153575], [50.1187526767661, 26.343290480091053], [50.11658461879056, 26.34441336905979], [50.11441656081502, 26.343290480091053], [50.11441656081502, 26.341044702153575], [50.11658461879056, 26.339921813184834], [50.1187526767661, 26.341044702153575]]]}, "properties": {"congestion_score": 1.0, "congestion_level": "free_flow", "color": "rgb(43,200,43)", "road_pixel_count": 2535}}, {"type": "Feature", "geometry": {"type": "Polygon", "coordinates": [[[50.12308879271717, 26.341044702153575], [50.12308879271717, 26.343290480091053], [50.12092073474163, 26.34441336905979], [50.1187526767661, 26.343290480091053], [50.1187526767661, 26.341044702153575], [50.12092073474163, 26.339921813184834], [50.12308879271717, 26.341044702153575]]]}, "properties": {"congestion_score": 1.0, "congestion_level": "free_flow", "color": "rgb(43,200,43)", "road_pixel_count": 1766}}, {"type": "Feature", "geometry": {"type": "Polygon", "coordinates": [[[50.127424908668246, 26.341044702153575], [50.127424908668246, 26.343290480091053], [50.12525685069271, 26.34441336905979], [50.12308879271717, 26.343290480091053], [50.12308879271717, 26.341044702153575], [50.12525685069271, 26.339921813184834], [50.127424908668246, 26.341044702153575]]]}, "properties": {"congestion_score": 1.0, "congestion_level": "free_flow", "color": "rgb(43,200,43)", "road_pixel_count": 6}}, {"type": "Feature", "geometry": {"type": "Polygon", "coordinates": [[[50.131761024619315, 26.341044702153575], [50.131761024619315, 26.343290480091053], [50.12959296664378, 26.34441336905979], [50.127424908668246, 26.343290480091053], [50.127424908668246, 26.341044702153575], [50.12959296664378, 26.339921813184834], [50.131761024619315, 26.341044702153575]]]}, "properties": {"congestion_score": 0.965, "congestion_level": "free_flow", "color": "rgb(43,200,43)", "road_pixel_count": 401}}, {"type": "Feature", "geometry": {"type": "Polygon", "coordinates": [[[50.13609714057039, 26.341044702153575], [50.13609714057039, 26.343290480091053], [50.133929082594854, 26.34441336905979], [50.131761024619315, 26.343290480091053], [50.131761024619315, 26.341044702153575], [50.133929082594854, 26.339921813184834], [50.13609714057039, 26.341044702153575]]]}, "properties": {"congestion_score": 0.956, "congestion_level": "free_flow", "color": "rgb(43,200,43)", "road_pixel_count": 930}}, {"type": "Feature", "geometry": {"type": "Polygon", "coordinates": [[[50.14043325652146, 26.341044702153575], [50.14043325652146, 26.343290480091053], [50.13826519854592, 26.34441336905979], [50.13609714057039, 26.343290480091053], [50.13609714057039, 26.341044702153575], [50.13826519854592, 26.339921813184834], [50.14043325652146, 26.341044702153575]]]}, "properties": {"congestion_score": 0.997, "congestion_level": "free_flow", "color": "rgb(43,200,43)", "road_pixel_count": 2089}}, {"type": "Feature", "geometry": {"type": "Polygon", "coordinates": [[[50.14476937247254, 26.341044702153575], [50.14476937247254, 26.343290480091053], [50.142601314497, 26.34441336905979], [50.14043325652146, 26.343290480091053], [50.14043325652146, 26.341044702153575], [50.142601314497, 26.339921813184834], [50.14476937247254, 26.341044702153575]]]}, "properties": {"congestion_score": 1.0, "congestion_level": "free_flow", "color": "rgb(43,200,43)", "road_pixel_count": 1990}}, {"type": "Feature", "geometry": {"type": "Polygon", "coordinates": [[[50.14910548842361, 26.341044702153575], [50.14910548842361, 26.343290480091053], [50.14693743044807, 26.34441336905979], [50.14476937247254, 26.343290480091053], [50.14476937247254, 26.341044702153575], [50.14693743044807, 26.339921813184834], [50.14910548842361, 26.341044702153575]]]}, "properties": {"congestion_score": 1.0, "congestion_level": "free_flow", "color": "rgb(43,200,43)", "road_pixel_count": 2922}}, {"type": "Feature", "geometry": {"type": "Polygon", "coordinates": [[[50.153441604374684, 26.341044702153575], [50.153441604374684, 26.343290480091053], [50.151273546399146, 26.34441336905979], [50.14910548842361, 26.343290480091053], [50.14910548842361, 26.341044702153575], [50.151273546399146, 26.339921813184834], [50.153441604374684, 26.341044702153575]]]}, "properties": {"congestion_score": 0.999, "congestion_level": "free_flow", "color": "rgb(43,200,43)", "road_pixel_count": 2461}}, {"type": "Feature", "geometry": {"type": "Polygon", "coordinates": [[[50.157777720325754, 26.341044702153575], [50.157777720325754, 26.343290480091053], [50.155609662350216, 26.34441336905979], [50.153441604374684, 26.343290480091053], [50.153441604374684, 26.341044702153575], [50.155609662350216, 26.339921813184834], [50.157777720325754, 26.341044702153575]]]}, "properties": {"congestion_score": 1.0, "congestion_level": "free_flow", "color": "rgb(43,200,43)", "road_pixel_count": 1750}}, {"type": "Feature", "geometry": {"type": "Polygon", "coordinates": [[[50.16211383627683, 26.341044702153575], [50.16211383627683, 26.343290480091053], [50.15994577830129, 26.34441336905979], [50.157777720325754, 26.343290480091053], [50.157777720325754, 26.341044702153575], [50.15994577830129, 26.339921813184834], [50.16211383627683, 26.341044702153575]]]}, "properties": {"congestion_score": 1.0, "congestion_level": "free_flow", "color": "rgb(43,200,43)", "road_pixel_count": 1152}}, {"type": "Feature", "geometry": {"type": "Polygon", "coordinates": [[[50.1664499522279, 26.341044702153575], [50.1664499522279, 26.343290480091053], [50.16428189425236, 26.34441336905979], [50.16211383627683, 26.343290480091053], [50.16211383627683, 26.341044702153575], [50.16428189425236, 26.339921813184834], [50.1664499522279, 26.341044702153575]]]}, "properties": {"congestion_score": 0.979, "congestion_level": "free_flow", "color": "rgb(43,200,43)", "road_pixel_count": 1859}}, {"type": "Feature", "geometry": {"type": "Polygon", "coordinates": [[[50.17078606817898, 26.341044702153575], [50.17078606817898, 26.343290480091053], [50.16861801020344, 26.34441336905979], [50.1664499522279, 26.343290480091053], [50.1664499522279, 26.341044702153575], [50.16861801020344, 26.339921813184834], [50.17078606817898, 26.341044702153575]]]}, "properties": {"congestion_score": 1.0, "congestion_level": "free_flow", "color": "rgb(43,200,43)", "road_pixel_count": 1207}}, {"type": "Feature", "geometry": {"type": "Polygon", "coordinates": [[[50.17945830008112, 26.341044702153575], [50.17945830008112, 26.343290480091053], [50.177290242105585, 26.34441336905979], [50.175122184130046, 26.343290480091053], [50.175122184130046, 26.341044702153575], [50.177290242105585, 26.339921813184834], [50.17945830008112, 26.341044702153575]]]}, "properties": {"congestion_score": 1.0, "congestion_level": "free_flow", "color": "rgb(43,200,43)", "road_pixel_count": 1112}}, {"type": "Feature", "geometry": {"type": "Polygon", "coordinates": [[[50.18379441603219, 26.341044702153575], [50.18379441603219, 26.343290480091053], [50.181626358056654, 26.34441336905979], [50.17945830008112, 26.343290480091053], [50.17945830008112, 26.341044702153575], [50.181626358056654, 26.339921813184834], [50.18379441603219, 26.341044702153575]]]}, "properties": {"congestion_score": 1.0, "congestion_level": "free_flow", "color": "rgb(43,200,43)", "road_pixel_count": 1326}}, {"type": "Feature", "geometry": {"type": "Polygon", "coordinates": [[[50.18813053198327, 26.341044702153575], [50.18813053198327, 26.343290480091053], [50.18596247400773, 26.34441336905979], [50.18379441603219, 26.343290480091053], [50.18379441603219, 26.341044702153575], [50.18596247400773, 26.339921813184834], [50.18813053198327, 26.341044702153575]]]}, "properties": {"congestion_score": 1.0, "congestion_level": "free_flow", "color": "rgb(43,200,43)", "road_pixel_count": 1542}}, {"type": "Feature", "geometry": {"type": "Polygon", "coordinates": [[[50.19246664793434, 26.341044702153575], [50.19246664793434, 26.343290480091053], [50.1902985899588, 26.34441336905979], [50.18813053198327, 26.343290480091053], [50.18813053198327, 26.341044702153575], [50.1902985899588, 26.339921813184834], [50.19246664793434, 26.341044702153575]]]}, "properties": {"congestion_score": 1.0, "congestion_level": "free_flow", "color": "rgb(43,200,43)", "road_pixel_count": 1106}}, {"type": "Feature", "geometry": {"type": "Polygon", "coordinates": [[[50.196802763885415, 26.341044702153575], [50.196802763885415, 26.343290480091053], [50.19463470590988, 26.34441336905979], [50.19246664793434, 26.343290480091053], [50.19246664793434, 26.341044702153575], [50.19463470590988, 26.339921813184834], [50.196802763885415, 26.341044702153575]]]}, "properties": {"congestion_score": 0.998, "congestion_level": "free_flow", "color": "rgb(43,200,43)", "road_pixel_count": 1917}}, {"type": "Feature", "geometry": {"type": "Polygon", "coordinates": [[[50.201138879836485, 26.341044702153575], [50.201138879836485, 26.343290480091053], [50.19897082186095, 26.34441336905979], [50.196802763885415, 26.343290480091053], [50.196802763885415, 26.341044702153575], [50.19897082186095, 26.339921813184834], [50.201138879836485, 26.341044702153575]]]}, "properties": {"congestion_score": 0.941, "congestion_level": "light_congestion", "color": "rgb(255,255,55)", "road_pixel_count": 2734}}, {"type": "Feature", "geometry": {"type": "Polygon", "coordinates": [[[50.20547499578756, 26.341044702153575], [50.20547499578756, 26.343290480091053], [50.20330693781202, 26.34441336905979], [50.201138879836485, 26.343290480091053], [50.201138879836485, 26.341044702153575], [50.20330693781202, 26.339921813184834], [50.20547499578756, 26.341044702153575]]]}, "properties": {"congestion_score": 0.951, "congestion_level": "free_flow", "color": "rgb(43,200,43)", "road_pixel_count": 1868}}, {"type": "Feature", "geometry": {"type": "Polygon", "coordinates": [[[50.20981111173863, 26.341044702153575], [50.20981111173863, 26.343290480091053], [50.20764305376309, 26.34441336905979], [50.20547499578756, 26.343290480091053], [50.20547499578756, 26.341044702153575], [50.20764305376309, 26.339921813184834], [50.20981111173863, 26.341044702153575]]]}, "properties": {"congestion_score": 0.999, "congestion_level": "free_flow", "color": "rgb(43,200,43)", "road_pixel_count": 1649}}, {"type": "Feature", "geometry": {"type": "Polygon", "coordinates": [[[50.21414722768971, 26.341044702153575], [50.21414722768971, 26.343290480091053], [50.21197916971417, 26.34441336905979], [50.20981111173863, 26.343290480091053], [50.20981111173863, 26.341044702153575], [50.21197916971417, 26.339921813184834], [50.21414722768971, 26.341044702153575]]]}, "properties": {"congestion_score": 1.0, "congestion_level": "free_flow", "color": "rgb(43,200,43)", "road_pixel_count": 1397}}, {"type": "Feature", "geometry": {"type": "Polygon", "coordinates": [[[50.21848334364078, 26.341044702153575], [50.21848334364078, 26.343290480091053], [50.21631528566524, 26.34441336905979], [50.21414722768971, 26.343290480091053], [50.21414722768971, 26.341044702153575], [50.21631528566524, 26.339921813184834], [50.21848334364078, 26.341044702153575]]]}, "properties": {"congestion_score": 0.974, "congestion_level": "free_flow", "color": "rgb(43,200,43)", "road_pixel_count": 1415}}, {"type": "Feature", "geometry": {"type": "Polygon", "coordinates": [[[50.222819459591854, 26.341044702153575], [50.222819459591854, 26.343290480091053], [50.220651401616315, 26.34441336905979], [50.21848334364078, 26.343290480091053], [50.21848334364078, 26.341044702153575], [50.220651401616315, 26.339921813184834], [50.222819459591854, 26.341044702153575]]]}, "properties": {"congestion_score": 1.0, "congestion_level": "free_flow", "color": "rgb(43,200,43)", "road_pixel_count": 1398}}, {"type": "Feature", "geometry": {"type": "Polygon", "coordinates": [[[50.22715557554292, 26.341044702153575], [50.22715557554292, 26.343290480091053], [50.224987517567385, 26.34441336905979], [50.222819459591854, 26.343290480091053], [50.222819459591854, 26.341044702153575], [50.224987517567385, 26.339921813184834], [50.22715557554292, 26.341044702153575]]]}, "properties": {"congestion_score": 1.0, "congestion_level": "free_flow", "color": "rgb(43,200,43)", "road_pixel_count": 1286}}, {"type": "Feature", "geometry": {"type": "Polygon", "coordinates": [[[50.05587899547554, 26.34441336905979], [50.05587899547554, 26.34665914699727], [50.0537109375, 26.347782035966006], [50.05154287952446, 26.34665914699727], [50.05154287952446, 26.34441336905979], [50.0537109375, 26.343290480091053], [50.05587899547554, 26.34441336905979]]]}, "properties": {"congestion_score": 1.0, "congestion_level": "free_flow", "color": "rgb(43,200,43)", "road_pixel_count": 800}}, {"type": "Feature", "geometry": {"type": "Polygon", "coordinates": [[[50.06021511142661, 26.34441336905979], [50.06021511142661, 26.34665914699727], [50.05804705345108, 26.347782035966006], [50.05587899547554, 26.34665914699727], [50.05587899547554, 26.34441336905979], [50.05804705345108, 26.343290480091053], [50.06021511142661, 26.34441336905979]]]}, "properties": {"congestion_score": 1.0, "congestion_level": "free_flow", "color": "rgb(43,200,43)", "road_pixel_count": 1371}}, {"type": "Feature", "geometry": {"type": "Polygon", "coordinates": [[[50.064551227377684, 26.34441336905979], [50.064551227377684, 26.34665914699727], [50.062383169402146, 26.347782035966006], [50.06021511142661, 26.34665914699727], [50.06021511142661, 26.34441336905979], [50.062383169402146, 26.343290480091053], [50.064551227377684, 26.34441336905979]]]}, "properties": {"congestion_score": 1.0, "congestion_level": "free_flow", "color": "rgb(43,200,43)", "road_pixel_count": 586}}, {"type": "Feature", "geometry": {"type": "Polygon", "coordinates": [[[50.068887343328754, 26.34441336905979], [50.068887343328754, 26.34665914699727], [50.06671928535322, 26.347782035966006], [50.064551227377684, 26.34665914699727], [50.064551227377684, 26.34441336905979], [50.06671928535322, 26.343290480091053], [50.068887343328754, 26.34441336905979]]]}, "properties": {"congestion_score": 1.0, "congestion_level": "free_flow", "color": "rgb(43,200,43)", "road_pixel_count": 560}}, {"type": "Feature", "geometry": {"type": "Polygon", "coordinates": [[[50.07322345927983, 26.34441336905979], [50.07322345927983, 26.34665914699727], [50.07105540130429, 26.347782035966006], [50.068887343328754, 26.34665914699727], [50.068887343328754, 26.34441336905979], [50.07105540130429, 26.343290480091053], [50.07322345927983, 26.34441336905979]]]}, "properties": {"congestion_score": 1.0, "congestion_level": "free_flow", "color": "rgb(43,200,43)", "road_pixel_count": 264}}, {"type": "Feature", "geometry": {"type": "Polygon", "coordinates": [[[50.0775595752309, 26.34441336905979], [50.0775595752309, 26.34665914699727], [50.07539151725537, 26.347782035966006], [50.07322345927983, 26.34665914699727], [50.07322345927983, 26.34441336905979], [50.07539151725537, 26.343290480091053], [50.0775595752309, 26.34441336905979]]]}, "properties": {"congestion_score": 0.977, "congestion_level": "free_flow", "color": "rgb(43,200,43)", "road_pixel_count": 669}}, {"type": "Feature", "geometry": {"type": "Polygon", "coordinates": [[[50.08189569118198, 26.34441336905979], [50.08189569118198, 26.34665914699727], [50.07972763320644, 26.347782035966006], [50.0775595752309, 26.34665914699727], [50.0775595752309, 26.34441336905979], [50.07972763320644, 26.343290480091053], [50.08189569118198, 26.34441336905979]]]}, "properties": {"congestion_score": 0.987, "congestion_level": "free_flow", "color": "rgb(43,200,43)", "road_pixel_count": 830}}, {"type": "Feature", "geometry": {"type": "Polygon", "coordinates": [[[50.086231807133046, 26.34441336905979], [50.086231807133046, 26.34665914699727], [50.084063749157515, 26.347782035966006], [50.08189569118198, 26.34665914699727], [50.08189569118198, 26.34441336905979], [50.084063749157515, 26.343290480091053], [50.086231807133046, 26.34441336905979]]]}, "properties": {"congestion_score": 0.987, "congestion_level": "free_flow", "color": "rgb(43,200,43)", "road_pixel_count": 1537}}, {"type": "Feature", "geometry": {"type": "Polygon", "coordinates": [[[50.09056792308412, 26.34441336905979], [50.09056792308412, 26.34665914699727], [50.088399865108585, 26.347782035966006], [50.086231807133046, 26.34665914699727], [50.086231807133046, 26.34441336905979], [50.088399865108585, 26.343290480091053], [50.09056792308412, 26.34441336905979]]]}, "properties": {"congestion_score": 1.0, "congestion_level": "free_flow", "color": "rgb(43,200,43)", "road_pixel_count": 886}}, {"type": "Feature", "geometry": {"type": "Polygon", "coordinates": [[[50.09490403903519, 26.34441336905979], [50.09490403903519, 26.34665914699727], [50.09273598105966, 26.347782035966006], [50.09056792308412, 26.34665914699727], [50.09056792308412, 26.34441336905979], [50.09273598105966, 26.343290480091053], [50.09490403903519, 26.34441336905979]]]}, "properties": {"congestion_score": 1.0, "congestion_level": "free_flow", "color": "rgb(43,200,43)", "road_pixel_count": 1412}}, {"type": "Feature", "geometry": {"type": "Polygon", "coordinates": [[[50.09924015498627, 26.34441336905979], [50.09924015498627, 26.34665914699727], [50.09707209701073, 26.347782035966006], [50.09490403903519, 26.34665914699727], [50.09490403903519, 26.34441336905979], [50.09707209701073, 26.343290480091053], [50.09924015498627, 26.34441336905979]]]}, "properties": {"congestion_score": 0.999, "congestion_level": "free_flow", "color": "rgb(43,200,43)", "road_pixel_count": 1216}}, {"type": "Feature", "geometry": {"type": "Polygon", "coordinates": [[[50.10357627093734, 26.34441336905979], [50.10357627093734, 26.34665914699727], [50.10140821296181, 26.347782035966006], [50.09924015498627, 26.34665914699727], [50.09924015498627, 26.34441336905979], [50.10140821296181, 26.343290480091053], [50.10357627093734, 26.34441336905979]]]}, "properties": {"congestion_score": 1.0, "congestion_level": "free_flow", "color": "rgb(43,200,43)", "road_pixel_count": 592}}, {"type": "Feature", "geometry": {"type": "Polygon", "coordinates": [[[50.107912386888415, 26.34441336905979], [50.107912386888415, 26.34665914699727], [50.10574432891288, 26.347782035966006], [50.10357627093734, 26.34665914699727], [50.10357627093734, 26.34441336905979], [50.10574432891288, 26.343290480091053], [50.107912386888415, 26.34441336905979]]]}, "properties": {"congestion_score": 0.745, "congestion_level": "light_congestion", "color": "rgb(255,255,55)", "road_pixel_count": 1715}}, {"type": "Feature", "geometry": {"type": "Polygon", "coordinates": [[[50.12092073474163, 26.34441336905979], [50.12092073474163, 26.34665914699727], [50.1187526767661, 26.347782035966006], [50.11658461879056, 26.34665914699727], [50.11658461879056, 26.34441336905979], [50.1187526767661, 26.343290480091053], [50.12092073474163, 26.34441336905979]]]}, "properties": {"congestion_score": 0.997, "congestion_level": "free_flow", "color": "rgb(43,200,43)", "road_pixel_count": 2146}}, {"type": "Feature", "geometry": {"type": "Polygon", "coordinates": [[[50.12525685069271, 26.34441336905979], [50.12525685069271, 26.34665914699727], [50.12308879271717, 26.347782035966006], [50.12092073474163, 26.34665914699727], [50.12092073474163, 26.34441336905979], [50.12308879271717, 26.343290480091053], [50.12525685069271, 26.34441336905979]]]}, "properties": {"congestion_score": 1.0, "congestion_level": "free_flow", "color": "rgb(43,200,43)", "road_pixel_count": 1534}}, {"type": "Feature", "geometry": {"type": "Polygon", "coordinates": [[[50.12959296664378, 26.34441336905979], [50.12959296664378, 26.34665914699727], [50.127424908668246, 26.347782035966006], [50.12525685069271, 26.34665914699727], [50.12525685069271, 26.34441336905979], [50.127424908668246, 26.343290480091053], [50.12959296664378, 26.34441336905979]]]}, "properties": {"congestion_score": 1.0, "congestion_level": "free_flow", "color": "rgb(43,200,43)", "road_pixel_count": 1643}}, {"type": "Feature", "geometry": {"type": "Polygon", "coordinates": [[[50.133929082594854, 26.34441336905979], [50.133929082594854, 26.34665914699727], [50.131761024619315, 26.347782035966006], [50.12959296664378, 26.34665914699727], [50.12959296664378, 26.34441336905979], [50.131761024619315, 26.343290480091053], [50.133929082594854, 26.34441336905979]]]}, "properties": {"congestion_score": 0.88, "congestion_level": "light_congestion", "color": "rgb(255,255,55)", "road_pixel_count": 1252}}, {"type": "Feature", "geometry": {"type": "Polygon", "coordinates": [[[50.13826519854592, 26.34441336905979], [50.13826519854592, 26.34665914699727], [50.13609714057039, 26.347782035966006], [50.133929082594854, 26.34665914699727], [50.133929082594854, 26.34441336905979], [50.13609714057039, 26.343290480091053], [50.13826519854592, 26.34441336905979]]]}, "properties": {"congestion_score": 0.994, "congestion_level": "free_flow", "color": "rgb(43,200,43)", "road_pixel_count": 2665}}, {"type": "Feature", "geometry": {"type": "Polygon", "coordinates": [[[50.142601314497, 26.34441336905979], [50.142601314497, 26.34665914699727], [50.14043325652146, 26.347782035966006], [50.13826519854592, 26.34665914699727], [50.13826519854592, 26.34441336905979], [50.14043325652146, 26.343290480091053], [50.142601314497, 26.34441336905979]]]}, "properties": {"congestion_score": 0.985, "congestion_level": "free_flow", "color": "rgb(43,200,43)", "road_pixel_count": 2132}}, {"type": "Feature", "geometry": {"type": "Polygon", "coordinates": [[[50.14693743044807, 26.34441336905979], [50.14693743044807, 26.34665914699727], [50.14476937247254, 26.347782035966006], [50.142601314497, 26.34665914699727], [50.142601314497, 26.34441336905979], [50.14476937247254, 26.343290480091053], [50.14693743044807, 26.34441336905979]]]}, "properties": {"congestion_score": 0.989, "congestion_level": "free_flow", "color": "rgb(43,200,43)", "road_pixel_count": 2969}}, {"type": "Feature", "geometry": {"type": "Polygon", "coordinates": [[[50.151273546399146, 26.34441336905979], [50.151273546399146, 26.34665914699727], [50.14910548842361, 26.347782035966006], [50.14693743044807, 26.34665914699727], [50.14693743044807, 26.34441336905979], [50.14910548842361, 26.343290480091053], [50.151273546399146, 26.34441336905979]]]}, "properties": {"congestion_score": 1.0, "congestion_level": "free_flow", "color": "rgb(43,200,43)", "road_pixel_count": 1670}}, {"type": "Feature", "geometry": {"type": "Polygon", "coordinates": [[[50.155609662350216, 26.34441336905979], [50.155609662350216, 26.34665914699727], [50.153441604374684, 26.347782035966006], [50.151273546399146, 26.34665914699727], [50.151273546399146, 26.34441336905979], [50.153441604374684, 26.343290480091053], [50.155609662350216, 26.34441336905979]]]}, "properties": {"congestion_score": 0.966, "congestion_level": "free_flow", "color": "rgb(43,200,43)", "road_pixel_count": 1697}}, {"type": "Feature", "geometry": {"type": "Polygon", "coordinates": [[[50.15994577830129, 26.34441336905979], [50.15994577830129, 26.34665914699727], [50.157777720325754, 26.347782035966006], [50.155609662350216, 26.34665914699727], [50.155609662350216, 26.34441336905979], [50.157777720325754, 26.343290480091053], [50.15994577830129, 26.34441336905979]]]}, "properties": {"congestion_score": 1.0, "congestion_level": "free_flow", "color": "rgb(43,200,43)", "road_pixel_count": 1491}}, {"type": "Feature", "geometry": {"type": "Polygon", "coordinates": [[[50.16428189425236, 26.34441336905979], [50.16428189425236, 26.34665914699727], [50.16211383627683, 26.347782035966006], [50.15994577830129, 26.34665914699727], [50.15994577830129, 26.34441336905979], [50.16211383627683, 26.343290480091053], [50.16428189425236, 26.34441336905979]]]}, "properties": {"congestion_score": 0.994, "congestion_level": "free_flow", "color": "rgb(43,200,43)", "road_pixel_count": 1975}}, {"type": "Feature", "geometry": {"type": "Polygon", "coordinates": [[[50.16861801020344, 26.34441336905979], [50.16861801020344, 26.34665914699727], [50.1664499522279, 26.347782035966006], [50.16428189425236, 26.34665914699727], [50.16428189425236, 26.34441336905979], [50.1664499522279, 26.343290480091053], [50.16861801020344, 26.34441336905979]]]}, "properties": {"congestion_score": 0.966, "congestion_level": "free_flow", "color": "rgb(43,200,43)", "road_pixel_count": 974}}, {"type": "Feature", "geometry": {"type": "Polygon", "coordinates": [[[50.181626358056654, 26.34441336905979], [50.181626358056654, 26.34665914699727], [50.17945830008112, 26.347782035966006], [50.177290242105585, 26.34665914699727], [50.177290242105585, 26.34441336905979], [50.17945830008112, 26.343290480091053], [50.181626358056654, 26.34441336905979]]]}, "properties": {"congestion_score": 1.0, "congestion_level": "free_flow", "color": "rgb(43,200,43)", "road_pixel_count": 1935}}, {"type": "Feature", "geometry": {"type": "Polygon", "coordinates": [[[50.18596247400773, 26.34441336905979], [50.18596247400773, 26.34665914699727], [50.18379441603219, 26.347782035966006], [50.181626358056654, 26.34665914699727], [50.181626358056654, 26.34441336905979], [50.18379441603219, 26.343290480091053], [50.18596247400773, 26.34441336905979]]]}, "properties": {"congestion_score": 1.0, "congestion_level": "free_flow", "color": "rgb(43,200,43)", "road_pixel_count": 1184}}, {"type": "Feature", "geometry": {"type": "Polygon", "coordinates": [[[50.1902985899588, 26.34441336905979], [50.1902985899588, 26.34665914699727], [50.18813053198327, 26.347782035966006], [50.18596247400773, 26.34665914699727], [50.18596247400773, 26.34441336905979], [50.18813053198327, 26.343290480091053], [50.1902985899588, 26.34441336905979]]]}, "properties": {"congestion_score": 0.993, "congestion_level": "free_flow", "color": "rgb(43,200,43)", "road_pixel_count": 1811}}, {"type": "Feature", "geometry": {"type": "Polygon", "coordinates": [[[50.19463470590988, 26.34441336905979], [50.19463470590988, 26.34665914699727], [50.19246664793434, 26.347782035966006], [50.1902985899588, 26.34665914699727], [50.1902985899588, 26.34441336905979], [50.19246664793434, 26.343290480091053], [50.19463470590988, 26.34441336905979]]]}, "properties": {"congestion_score": 1.0, "congestion_level": "free_flow", "color": "rgb(43,200,43)", "road_pixel_count": 2220}}, {"type": "Feature", "geometry": {"type": "Polygon", "coordinates": [[[50.19897082186095, 26.34441336905979], [50.19897082186095, 26.34665914699727], [50.196802763885415, 26.347782035966006], [50.19463470590988, 26.34665914699727], [50.19463470590988, 26.34441336905979], [50.196802763885415, 26.343290480091053], [50.19897082186095, 26.34441336905979]]]}, "properties": {"congestion_score": 0.953, "congestion_level": "free_flow", "color": "rgb(43,200,43)", "road_pixel_count": 2469}}, {"type": "Feature", "geometry": {"type": "Polygon", "coordinates": [[[50.20330693781202, 26.34441336905979], [50.20330693781202, 26.34665914699727], [50.201138879836485, 26.347782035966006], [50.19897082186095, 26.34665914699727], [50.19897082186095, 26.34441336905979], [50.201138879836485, 26.343290480091053], [50.20330693781202, 26.34441336905979]]]}, "properties": {"congestion_score": 0.867, "congestion_level": "light_congestion", "color": "rgb(255,255,55)", "road_pixel_count": 1150}}, {"type": "Feature", "geometry": {"type": "Polygon", "coordinates": [[[50.20764305376309, 26.34441336905979], [50.20764305376309, 26.34665914699727], [50.20547499578756, 26.347782035966006], [50.20330693781202, 26.34665914699727], [50.20330693781202, 26.34441336905979], [50.20547499578756, 26.343290480091053], [50.20764305376309, 26.34441336905979]]]}, "properties": {"congestion_score": 1.0, "congestion_level": "free_flow", "color": "rgb(43,200,43)", "road_pixel_count": 1631}}, {"type": "Feature", "geometry": {"type": "Polygon", "coordinates": [[[50.21197916971417, 26.34441336905979], [50.21197916971417, 26.34665914699727], [50.20981111173863, 26.347782035966006], [50.20764305376309, 26.34665914699727], [50.20764305376309, 26.34441336905979], [50.20981111173863, 26.343290480091053], [50.21197916971417, 26.34441336905979]]]}, "properties": {"congestion_score": 1.0, "congestion_level": "free_flow", "color": "rgb(43,200,43)", "road_pixel_count": 1924}}, {"type": "Feature", "geometry": {"type": "Polygon", "coordinates": [[[50.220651401616315, 26.34441336905979], [50.220651401616315, 26.34665914699727], [50.21848334364078, 26.347782035966006], [50.21631528566524, 26.34665914699727], [50.21631528566524, 26.34441336905979], [50.21848334364078, 26.343290480091053], [50.220651401616315, 26.34441336905979]]]}, "properties": {"congestion_score": 1.0, "congestion_level": "free_flow", "color": "rgb(43,200,43)", "road_pixel_count": 1233}}, {"type": "Feature", "geometry": {"type": "Polygon", "coordinates": [[[50.224987517567385, 26.34441336905979], [50.224987517567385, 26.34665914699727], [50.222819459591854, 26.347782035966006], [50.220651401616315, 26.34665914699727], [50.220651401616315, 26.34441336905979], [50.222819459591854, 26.343290480091053], [50.224987517567385, 26.34441336905979]]]}, "properties": {"congestion_score": 1.0, "congestion_level": "free_flow", "color": "rgb(43,200,43)", "road_pixel_count": 2027}}, {"type": "Feature", "geometry": {"type": "Polygon", "coordinates": [[[50.22932363351846, 26.34441336905979], [50.22932363351846, 26.34665914699727], [50.22715557554292, 26.347782035966006], [50.224987517567385, 26.34665914699727], [50.224987517567385, 26.34441336905979], [50.22715557554292, 26.343290480091053], [50.22932363351846, 26.34441336905979]]]}, "properties": {"congestion_score": 1.0, "congestion_level": "free_flow", "color": "rgb(43,200,43)", "road_pixel_count": 1251}}, {"type": "Feature", "geometry": {"type": "Polygon", "coordinates": [[[50.05804705345108, 26.347782035966006], [50.05804705345108, 26.350027813903484], [50.05587899547554, 26.35115070287222], [50.0537109375, 26.350027813903484], [50.0537109375, 26.347782035966006], [50.05587899547554, 26.34665914699727], [50.05804705345108, 26.347782035966006]]]}, "properties": {"congestion_score": 1.0, "congestion_level": "free_flow", "color": "rgb(43,200,43)", "road_pixel_count": 1100}}, {"type": "Feature", "geometry": {"type": "Polygon", "coordinates": [[[50.062383169402146, 26.347782035966006], [50.062383169402146, 26.350027813903484], [50.06021511142661, 26.35115070287222], [50.05804705345108, 26.350027813903484], [50.05804705345108, 26.347782035966006], [50.06021511142661, 26.34665914699727], [50.062383169402146, 26.347782035966006]]]}, "properties": {"congestion_score": 1.0, "congestion_level": "free_flow", "color": "rgb(43,200,43)", "road_pixel_count": 250}}, {"type": "Feature", "geometry": {"type": "Polygon", "coordinates": [[[50.066719285353216, 26.347782035966006], [50.066719285353216, 26.350027813903484], [50.064551227377684, 26.35115070287222], [50.062383169402146, 26.350027813903484], [50.062383169402146, 26.347782035966006], [50.064551227377684, 26.34665914699727], [50.066719285353216, 26.347782035966006]]]}, "properties": {"congestion_score": 1.0, "congestion_level": "free_flow", "color": "rgb(43,200,43)", "road_pixel_count": 1439}}, {"type": "Feature", "geometry": {"type": "Polygon", "coordinates": [[[50.07105540130429, 26.347782035966006], [50.07105540130429, 26.350027813903484], [50.068887343328754, 26.35115070287222], [50.06671928535322, 26.350027813903484], [50.06671928535322, 26.347782035966006], [50.068887343328754, 26.34665914699727], [50.07105540130429, 26.347782035966006]]]}, "properties": {"congestion_score": 1.0, "congestion_level": "free_flow", "color": "rgb(43,200,43)", "road_pixel_count": 504}}, {"type": "Feature", "geometry": {"type": "Polygon", "coordinates": [[[50.07539151725537, 26.347782035966006], [50.07539151725537, 26.350027813903484], [50.07322345927983, 26.35115070287222], [50.07105540130429, 26.350027813903484], [50.07105540130429, 26.347782035966006], [50.07322345927983, 26.34665914699727], [50.07539151725537, 26.347782035966006]]]}, "properties": {"congestion_score": 0.949, "congestion_level": "light_congestion", "color": "rgb(255,255,55)", "road_pixel_count": 1715}}, {"type": "Feature", "geometry": {"type": "Polygon", "coordinates": [[[50.07972763320644, 26.347782035966006], [50.07972763320644, 26.350027813903484], [50.0775595752309, 26.35115070287222], [50.07539151725537, 26.350027813903484], [50.07539151725537, 26.347782035966006], [50.0775595752309, 26.34665914699727], [50.07972763320644, 26.347782035966006]]]}, "properties": {"congestion_score": 0.909, "congestion_level": "light_congestion", "color": "rgb(255,255,55)", "road_pixel_count": 1089}}, {"type": "Feature", "geometry": {"type": "Polygon", "coordinates": [[[50.084063749157515, 26.347782035966006], [50.084063749157515, 26.350027813903484], [50.08189569118198, 26.35115070287222], [50.07972763320644, 26.350027813903484], [50.07972763320644, 26.347782035966006], [50.08189569118198, 26.34665914699727], [50.084063749157515, 26.347782035966006]]]}, "properties": {"congestion_score": 0.923, "congestion_level": "light_congestion", "color": "rgb(255,255,55)", "road_pixel_count": 1164}}, {"type": "Feature", "geometry": {"type": "Polygon", "coordinates": [[[50.088399865108585, 26.347782035966006], [50.088399865108585, 26.350027813903484], [50.086231807133046, 26.35115070287222], [50.084063749157515, 26.350027813903484], [50.084063749157515, 26.347782035966006], [50.086231807133046, 26.34665914699727], [50.088399865108585, 26.347782035966006]]]}, "properties": {"congestion_score": 1.0, "congestion_level": "free_flow", "color": "rgb(43,200,43)", "road_pixel_count": 668}}, {"type": "Feature", "geometry": {"type": "Polygon", "coordinates": [[[50.09273598105966, 26.347782035966006], [50.09273598105966, 26.350027813903484], [50.09056792308412, 26.35115070287222], [50.088399865108585, 26.350027813903484], [50.088399865108585, 26.347782035966006], [50.09056792308412, 26.34665914699727], [50.09273598105966, 26.347782035966006]]]}, "properties": {"congestion_score": 1.0, "congestion_level": "free_flow", "color": "rgb(43,200,43)", "road_pixel_count": 1830}}, {"type": "Feature", "geometry": {"type": "Polygon", "coordinates": [[[50.09707209701073, 26.347782035966006], [50.09707209701073, 26.350027813903484], [50.09490403903519, 26.35115070287222], [50.09273598105966, 26.350027813903484], [50.09273598105966, 26.347782035966006], [50.09490403903519, 26.34665914699727], [50.09707209701073, 26.347782035966006]]]}, "properties": {"congestion_score": 1.0, "congestion_level": "free_flow", "color": "rgb(43,200,43)", "road_pixel_count": 900}}, {"type": "Feature", "geometry": {"type": "Polygon", "coordinates": [[[50.10140821296181, 26.347782035966006], [50.10140821296181, 26.350027813903484], [50.09924015498627, 26.35115070287222], [50.09707209701073, 26.350027813903484], [50.09707209701073, 26.347782035966006], [50.09924015498627, 26.34665914699727], [50.10140821296181, 26.347782035966006]]]}, "properties": {"congestion_score": 0.898, "congestion_level": "light_congestion", "color": "rgb(255,255,55)", "road_pixel_count": 449}}, {"type": "Feature", "geometry": {"type": "Polygon", "coordinates": [[[50.10574432891288, 26.347782035966006], [50.10574432891288, 26.350027813903484], [50.10357627093734, 26.35115070287222], [50.10140821296181, 26.350027813903484], [50.10140821296181, 26.347782035966006], [50.10357627093734, 26.34665914699727], [50.10574432891288, 26.347782035966006]]]}, "properties": {"congestion_score": 0.756, "congestion_level": "light_congestion", "color": "rgb(255,255,55)", "road_pixel_count": 2351}}, {"type": "Feature", "geometry": {"type": "Polygon", "coordinates": [[[50.110080444863954, 26.347782035966006], [50.110080444863954, 26.350027813903484], [50.107912386888415, 26.35115070287222], [50.10574432891288, 26.350027813903484], [50.10574432891288, 26.347782035966006], [50.107912386888415, 26.34665914699727], [50.110080444863954, 26.347782035966006]]]}, "properties": {"congestion_score": 1.0, "congestion_level": "free_flow", "color": "rgb(43,200,43)", "road_pixel_count": 219}}, {"type": "Feature", "geometry": {"type": "Polygon", "coordinates": [[[50.1187526767661, 26.347782035966006], [50.1187526767661, 26.350027813903484], [50.11658461879056, 26.35115070287222], [50.11441656081502, 26.350027813903484], [50.11441656081502, 26.347782035966006], [50.11658461879056, 26.34665914699727], [50.1187526767661, 26.347782035966006]]]}, "properties": {"congestion_score": 1.0, "congestion_level": "free_flow", "color": "rgb(43,200,43)", "road_pixel_count": 540}}, {"type": "Feature", "geometry": {"type": "Polygon", "coordinates": [[[50.12308879271717, 26.347782035966006], [50.12308879271717, 26.350027813903484], [50.12092073474163, 26.35115070287222], [50.1187526767661, 26.350027813903484], [50.1187526767661, 26.347782035966006], [50.12092073474163, 26.34665914699727], [50.12308879271717, 26.347782035966006]]]}, "properties": {"congestion_score": 1.0, "congestion_level": "free_flow", "color": "rgb(43,200,43)", "road_pixel_count": 1044}}, {"type": "Feature", "geometry": {"type": "Polygon", "coordinates": [[[50.127424908668246, 26.347782035966006], [50.127424908668246, 26.350027813903484], [50.12525685069271, 26.35115070287222], [50.12308879271717, 26.350027813903484], [50.12308879271717, 26.347782035966006], [50.12525685069271, 26.34665914699727], [50.127424908668246, 26.347782035966006]]]}, "properties": {"congestion_score": 1.0, "congestion_level": "free_flow", "color": "rgb(43,200,43)", "road_pixel_count": 2196}}, {"type": "Feature", "geometry": {"type": "Polygon", "coordinates": [[[50.131761024619315, 26.347782035966006], [50.131761024619315, 26.350027813903484], [50.12959296664378, 26.35115070287222], [50.127424908668246, 26.350027813903484], [50.127424908668246, 26.347782035966006], [50.12959296664378, 26.34665914699727], [50.131761024619315, 26.347782035966006]]]}, "properties": {"congestion_score": 1.0, "congestion_level": "free_flow", "color": "rgb(43,200,43)", "road_pixel_count": 2583}}, {"type": "Feature", "geometry": {"type": "Polygon", "coordinates": [[[50.13609714057039, 26.347782035966006], [50.13609714057039, 26.350027813903484], [50.133929082594854, 26.35115070287222], [50.131761024619315, 26.350027813903484], [50.131761024619315, 26.347782035966006], [50.133929082594854, 26.34665914699727], [50.13609714057039, 26.347782035966006]]]}, "properties": {"congestion_score": 0.996, "congestion_level": "free_flow", "color": "rgb(43,200,43)", "road_pixel_count": 2280}}, {"type": "Feature", "geometry": {"type": "Polygon", "coordinates": [[[50.14043325652146, 26.347782035966006], [50.14043325652146, 26.350027813903484], [50.13826519854592, 26.35115070287222], [50.13609714057039, 26.350027813903484], [50.13609714057039, 26.347782035966006], [50.13826519854592, 26.34665914699727], [50.14043325652146, 26.347782035966006]]]}, "properties": {"congestion_score": 0.952, "congestion_level": "free_flow", "color": "rgb(43,200,43)", "road_pixel_count": 2176}}, {"type": "Feature", "geometry": {"type": "Polygon", "coordinates": [[[50.14476937247254, 26.347782035966006], [50.14476937247254, 26.350027813903484], [50.142601314497, 26.35115070287222], [50.14043325652146, 26.350027813903484], [50.14043325652146, 26.347782035966006], [50.142601314497, 26.34665914699727], [50.14476937247254, 26.347782035966006]]]}, "properties": {"congestion_score": 0.963, "congestion_level": "free_flow", "color": "rgb(43,200,43)", "road_pixel_count": 3180}}, {"type": "Feature", "geometry": {"type": "Polygon", "coordinates": [[[50.14910548842361, 26.347782035966006], [50.14910548842361, 26.350027813903484], [50.14693743044807, 26.35115070287222], [50.14476937247254, 26.350027813903484], [50.14476937247254, 26.347782035966006], [50.14693743044807, 26.34665914699727], [50.14910548842361, 26.347782035966006]]]}, "properties": {"congestion_score": 1.0, "congestion_level": "free_flow", "color": "rgb(43,200,43)", "road_pixel_count": 427}}, {"type": "Feature", "geometry": {"type": "Polygon", "coordinates": [[[50.153441604374684, 26.347782035966006], [50.153441604374684, 26.350027813903484], [50.151273546399146, 26.35115070287222], [50.14910548842361, 26.350027813903484], [50.14910548842361, 26.347782035966006], [50.151273546399146, 26.34665914699727], [50.153441604374684, 26.347782035966006]]]}, "properties": {"congestion_score": 0.981, "congestion_level": "free_flow", "color": "rgb(43,200,43)", "road_pixel_count": 1325}}, {"type": "Feature", "geometry": {"type": "Polygon", "coordinates": [[[50.157777720325754, 26.347782035966006], [50.157777720325754, 26.350027813903484], [50.155609662350216, 26.35115070287222], [50.153441604374684, 26.350027813903484], [50.153441604374684, 26.347782035966006], [50.155609662350216, 26.34665914699727], [50.157777720325754, 26.347782035966006]]]}, "properties": {"congestion_score": 0.939, "congestion_level": "light_congestion", "color": "rgb(255,255,55)", "road_pixel_count": 1787}}, {"type": "Feature", "geometry": {"type": "Polygon", "coordinates": [[[50.16211383627683, 26.347782035966006], [50.16211383627683, 26.350027813903484], [50.15994577830129, 26.35115070287222], [50.157777720325754, 26.350027813903484], [50.157777720325754, 26.347782035966006], [50.15994577830129, 26.34665914699727], [50.16211383627683, 26.347782035966006]]]}, "properties": {"congestion_score": 0.999, "congestion_level": "free_flow", "color": "rgb(43,200,43)", "road_pixel_count": 1355}}, {"type": "Feature", "geometry": {"type": "Polygon", "coordinates": [[[50.1664499522279, 26.347782035966006], [50.1664499522279, 26.350027813903484], [50.16428189425236, 26.35115070287222], [50.16211383627683, 26.350027813903484], [50.16211383627683, 26.347782035966006], [50.16428189425236, 26.34665914699727], [50.1664499522279, 26.347782035966006]]]}, "properties": {"congestion_score": 1.0, "congestion_level": "free_flow", "color": "rgb(43,200,43)", "road_pixel_count": 11}}, {"type": "Feature", "geometry": {"type": "Polygon", "coordinates": [[[50.17945830008112, 26.347782035966006], [50.17945830008112, 26.350027813903484], [50.177290242105585, 26.35115070287222], [50.175122184130046, 26.350027813903484], [50.175122184130046, 26.347782035966006], [50.177290242105585, 26.34665914699727], [50.17945830008112, 26.347782035966006]]]}, "properties": {"congestion_score": 1.0, "congestion_level": "free_flow", "color": "rgb(43,200,43)", "road_pixel_count": 1272}}, {"type": "Feature", "geometry": {"type": "Polygon", "coordinates": [[[50.18379441603219, 26.347782035966006], [50.18379441603219, 26.350027813903484], [50.181626358056654, 26.35115070287222], [50.17945830008112, 26.350027813903484], [50.17945830008112, 26.347782035966006], [50.181626358056654, 26.34665914699727], [50.18379441603219, 26.347782035966006]]]}, "properties": {"congestion_score": 0.997, "congestion_level": "free_flow", "color": "rgb(43,200,43)", "road_pixel_count": 575}}, {"type": "Feature", "geometry": {"type": "Polygon", "coordinates": [[[50.18813053198327, 26.347782035966006], [50.18813053198327, 26.350027813903484], [50.18596247400773, 26.35115070287222], [50.18379441603219, 26.350027813903484], [50.18379441603219, 26.347782035966006], [50.18596247400773, 26.34665914699727], [50.18813053198327, 26.347782035966006]]]}, "properties": {"congestion_score": 0.779, "congestion_level": "light_congestion", "color": "rgb(255,255,55)", "road_pixel_count": 566}}, {"type": "Feature", "geometry": {"type": "Polygon", "coordinates": [[[50.19246664793434, 26.347782035966006], [50.19246664793434, 26.350027813903484], [50.1902985899588, 26.35115070287222], [50.18813053198327, 26.350027813903484], [50.18813053198327, 26.347782035966006], [50.1902985899588, 26.34665914699727], [50.19246664793434, 26.347782035966006]]]}, "properties": {"congestion_score": 0.876, "congestion_level": "light_congestion", "color": "rgb(255,255,55)", "road_pixel_count": 887}}, {"type": "Feature", "geometry": {"type": "Polygon", "coordinates": [[[50.196802763885415, 26.347782035966006], [50.196802763885415, 26.350027813903484], [50.19463470590988, 26.35115070287222], [50.19246664793434, 26.350027813903484], [50.19246664793434, 26.347782035966006], [50.19463470590988, 26.34665914699727], [50.196802763885415, 26.347782035966006]]]}, "properties": {"congestion_score": 0.99, "congestion_level": "free_flow", "color": "rgb(43,200,43)", "road_pixel_count": 3217}}, {"type": "Feature", "geometry": {"type": "Polygon", "coordinates": [[[50.201138879836485, 26.347782035966006], [50.201138879836485, 26.350027813903484], [50.19897082186095, 26.35115070287222], [50.196802763885415, 26.350027813903484], [50.196802763885415, 26.347782035966006], [50.19897082186095, 26.34665914699727], [50.201138879836485, 26.347782035966006]]]}, "properties": {"congestion_score": 0.965, "congestion_level": "free_flow", "color": "rgb(43,200,43)", "road_pixel_count": 2005}}, {"type": "Feature", "geometry": {"type": "Polygon", "coordinates": [[[50.20547499578756, 26.347782035966006], [50.20547499578756, 26.350027813903484], [50.20330693781202, 26.35115070287222], [50.201138879836485, 26.350027813903484], [50.201138879836485, 26.347782035966006], [50.20330693781202, 26.34665914699727], [50.20547499578756, 26.347782035966006]]]}, "properties": {"congestion_score": 0.951, "congestion_level": "free_flow", "color": "rgb(43,200,43)", "road_pixel_count": 597}}, {"type": "Feature", "geometry": {"type": "Polygon", "coordinates": [[[50.20981111173863, 26.347782035966006], [50.20981111173863, 26.350027813903484], [50.20764305376309, 26.35115070287222], [50.20547499578756, 26.350027813903484], [50.20547499578756, 26.347782035966006], [50.20764305376309, 26.34665914699727], [50.20981111173863, 26.347782035966006]]]}, "properties": {"congestion_score": 1.0, "congestion_level": "free_flow", "color": "rgb(43,200,43)", "road_pixel_count": 1173}}, {"type": "Feature", "geometry": {"type": "Polygon", "coordinates": [[[50.21414722768971, 26.347782035966006], [50.21414722768971, 26.350027813903484], [50.21197916971417, 26.35115070287222], [50.20981111173863, 26.350027813903484], [50.20981111173863, 26.347782035966006], [50.21197916971417, 26.34665914699727], [50.21414722768971, 26.347782035966006]]]}, "properties": {"congestion_score": 1.0, "congestion_level": "free_flow", "color": "rgb(43,200,43)", "road_pixel_count": 1167}}, {"type": "Feature", "geometry": {"type": "Polygon", "coordinates": [[[50.21848334364078, 26.347782035966006], [50.21848334364078, 26.350027813903484], [50.21631528566524, 26.35115070287222], [50.21414722768971, 26.350027813903484], [50.21414722768971, 26.347782035966006], [50.21631528566524, 26.34665914699727], [50.21848334364078, 26.347782035966006]]]}, "properties": {"congestion_score": 1.0, "congestion_level": "free_flow", "color": "rgb(43,200,43)", "road_pixel_count": 908}}, {"type": "Feature", "geometry": {"type": "Polygon", "coordinates": [[[50.222819459591854, 26.347782035966006], [50.222819459591854, 26.350027813903484], [50.220651401616315, 26.35115070287222], [50.21848334364078, 26.350027813903484], [50.21848334364078, 26.347782035966006], [50.220651401616315, 26.34665914699727], [50.222819459591854, 26.347782035966006]]]}, "properties": {"congestion_score": 1.0, "congestion_level": "free_flow", "color": "rgb(43,200,43)", "road_pixel_count": 1197}}, {"type": "Feature", "geometry": {"type": "Polygon", "coordinates": [[[50.22715557554292, 26.347782035966006], [50.22715557554292, 26.350027813903484], [50.224987517567385, 26.35115070287222], [50.222819459591854, 26.350027813903484], [50.222819459591854, 26.347782035966006], [50.224987517567385, 26.34665914699727], [50.22715557554292, 26.347782035966006]]]}, "properties": {"congestion_score": 1.0, "congestion_level": "free_flow", "color": "rgb(43,200,43)", "road_pixel_count": 808}}, {"type": "Feature", "geometry": {"type": "Polygon", "coordinates": [[[50.231491691494, 26.347782035966006], [50.231491691494, 26.350027813903484], [50.22932363351846, 26.35115070287222], [50.22715557554292, 26.350027813903484], [50.22715557554292, 26.347782035966006], [50.22932363351846, 26.34665914699727], [50.231491691494, 26.347782035966006]]]}, "properties": {"congestion_score": 1.0, "congestion_level": "free_flow", "color": "rgb(43,200,43)", "road_pixel_count": 1155}}, {"type": "Feature", "geometry": {"type": "Polygon", "coordinates": [[[50.05587899547554, 26.35115070287222], [50.05587899547554, 26.3533964808097], [50.0537109375, 26.35451936977844], [50.05154287952446, 26.3533964808097], [50.05154287952446, 26.35115070287222], [50.0537109375, 26.350027813903484], [50.05587899547554, 26.35115070287222]]]}, "properties": {"congestion_score": 1.0, "congestion_level": "free_flow", "color": "rgb(43,200,43)", "road_pixel_count": 913}}, {"type": "Feature", "geometry": {"type": "Polygon", "coordinates": [[[50.06021511142661, 26.35115070287222], [50.06021511142661, 26.3533964808097], [50.05804705345108, 26.35451936977844], [50.05587899547554, 26.3533964808097], [50.05587899547554, 26.35115070287222], [50.05804705345108, 26.350027813903484], [50.06021511142661, 26.35115070287222]]]}, "properties": {"congestion_score": 1.0, "congestion_level": "free_flow", "color": "rgb(43,200,43)", "road_pixel_count": 1127}}, {"type": "Feature", "geometry": {"type": "Polygon", "coordinates": [[[50.064551227377684, 26.35115070287222], [50.064551227377684, 26.3533964808097], [50.062383169402146, 26.35451936977844], [50.06021511142661, 26.3533964808097], [50.06021511142661, 26.35115070287222], [50.062383169402146, 26.350027813903484], [50.064551227377684, 26.35115070287222]]]}, "properties": {"congestion_score": 1.0, "congestion_level": "free_flow", "color": "rgb(43,200,43)", "road_pixel_count": 319}}, {"type": "Feature", "geometry": {"type": "Polygon", "coordinates": [[[50.068887343328754, 26.35115070287222], [50.068887343328754, 26.3533964808097], [50.06671928535322, 26.35451936977844], [50.064551227377684, 26.3533964808097], [50.064551227377684, 26.35115070287222], [50.06671928535322, 26.350027813903484], [50.068887343328754, 26.35115070287222]]]}, "properties": {"congestion_score": 1.0, "congestion_level": "free_flow", "color": "rgb(43,200,43)", "road_pixel_count": 384}}, {"type": "Feature", "geometry": {"type": "Polygon", "coordinates": [[[50.07322345927983, 26.35115070287222], [50.07322345927983, 26.3533964808097], [50.07105540130429, 26.35451936977844], [50.068887343328754, 26.3533964808097], [50.068887343328754, 26.35115070287222], [50.07105540130429, 26.350027813903484], [50.07322345927983, 26.35115070287222]]]}, "properties": {"congestion_score": 0.973, "congestion_level": "free_flow", "color": "rgb(43,200,43)", "road_pixel_count": 1236}}, {"type": "Feature", "geometry": {"type": "Polygon", "coordinates": [[[50.0775595752309, 26.35115070287222], [50.0775595752309, 26.3533964808097], [50.07539151725537, 26.35451936977844], [50.07322345927983, 26.3533964808097], [50.07322345927983, 26.35115070287222], [50.07539151725537, 26.350027813903484], [50.0775595752309, 26.35115070287222]]]}, "properties": {"congestion_score": 1.0, "congestion_level": "free_flow", "color": "rgb(43,200,43)", "road_pixel_count": 109}}, {"type": "Feature", "geometry": {"type": "Polygon", "coordinates": [[[50.08189569118198, 26.35115070287222], [50.08189569118198, 26.3533964808097], [50.07972763320644, 26.35451936977844], [50.0775595752309, 26.3533964808097], [50.0775595752309, 26.35115070287222], [50.07972763320644, 26.350027813903484], [50.08189569118198, 26.35115070287222]]]}, "properties": {"congestion_score": 0.936, "congestion_level": "light_congestion", "color": "rgb(255,255,55)", "road_pixel_count": 844}}, {"type": "Feature", "geometry": {"type": "Polygon", "coordinates": [[[50.09056792308412, 26.35115070287222], [50.09056792308412, 26.3533964808097], [50.088399865108585, 26.35451936977844], [50.086231807133046, 26.3533964808097], [50.086231807133046, 26.35115070287222], [50.088399865108585, 26.350027813903484], [50.09056792308412, 26.35115070287222]]]}, "properties": {"congestion_score": 1.0, "congestion_level": "free_flow", "color": "rgb(43,200,43)", "road_pixel_count": 82}}, {"type": "Feature", "geometry": {"type": "Polygon", "coordinates": [[[50.09490403903519, 26.35115070287222], [50.09490403903519, 26.3533964808097], [50.09273598105966, 26.35451936977844], [50.09056792308412, 26.3533964808097], [50.09056792308412, 26.35115070287222], [50.09273598105966, 26.350027813903484], [50.09490403903519, 26.35115070287222]]]}, "properties": {"congestion_score": 1.0, "congestion_level": "free_flow", "color": "rgb(43,200,43)", "road_pixel_count": 1122}}, {"type": "Feature", "geometry": {"type": "Polygon", "coordinates": [[[50.09924015498627, 26.35115070287222], [50.09924015498627, 26.3533964808097], [50.09707209701073, 26.35451936977844], [50.09490403903519, 26.3533964808097], [50.09490403903519, 26.35115070287222], [50.09707209701073, 26.350027813903484], [50.09924015498627, 26.35115070287222]]]}, "properties": {"congestion_score": 1.0, "congestion_level": "free_flow", "color": "rgb(43,200,43)", "road_pixel_count": 876}}, {"type": "Feature", "geometry": {"type": "Polygon", "coordinates": [[[50.10357627093734, 26.35115070287222], [50.10357627093734, 26.3533964808097], [50.10140821296181, 26.35451936977844], [50.09924015498627, 26.3533964808097], [50.09924015498627, 26.35115070287222], [50.10140821296181, 26.350027813903484], [50.10357627093734, 26.35115070287222]]]}, "properties": {"congestion_score": 0.794, "congestion_level": "light_congestion", "color": "rgb(255,255,55)", "road_pixel_count": 1381}}, {"type": "Feature", "geometry": {"type": "Polygon", "coordinates": [[[50.107912386888415, 26.35115070287222], [50.107912386888415, 26.3533964808097], [50.10574432891288, 26.35451936977844], [50.10357627093734, 26.3533964808097], [50.10357627093734, 26.35115070287222], [50.10574432891288, 26.350027813903484], [50.107912386888415, 26.35115070287222]]]}, "properties": {"congestion_score": 1.0, "congestion_level": "free_flow", "color": "rgb(43,200,43)", "road_pixel_count": 55}}, {"type": "Feature", "geometry": {"type": "Polygon", "coordinates": [[[50.112248502839485, 26.35115070287222], [50.112248502839485, 26.3533964808097], [50.110080444863954, 26.35451936977844], [50.107912386888415, 26.3533964808097], [50.107912386888415, 26.35115070287222], [50.110080444863954, 26.350027813903484], [50.112248502839485, 26.35115070287222]]]}, "properties": {"congestion_score": 1.0, "congestion_level": "free_flow", "color": "rgb(43,200,43)", "road_pixel_count": 764}}, {"type": "Feature", "geometry": {"type": "Polygon", "coordinates": [[[50.11658461879056, 26.35115070287222], [50.11658461879056, 26.3533964808097], [50.11441656081502, 26.35451936977844], [50.112248502839485, 26.3533964808097], [50.112248502839485, 26.35115070287222], [50.11441656081502, 26.350027813903484], [50.11658461879056, 26.35115070287222]]]}, "properties": {"congestion_score": 1.0, "congestion_level": "free_flow", "color": "rgb(43,200,43)", "road_pixel_count": 505}}, {"type": "Feature", "geometry": {"type": "Polygon", "coordinates": [[[50.12092073474163, 26.35115070287222], [50.12092073474163, 26.3533964808097], [50.1187526767661, 26.35451936977844], [50.11658461879056, 26.3533964808097], [50.11658461879056, 26.35115070287222], [50.1187526767661, 26.350027813903484], [50.12092073474163, 26.35115070287222]]]}, "properties": {"congestion_score": 1.0, "congestion_level": "free_flow", "color": "rgb(43,200,43)", "road_pixel_count": 85}}, {"type": "Feature", "geometry": {"type": "Polygon", "coordinates": [[[50.12525685069271, 26.35115070287222], [50.12525685069271, 26.3533964808097], [50.12308879271717, 26.35451936977844], [50.12092073474163, 26.3533964808097], [50.12092073474163, 26.35115070287222], [50.12308879271717, 26.350027813903484], [50.12525685069271, 26.35115070287222]]]}, "properties": {"congestion_score": 1.0, "congestion_level": "free_flow", "color": "rgb(43,200,43)", "road_pixel_count": 144}}, {"type": "Feature", "geometry": {"type": "Polygon", "coordinates": [[[50.12959296664378, 26.35115070287222], [50.12959296664378, 26.3533964808097], [50.127424908668246, 26.35451936977844], [50.12525685069271, 26.3533964808097], [50.12525685069271, 26.35115070287222], [50.127424908668246, 26.350027813903484], [50.12959296664378, 26.35115070287222]]]}, "properties": {"congestion_score": 1.0, "congestion_level": "free_flow", "color": "rgb(43,200,43)", "road_pixel_count": 834}}, {"type": "Feature", "geometry": {"type": "Polygon", "coordinates": [[[50.133929082594854, 26.35115070287222], [50.133929082594854, 26.3533964808097], [50.131761024619315, 26.35451936977844], [50.12959296664378, 26.3533964808097], [50.12959296664378, 26.35115070287222], [50.131761024619315, 26.350027813903484], [50.133929082594854, 26.35115070287222]]]}, "properties": {"congestion_score": 1.0, "congestion_level": "free_flow", "color": "rgb(43,200,43)", "road_pixel_count": 1453}}, {"type": "Feature", "geometry": {"type": "Polygon", "coordinates": [[[50.13826519854592, 26.35115070287222], [50.13826519854592, 26.3533964808097], [50.13609714057039, 26.35451936977844], [50.133929082594854, 26.3533964808097], [50.133929082594854, 26.35115070287222], [50.13609714057039, 26.350027813903484], [50.13826519854592, 26.35115070287222]]]}, "properties": {"congestion_score": 1.0, "congestion_level": "free_flow", "color": "rgb(43,200,43)", "road_pixel_count": 1757}}, {"type": "Feature", "geometry": {"type": "Polygon", "coordinates": [[[50.142601314497, 26.35115070287222], [50.142601314497, 26.3533964808097], [50.14043325652146, 26.35451936977844], [50.13826519854592, 26.3533964808097], [50.13826519854592, 26.35115070287222], [50.14043325652146, 26.350027813903484], [50.142601314497, 26.35115070287222]]]}, "properties": {"congestion_score": 0.989, "congestion_level": "free_flow", "color": "rgb(43,200,43)", "road_pixel_count": 1623}}, {"type": "Feature", "geometry": {"type": "Polygon", "coordinates": [[[50.14693743044807, 26.35115070287222], [50.14693743044807, 26.3533964808097], [50.14476937247254, 26.35451936977844], [50.142601314497, 26.3533964808097], [50.142601314497, 26.35115070287222], [50.14476937247254, 26.350027813903484], [50.14693743044807, 26.35115070287222]]]}, "properties": {"congestion_score": 0.988, "congestion_level": "free_flow", "color": "rgb(43,200,43)", "road_pixel_count": 1289}}, {"type": "Feature", "geometry": {"type": "Polygon", "coordinates": [[[50.151273546399146, 26.35115070287222], [50.151273546399146, 26.3533964808097], [50.14910548842361, 26.35451936977844], [50.14693743044807, 26.3533964808097], [50.14693743044807, 26.35115070287222], [50.14910548842361, 26.350027813903484], [50.151273546399146, 26.35115070287222]]]}, "properties": {"congestion_score": 1.0, "congestion_level": "free_flow", "color": "rgb(43,200,43)", "road_pixel_count": 894}}, {"type": "Feature", "geometry": {"type": "Polygon", "coordinates": [[[50.155609662350216, 26.35115070287222], [50.155609662350216, 26.3533964808097], [50.153441604374684, 26.35451936977844], [50.151273546399146, 26.3533964808097], [50.151273546399146, 26.35115070287222], [50.153441604374684, 26.350027813903484], [50.155609662350216, 26.35115070287222]]]}, "properties": {"congestion_score": 0.974, "congestion_level": "free_flow", "color": "rgb(43,200,43)", "road_pixel_count": 1008}}, {"type": "Feature", "geometry": {"type": "Polygon", "coordinates": [[[50.15994577830129, 26.35115070287222], [50.15994577830129, 26.3533964808097], [50.157777720325754, 26.35451936977844], [50.155609662350216, 26.3533964808097], [50.155609662350216, 26.35115070287222], [50.157777720325754, 26.350027813903484], [50.15994577830129, 26.35115070287222]]]}, "properties": {"congestion_score": 1.0, "congestion_level": "free_flow", "color": "rgb(43,200,43)", "road_pixel_count": 657}}, {"type": "Feature", "geometry": {"type": "Polygon", "coordinates": [[[50.181626358056654, 26.35115070287222], [50.181626358056654, 26.3533964808097], [50.17945830008112, 26.35451936977844], [50.177290242105585, 26.3533964808097], [50.177290242105585, 26.35115070287222], [50.17945830008112, 26.350027813903484], [50.181626358056654, 26.35115070287222]]]}, "properties": {"congestion_score": 1.0, "congestion_level": "free_flow", "color": "rgb(43,200,43)", "road_pixel_count": 1202}}, {"type": "Feature", "geometry": {"type": "Polygon", "coordinates": [[[50.18596247400773, 26.35115070287222], [50.18596247400773, 26.3533964808097], [50.18379441603219, 26.35451936977844], [50.181626358056654, 26.3533964808097], [50.181626358056654, 26.35115070287222], [50.18379441603219, 26.350027813903484], [50.18596247400773, 26.35115070287222]]]}, "properties": {"congestion_score": 1.0, "congestion_level": "free_flow", "color": "rgb(43,200,43)", "road_pixel_count": 518}}, {"type": "Feature", "geometry": {"type": "Polygon", "coordinates": [[[50.1902985899588, 26.35115070287222], [50.1902985899588, 26.3533964808097], [50.18813053198327, 26.35451936977844], [50.18596247400773, 26.3533964808097], [50.18596247400773, 26.35115070287222], [50.18813053198327, 26.350027813903484], [50.1902985899588, 26.35115070287222]]]}, "properties": {"congestion_score": 1.0, "congestion_level": "free_flow", "color": "rgb(43,200,43)", "road_pixel_count": 475}}, {"type": "Feature", "geometry": {"type": "Polygon", "coordinates": [[[50.19463470590988, 26.35115070287222], [50.19463470590988, 26.3533964808097], [50.19246664793434, 26.35451936977844], [50.1902985899588, 26.3533964808097], [50.1902985899588, 26.35115070287222], [50.19246664793434, 26.350027813903484], [50.19463470590988, 26.35115070287222]]]}, "properties": {"congestion_score": 0.993, "congestion_level": "free_flow", "color": "rgb(43,200,43)", "road_pixel_count": 1644}}, {"type": "Feature", "geometry": {"type": "Polygon", "coordinates": [[[50.19897082186095, 26.35115070287222], [50.19897082186095, 26.3533964808097], [50.196802763885415, 26.35451936977844], [50.19463470590988, 26.3533964808097], [50.19463470590988, 26.35115070287222], [50.196802763885415, 26.350027813903484], [50.19897082186095, 26.35115070287222]]]}, "properties": {"congestion_score": 0.982, "congestion_level": "free_flow", "color": "rgb(43,200,43)", "road_pixel_count": 1197}}, {"type": "Feature", "geometry": {"type": "Polygon", "coordinates": [[[50.20330693781202, 26.35115070287222], [50.20330693781202, 26.3533964808097], [50.201138879836485, 26.35451936977844], [50.19897082186095, 26.3533964808097], [50.19897082186095, 26.35115070287222], [50.201138879836485, 26.350027813903484], [50.20330693781202, 26.35115070287222]]]}, "properties": {"congestion_score": 0.976, "congestion_level": "free_flow", "color": "rgb(43,200,43)", "road_pixel_count": 1397}}, {"type": "Feature", "geometry": {"type": "Polygon", "coordinates": [[[50.20764305376309, 26.35115070287222], [50.20764305376309, 26.3533964808097], [50.20547499578756, 26.35451936977844], [50.20330693781202, 26.3533964808097], [50.20330693781202, 26.35115070287222], [50.20547499578756, 26.350027813903484], [50.20764305376309, 26.35115070287222]]]}, "properties": {"congestion_score": 0.963, "congestion_level": "free_flow", "color": "rgb(43,200,43)", "road_pixel_count": 1387}}, {"type": "Feature", "geometry": {"type": "Polygon", "coordinates": [[[50.21197916971417, 26.35115070287222], [50.21197916971417, 26.3533964808097], [50.20981111173863, 26.35451936977844], [50.20764305376309, 26.3533964808097], [50.20764305376309, 26.35115070287222], [50.20981111173863, 26.350027813903484], [50.21197916971417, 26.35115070287222]]]}, "properties": {"congestion_score": 1.0, "congestion_level": "free_flow", "color": "rgb(43,200,43)", "road_pixel_count": 869}}, {"type": "Feature", "geometry": {"type": "Polygon", "coordinates": [[[50.220651401616315, 26.35115070287222], [50.220651401616315, 26.3533964808097], [50.21848334364078, 26.35451936977844], [50.21631528566524, 26.3533964808097], [50.21631528566524, 26.35115070287222], [50.21848334364078, 26.350027813903484], [50.220651401616315, 26.35115070287222]]]}, "properties": {"congestion_score": 1.0, "congestion_level": "free_flow", "color": "rgb(43,200,43)", "road_pixel_count": 659}}, {"type": "Feature", "geometry": {"type": "Polygon", "coordinates": [[[50.224987517567385, 26.35115070287222], [50.224987517567385, 26.3533964808097], [50.222819459591854, 26.35451936977844], [50.220651401616315, 26.3533964808097], [50.220651401616315, 26.35115070287222], [50.222819459591854, 26.350027813903484], [50.224987517567385, 26.35115070287222]]]}, "properties": {"congestion_score": 1.0, "congestion_level": "free_flow", "color": "rgb(43,200,43)", "road_pixel_count": 429}}, {"type": "Feature", "geometry": {"type": "Polygon", "coordinates": [[[50.22932363351846, 26.35115070287222], [50.22932363351846, 26.3533964808097], [50.22715557554292, 26.35451936977844], [50.224987517567385, 26.3533964808097], [50.224987517567385, 26.35115070287222], [50.22715557554292, 26.350027813903484], [50.22932363351846, 26.35115070287222]]]}, "properties": {"congestion_score": 1.0, "congestion_level": "free_flow", "color": "rgb(43,200,43)", "road_pixel_count": 436}}, {"type": "Feature", "geometry": {"type": "Polygon", "coordinates": [[[50.23365974946953, 26.35115070287222], [50.23365974946953, 26.3533964808097], [50.231491691494, 26.35451936977844], [50.22932363351846, 26.3533964808097], [50.22932363351846, 26.35115070287222], [50.231491691494, 26.350027813903484], [50.23365974946953, 26.35115070287222]]]}, "properties": {"congestion_score": 1.0, "congestion_level": "free_flow", "color": "rgb(43,200,43)", "road_pixel_count": 239}}]}